2025-06-08 00:06:53 - Starting setup
Docker already installed
Creating disk file docker_data/disk.img
Pulling Docker image nginx:latest
Cannot connect to the Docker daemon at unix:///var/run/docker.sock. Is the docker daemon running?
2025-06-08 00:10:42 - Starting setup
Docker already installed
Creating disk file docker_data/disk.img
Pulling Docker image nginx:latest
latest: Pulling from library/nginx
61320b01ae5e: Pulling fs layer
670a101d432b: Pulling fs layer
405bd2df85b6: Pulling fs layer
cc80efff8457: Pulling fs layer
2b9310b2ee4b: Pulling fs layer
6c4aa022e8e1: Pulling fs layer
abddc69cb49d: Pulling fs layer
cc80efff8457: Waiting
6c4aa022e8e1: Waiting
abddc69cb49d: Waiting
2b9310b2ee4b: Waiting
405bd2df85b6: Verifying Checksum
405bd2df85b6: Download complete
cc80efff8457: Download complete
2b9310b2ee4b: Verifying Checksum
2b9310b2ee4b: Download complete
61320b01ae5e: Verifying Checksum
61320b01ae5e: Download complete
6c4aa022e8e1: Verifying Checksum
6c4aa022e8e1: Download complete
abddc69cb49d: Verifying Checksum
abddc69cb49d: Download complete
670a101d432b: Verifying Checksum
670a101d432b: Download complete
61320b01ae5e: Pull complete
670a101d432b: Pull complete
405bd2df85b6: Pull complete
cc80efff8457: Pull complete
2b9310b2ee4b: Pull complete
6c4aa022e8e1: Pull complete
abddc69cb49d: Pull complete
Digest: sha256:fb39280b7b9eba5727c884a3c7810002e69e8f961cc373b89c92f14961d903a0
Status: Downloaded newer image for nginx:latest
docker.io/library/nginx:latest
Starting container my-nginx
a98cbb9b9247d9149e9a613d56e9297764ae548de2436132809493eb98736302
2025-06-08 00:10:46 - Setup complete
2025-06-08 00:54:58 - Starting setup
Docker already installed
Creating disk file docker_data/disk.img
Pulling Docker image nginx:latest
latest: Pulling from library/nginx
61320b01ae5e: Pulling fs layer
670a101d432b: Pulling fs layer
405bd2df85b6: Pulling fs layer
cc80efff8457: Pulling fs layer
2b9310b2ee4b: Pulling fs layer
6c4aa022e8e1: Pulling fs layer
abddc69cb49d: Pulling fs layer
2b9310b2ee4b: Waiting
6c4aa022e8e1: Waiting
abddc69cb49d: Waiting
cc80efff8457: Waiting
405bd2df85b6: Verifying Checksum
405bd2df85b6: Download complete
cc80efff8457: Verifying Checksum
cc80efff8457: Download complete
2b9310b2ee4b: Verifying Checksum
2b9310b2ee4b: Download complete
61320b01ae5e: Verifying Checksum
61320b01ae5e: Download complete
6c4aa022e8e1: Verifying Checksum
6c4aa022e8e1: Download complete
abddc69cb49d: Verifying Checksum
abddc69cb49d: Download complete
670a101d432b: Verifying Checksum
670a101d432b: Download complete
61320b01ae5e: Pull complete
670a101d432b: Pull complete
405bd2df85b6: Pull complete
cc80efff8457: Pull complete
2b9310b2ee4b: Pull complete
6c4aa022e8e1: Pull complete
abddc69cb49d: Pull complete
Digest: sha256:fb39280b7b9eba5727c884a3c7810002e69e8f961cc373b89c92f14961d903a0
Status: Downloaded newer image for nginx:latest
docker.io/library/nginx:latest
Starting container my-nginx
6f362a326332fdd0e9a6756866c7cfec72420e3f49a92404f825d3a9a39b00ec
2025-06-08 00:55:02 - Setup complete
2025-06-08 02:55:42 - Starting setup
Docker already installed
Creating disk file docker_data/disk.img
Pulling Docker image nginx:latest
latest: Pulling from library/nginx
61320b01ae5e: Pulling fs layer
670a101d432b: Pulling fs layer
405bd2df85b6: Pulling fs layer
cc80efff8457: Pulling fs layer
2b9310b2ee4b: Pulling fs layer
6c4aa022e8e1: Pulling fs layer
abddc69cb49d: Pulling fs layer
cc80efff8457: Waiting
2b9310b2ee4b: Waiting
6c4aa022e8e1: Waiting
abddc69cb49d: Waiting
405bd2df85b6: Verifying Checksum
405bd2df85b6: Download complete
cc80efff8457: Verifying Checksum
cc80efff8457: Download complete
2b9310b2ee4b: Verifying Checksum
2b9310b2ee4b: Download complete
61320b01ae5e: Verifying Checksum
61320b01ae5e: Download complete
670a101d432b: Verifying Checksum
670a101d432b: Download complete
6c4aa022e8e1: Verifying Checksum
6c4aa022e8e1: Download complete
abddc69cb49d: Verifying Checksum
abddc69cb49d: Download complete
61320b01ae5e: Pull complete
670a101d432b: Pull complete
405bd2df85b6: Pull complete
cc80efff8457: Pull complete
2b9310b2ee4b: Pull complete
6c4aa022e8e1: Pull complete
abddc69cb49d: Pull complete
Digest: sha256:fb39280b7b9eba5727c884a3c7810002e69e8f961cc373b89c92f14961d903a0
Status: Downloaded newer image for nginx:latest
docker.io/library/nginx:latest
Starting container my-nginx
0e1f2571ff1e2085b7d397cec3dba379043103b099c7368924e824bdaad53633
2025-06-08 02:55:46 - Setup complete
2025-06-08 03:55:42 - Starting setup
Docker already installed
Creating disk file docker_data/disk.img
Pulling Docker image nginx:latest
latest: Pulling from library/nginx
61320b01ae5e: Pulling fs layer
670a101d432b: Pulling fs layer
405bd2df85b6: Pulling fs layer
cc80efff8457: Pulling fs layer
2b9310b2ee4b: Pulling fs layer
6c4aa022e8e1: Pulling fs layer
abddc69cb49d: Pulling fs layer
cc80efff8457: Waiting
2b9310b2ee4b: Waiting
6c4aa022e8e1: Waiting
abddc69cb49d: Waiting
405bd2df85b6: Verifying Checksum
405bd2df85b6: Download complete
61320b01ae5e: Verifying Checksum
61320b01ae5e: Download complete
cc80efff8457: Verifying Checksum
cc80efff8457: Download complete
670a101d432b: Download complete
2b9310b2ee4b: Verifying Checksum
2b9310b2ee4b: Download complete
6c4aa022e8e1: Download complete
abddc69cb49d: Verifying Checksum
abddc69cb49d: Download complete
61320b01ae5e: Pull complete
670a101d432b: Pull complete
405bd2df85b6: Pull complete
cc80efff8457: Pull complete
2b9310b2ee4b: Pull complete
6c4aa022e8e1: Pull complete
abddc69cb49d: Pull complete
Digest: sha256:fb39280b7b9eba5727c884a3c7810002e69e8f961cc373b89c92f14961d903a0
Status: Downloaded newer image for nginx:latest
docker.io/library/nginx:latest
Starting container my-nginx
62923521e365325671425ccef3c1524b273de53402b5bdde7b4d409fe8c7b375
2025-06-08 03:55:47 - Setup complete
2025-06-08 04:35:49 - Starting setup
Docker already installed
Creating disk file docker_data/disk.img
Pulling Docker image nginx:latest
latest: Pulling from library/nginx
61320b01ae5e: Pulling fs layer
670a101d432b: Pulling fs layer
405bd2df85b6: Pulling fs layer
cc80efff8457: Pulling fs layer
2b9310b2ee4b: Pulling fs layer
6c4aa022e8e1: Pulling fs layer
abddc69cb49d: Pulling fs layer
2b9310b2ee4b: Waiting
6c4aa022e8e1: Waiting
405bd2df85b6: Verifying Checksum
405bd2df85b6: Download complete
61320b01ae5e: Verifying Checksum
61320b01ae5e: Download complete
cc80efff8457: Verifying Checksum
cc80efff8457: Download complete
670a101d432b: Verifying Checksum
670a101d432b: Download complete
2b9310b2ee4b: Verifying Checksum
2b9310b2ee4b: Download complete
6c4aa022e8e1: Verifying Checksum
6c4aa022e8e1: Download complete
abddc69cb49d: Verifying Checksum
abddc69cb49d: Download complete
61320b01ae5e: Pull complete
670a101d432b: Pull complete
405bd2df85b6: Pull complete
cc80efff8457: Pull complete
2b9310b2ee4b: Pull complete
6c4aa022e8e1: Pull complete
abddc69cb49d: Pull complete
Digest: sha256:fb39280b7b9eba5727c884a3c7810002e69e8f961cc373b89c92f14961d903a0
Status: Downloaded newer image for nginx:latest
docker.io/library/nginx:latest
Starting container my-nginx
5562a6b5261ddba8716b68dce7469cf76fcfaca8c1dd33798d4987a8cf63bc49
2025-06-08 04:35:56 - Setup complete
2025-06-08 05:25:01 - Starting setup
Docker already installed
Creating disk file docker_data/disk.img
Pulling Docker image nginx:latest
latest: Pulling from library/nginx
61320b01ae5e: Pulling fs layer
670a101d432b: Pulling fs layer
405bd2df85b6: Pulling fs layer
cc80efff8457: Pulling fs layer
2b9310b2ee4b: Pulling fs layer
6c4aa022e8e1: Pulling fs layer
abddc69cb49d: Pulling fs layer
2b9310b2ee4b: Waiting
6c4aa022e8e1: Waiting
abddc69cb49d: Waiting
cc80efff8457: Waiting
405bd2df85b6: Download complete
cc80efff8457: Download complete
61320b01ae5e: Verifying Checksum
61320b01ae5e: Download complete
670a101d432b: Verifying Checksum
670a101d432b: Download complete
6c4aa022e8e1: Verifying Checksum
6c4aa022e8e1: Download complete
2b9310b2ee4b: Download complete
abddc69cb49d: Verifying Checksum
abddc69cb49d: Download complete
61320b01ae5e: Pull complete
670a101d432b: Pull complete
405bd2df85b6: Pull complete
cc80efff8457: Pull complete
2b9310b2ee4b: Pull complete
6c4aa022e8e1: Pull complete
abddc69cb49d: Pull complete
Digest: sha256:fb39280b7b9eba5727c884a3c7810002e69e8f961cc373b89c92f14961d903a0
Status: Downloaded newer image for nginx:latest
docker.io/library/nginx:latest
Starting container my-nginx
13e4d1d6b4c60ec28cbc0748c8c60cbef700e30f69129d293339fd1c1f554785
2025-06-08 05:25:05 - Setup complete
2025-06-08 06:34:30 - Starting setup
Docker already installed
Creating disk file docker_data/disk.img
Pulling Docker image nginx:latest
latest: Pulling from library/nginx
61320b01ae5e: Pulling fs layer
670a101d432b: Pulling fs layer
405bd2df85b6: Pulling fs layer
cc80efff8457: Pulling fs layer
2b9310b2ee4b: Pulling fs layer
6c4aa022e8e1: Pulling fs layer
abddc69cb49d: Pulling fs layer
2b9310b2ee4b: Waiting
abddc69cb49d: Waiting
cc80efff8457: Waiting
6c4aa022e8e1: Waiting
405bd2df85b6: Verifying Checksum
405bd2df85b6: Download complete
61320b01ae5e: Verifying Checksum
61320b01ae5e: Download complete
cc80efff8457: Download complete
670a101d432b: Verifying Checksum
670a101d432b: Download complete
2b9310b2ee4b: Verifying Checksum
2b9310b2ee4b: Download complete
6c4aa022e8e1: Verifying Checksum
6c4aa022e8e1: Download complete
abddc69cb49d: Verifying Checksum
abddc69cb49d: Download complete
61320b01ae5e: Pull complete
670a101d432b: Pull complete
405bd2df85b6: Pull complete
cc80efff8457: Pull complete
2b9310b2ee4b: Pull complete
6c4aa022e8e1: Pull complete
abddc69cb49d: Pull complete
Digest: sha256:fb39280b7b9eba5727c884a3c7810002e69e8f961cc373b89c92f14961d903a0
Status: Downloaded newer image for nginx:latest
docker.io/library/nginx:latest
Starting container my-nginx
6bc2c07879abfdfa07d5ea80cdf6ddec3120f83995dc71420655c0b05255ea70
2025-06-08 06:34:37 - Setup complete
2025-06-08 07:21:50 - Starting setup
Docker already installed
Creating disk file docker_data/disk.img
Pulling Docker image nginx:latest
latest: Pulling from library/nginx
61320b01ae5e: Pulling fs layer
670a101d432b: Pulling fs layer
405bd2df85b6: Pulling fs layer
cc80efff8457: Pulling fs layer
2b9310b2ee4b: Pulling fs layer
6c4aa022e8e1: Pulling fs layer
abddc69cb49d: Pulling fs layer
cc80efff8457: Waiting
2b9310b2ee4b: Waiting
6c4aa022e8e1: Waiting
abddc69cb49d: Waiting
405bd2df85b6: Verifying Checksum
405bd2df85b6: Download complete
61320b01ae5e: Verifying Checksum
61320b01ae5e: Download complete
670a101d432b: Verifying Checksum
670a101d432b: Download complete
cc80efff8457: Verifying Checksum
cc80efff8457: Download complete
2b9310b2ee4b: Download complete
6c4aa022e8e1: Verifying Checksum
6c4aa022e8e1: Download complete
abddc69cb49d: Verifying Checksum
abddc69cb49d: Download complete
61320b01ae5e: Pull complete
670a101d432b: Pull complete
405bd2df85b6: Pull complete
cc80efff8457: Pull complete
2b9310b2ee4b: Pull complete
6c4aa022e8e1: Pull complete
abddc69cb49d: Pull complete
Digest: sha256:fb39280b7b9eba5727c884a3c7810002e69e8f961cc373b89c92f14961d903a0
Status: Downloaded newer image for nginx:latest
docker.io/library/nginx:latest
Starting container my-nginx
048c5050c002d25c18826c5941dc0a753091022e26441ef4c3e5f463946a6b96
2025-06-08 07:21:55 - Setup complete
2025-06-08 08:29:32 - Starting setup
Docker already installed
Creating disk file docker_data/disk.img
Pulling Docker image nginx:latest
latest: Pulling from library/nginx
61320b01ae5e: Pulling fs layer
670a101d432b: Pulling fs layer
405bd2df85b6: Pulling fs layer
cc80efff8457: Pulling fs layer
2b9310b2ee4b: Pulling fs layer
6c4aa022e8e1: Pulling fs layer
abddc69cb49d: Pulling fs layer
cc80efff8457: Waiting
2b9310b2ee4b: Waiting
6c4aa022e8e1: Waiting
abddc69cb49d: Waiting
405bd2df85b6: Verifying Checksum
405bd2df85b6: Download complete
cc80efff8457: Verifying Checksum
cc80efff8457: Download complete
61320b01ae5e: Verifying Checksum
61320b01ae5e: Download complete
670a101d432b: Verifying Checksum
670a101d432b: Download complete
2b9310b2ee4b: Verifying Checksum
2b9310b2ee4b: Download complete
6c4aa022e8e1: Verifying Checksum
6c4aa022e8e1: Download complete
61320b01ae5e: Pull complete
670a101d432b: Pull complete
405bd2df85b6: Pull complete
cc80efff8457: Pull complete
2b9310b2ee4b: Pull complete
6c4aa022e8e1: Pull complete
abddc69cb49d: Pull complete
Digest: sha256:fb39280b7b9eba5727c884a3c7810002e69e8f961cc373b89c92f14961d903a0
Status: Downloaded newer image for nginx:latest
docker.io/library/nginx:latest
Starting container my-nginx
c2e98a40c9cf1a38ed336d6dc67ee76125adae51dbccb80aa76af334a4ac47fc
2025-06-08 08:29:36 - Setup complete
2025-06-08 09:24:11 - Starting setup
Docker already installed
Creating disk file docker_data/disk.img
Pulling Docker image nginx:latest
latest: Pulling from library/nginx
61320b01ae5e: Pulling fs layer
670a101d432b: Pulling fs layer
405bd2df85b6: Pulling fs layer
cc80efff8457: Pulling fs layer
2b9310b2ee4b: Pulling fs layer
6c4aa022e8e1: Pulling fs layer
abddc69cb49d: Pulling fs layer
cc80efff8457: Waiting
2b9310b2ee4b: Waiting
6c4aa022e8e1: Waiting
abddc69cb49d: Waiting
405bd2df85b6: Verifying Checksum
405bd2df85b6: Download complete
61320b01ae5e: Download complete
670a101d432b: Verifying Checksum
670a101d432b: Download complete
cc80efff8457: Download complete
2b9310b2ee4b: Verifying Checksum
2b9310b2ee4b: Download complete
6c4aa022e8e1: Verifying Checksum
6c4aa022e8e1: Download complete
abddc69cb49d: Verifying Checksum
abddc69cb49d: Download complete
61320b01ae5e: Pull complete
670a101d432b: Pull complete
405bd2df85b6: Pull complete
cc80efff8457: Pull complete
2b9310b2ee4b: Pull complete
6c4aa022e8e1: Pull complete
abddc69cb49d: Pull complete
Digest: sha256:fb39280b7b9eba5727c884a3c7810002e69e8f961cc373b89c92f14961d903a0
Status: Downloaded newer image for nginx:latest
docker.io/library/nginx:latest
Starting container my-nginx
9e844f91b856f736e722a799349357d9dde92a3a0ddf8683183d7d59f058455c
2025-06-08 09:24:18 - Setup complete
2025-06-08 10:24:27 - Starting setup
Docker already installed
Creating disk file docker_data/disk.img
Pulling Docker image nginx:latest
latest: Pulling from library/nginx
61320b01ae5e: Pulling fs layer
670a101d432b: Pulling fs layer
405bd2df85b6: Pulling fs layer
cc80efff8457: Pulling fs layer
2b9310b2ee4b: Pulling fs layer
6c4aa022e8e1: Pulling fs layer
abddc69cb49d: Pulling fs layer
2b9310b2ee4b: Waiting
6c4aa022e8e1: Waiting
abddc69cb49d: Waiting
cc80efff8457: Waiting
405bd2df85b6: Verifying Checksum
405bd2df85b6: Download complete
cc80efff8457: Verifying Checksum
cc80efff8457: Download complete
670a101d432b: Verifying Checksum
670a101d432b: Download complete
2b9310b2ee4b: Verifying Checksum
2b9310b2ee4b: Download complete
61320b01ae5e: Verifying Checksum
61320b01ae5e: Download complete
abddc69cb49d: Verifying Checksum
abddc69cb49d: Download complete
6c4aa022e8e1: Verifying Checksum
6c4aa022e8e1: Download complete
61320b01ae5e: Pull complete
670a101d432b: Pull complete
405bd2df85b6: Pull complete
cc80efff8457: Pull complete
2b9310b2ee4b: Pull complete
6c4aa022e8e1: Pull complete
abddc69cb49d: Pull complete
Digest: sha256:fb39280b7b9eba5727c884a3c7810002e69e8f961cc373b89c92f14961d903a0
Status: Downloaded newer image for nginx:latest
docker.io/library/nginx:latest
Starting container my-nginx
4cd14f7bf5acd7127290981441ba41934e1f369d2a4883e37aa7d8addfbd82c5
2025-06-08 10:24:31 - Setup complete
2025-06-08 11:18:38 - Starting setup
Docker already installed
Creating disk file docker_data/disk.img
Pulling Docker image nginx:latest
latest: Pulling from library/nginx
61320b01ae5e: Pulling fs layer
670a101d432b: Pulling fs layer
405bd2df85b6: Pulling fs layer
cc80efff8457: Pulling fs layer
2b9310b2ee4b: Pulling fs layer
6c4aa022e8e1: Pulling fs layer
abddc69cb49d: Pulling fs layer
cc80efff8457: Waiting
2b9310b2ee4b: Waiting
6c4aa022e8e1: Waiting
abddc69cb49d: Waiting
405bd2df85b6: Download complete
61320b01ae5e: Verifying Checksum
61320b01ae5e: Download complete
670a101d432b: Verifying Checksum
670a101d432b: Download complete
cc80efff8457: Verifying Checksum
cc80efff8457: Download complete
2b9310b2ee4b: Download complete
6c4aa022e8e1: Verifying Checksum
6c4aa022e8e1: Download complete
abddc69cb49d: Verifying Checksum
abddc69cb49d: Download complete
61320b01ae5e: Pull complete
670a101d432b: Pull complete
405bd2df85b6: Pull complete
cc80efff8457: Pull complete
2b9310b2ee4b: Pull complete
6c4aa022e8e1: Pull complete
abddc69cb49d: Pull complete
Digest: sha256:fb39280b7b9eba5727c884a3c7810002e69e8f961cc373b89c92f14961d903a0
Status: Downloaded newer image for nginx:latest
docker.io/library/nginx:latest
Starting container my-nginx
4b028ce233bad3faa34073b18174d7f3b099ade04c2267e2eeb6b9e3d2536668
2025-06-08 11:18:43 - Setup complete
2025-06-08 12:47:00 - Starting setup
Docker already installed
Creating disk file docker_data/disk.img
Pulling Docker image nginx:latest
latest: Pulling from library/nginx
61320b01ae5e: Pulling fs layer
670a101d432b: Pulling fs layer
405bd2df85b6: Pulling fs layer
cc80efff8457: Pulling fs layer
2b9310b2ee4b: Pulling fs layer
6c4aa022e8e1: Pulling fs layer
abddc69cb49d: Pulling fs layer
cc80efff8457: Waiting
2b9310b2ee4b: Waiting
abddc69cb49d: Waiting
6c4aa022e8e1: Waiting
405bd2df85b6: Download complete
cc80efff8457: Verifying Checksum
cc80efff8457: Download complete
2b9310b2ee4b: Download complete
61320b01ae5e: Verifying Checksum
61320b01ae5e: Download complete
6c4aa022e8e1: Verifying Checksum
6c4aa022e8e1: Download complete
670a101d432b: Verifying Checksum
670a101d432b: Download complete
abddc69cb49d: Download complete
61320b01ae5e: Pull complete
670a101d432b: Pull complete
405bd2df85b6: Pull complete
cc80efff8457: Pull complete
2b9310b2ee4b: Pull complete
6c4aa022e8e1: Pull complete
abddc69cb49d: Pull complete
Digest: sha256:fb39280b7b9eba5727c884a3c7810002e69e8f961cc373b89c92f14961d903a0
Status: Downloaded newer image for nginx:latest
docker.io/library/nginx:latest
Starting container my-nginx
ab2d3c8b61d18237aab802e7cbe9d697146afa5b52c0dd420e72702b2e196858
2025-06-08 12:47:04 - Setup complete
2025-06-08 13:30:38 - Starting setup
Docker already installed
Creating disk file docker_data/disk.img
Pulling Docker image nginx:latest
latest: Pulling from library/nginx
61320b01ae5e: Pulling fs layer
670a101d432b: Pulling fs layer
405bd2df85b6: Pulling fs layer
cc80efff8457: Pulling fs layer
2b9310b2ee4b: Pulling fs layer
6c4aa022e8e1: Pulling fs layer
abddc69cb49d: Pulling fs layer
2b9310b2ee4b: Waiting
6c4aa022e8e1: Waiting
abddc69cb49d: Waiting
cc80efff8457: Waiting
405bd2df85b6: Verifying Checksum
405bd2df85b6: Download complete
cc80efff8457: Verifying Checksum
cc80efff8457: Download complete
61320b01ae5e: Verifying Checksum
61320b01ae5e: Download complete
2b9310b2ee4b: Verifying Checksum
2b9310b2ee4b: Download complete
abddc69cb49d: Verifying Checksum
abddc69cb49d: Download complete
670a101d432b: Download complete
6c4aa022e8e1: Download complete
61320b01ae5e: Pull complete
670a101d432b: Pull complete
405bd2df85b6: Pull complete
cc80efff8457: Pull complete
2b9310b2ee4b: Pull complete
6c4aa022e8e1: Pull complete
abddc69cb49d: Pull complete
Digest: sha256:fb39280b7b9eba5727c884a3c7810002e69e8f961cc373b89c92f14961d903a0
Status: Downloaded newer image for nginx:latest
docker.io/library/nginx:latest
Starting container my-nginx
d19f5492b49fd26dcadc92a59ac2946a5dc929b495c44b8f7fb15f69c311cac9
2025-06-08 13:30:42 - Setup complete
2025-06-08 14:20:44 - Starting setup
Docker already installed
Creating disk file docker_data/disk.img
Pulling Docker image nginx:latest
latest: Pulling from library/nginx
61320b01ae5e: Pulling fs layer
670a101d432b: Pulling fs layer
405bd2df85b6: Pulling fs layer
cc80efff8457: Pulling fs layer
2b9310b2ee4b: Pulling fs layer
6c4aa022e8e1: Pulling fs layer
abddc69cb49d: Pulling fs layer
2b9310b2ee4b: Waiting
6c4aa022e8e1: Waiting
abddc69cb49d: Waiting
cc80efff8457: Waiting
405bd2df85b6: Verifying Checksum
405bd2df85b6: Download complete
cc80efff8457: Verifying Checksum
cc80efff8457: Download complete
2b9310b2ee4b: Verifying Checksum
2b9310b2ee4b: Download complete
61320b01ae5e: Verifying Checksum
61320b01ae5e: Download complete
6c4aa022e8e1: Verifying Checksum
6c4aa022e8e1: Download complete
670a101d432b: Verifying Checksum
670a101d432b: Download complete
abddc69cb49d: Verifying Checksum
abddc69cb49d: Download complete
61320b01ae5e: Pull complete
670a101d432b: Pull complete
405bd2df85b6: Pull complete
cc80efff8457: Pull complete
2b9310b2ee4b: Pull complete
6c4aa022e8e1: Pull complete
abddc69cb49d: Pull complete
Digest: sha256:fb39280b7b9eba5727c884a3c7810002e69e8f961cc373b89c92f14961d903a0
Status: Downloaded newer image for nginx:latest
docker.io/library/nginx:latest
Starting container my-nginx
5f101895715bf4d6a0b0e8b7d3c563c6fa3c96c8bb35847632a29cdb5ea3a959
2025-06-08 14:20:48 - Setup complete
2025-06-08 15:26:30 - Starting setup
Docker already installed
Creating disk file docker_data/disk.img
Pulling Docker image nginx:latest
latest: Pulling from library/nginx
61320b01ae5e: Pulling fs layer
670a101d432b: Pulling fs layer
405bd2df85b6: Pulling fs layer
cc80efff8457: Pulling fs layer
2b9310b2ee4b: Pulling fs layer
6c4aa022e8e1: Pulling fs layer
abddc69cb49d: Pulling fs layer
2b9310b2ee4b: Waiting
6c4aa022e8e1: Waiting
abddc69cb49d: Waiting
cc80efff8457: Waiting
405bd2df85b6: Verifying Checksum
405bd2df85b6: Download complete
61320b01ae5e: Verifying Checksum
61320b01ae5e: Download complete
670a101d432b: Verifying Checksum
670a101d432b: Download complete
cc80efff8457: Verifying Checksum
cc80efff8457: Download complete
2b9310b2ee4b: Verifying Checksum
2b9310b2ee4b: Download complete
6c4aa022e8e1: Verifying Checksum
6c4aa022e8e1: Download complete
abddc69cb49d: Verifying Checksum
abddc69cb49d: Download complete
61320b01ae5e: Pull complete
670a101d432b: Pull complete
405bd2df85b6: Pull complete
cc80efff8457: Pull complete
2b9310b2ee4b: Pull complete
6c4aa022e8e1: Pull complete
abddc69cb49d: Pull complete
Digest: sha256:fb39280b7b9eba5727c884a3c7810002e69e8f961cc373b89c92f14961d903a0
Status: Downloaded newer image for nginx:latest
docker.io/library/nginx:latest
Starting container my-nginx
0aead32f46306e1e6c617d227248eb18eaa9a11679df8e24397bd0461bbc003f
2025-06-08 15:26:35 - Setup complete
2025-06-08 16:28:05 - Starting setup
Docker already installed
Creating disk file docker_data/disk.img
Pulling Docker image nginx:latest
latest: Pulling from library/nginx
61320b01ae5e: Pulling fs layer
670a101d432b: Pulling fs layer
405bd2df85b6: Pulling fs layer
cc80efff8457: Pulling fs layer
2b9310b2ee4b: Pulling fs layer
6c4aa022e8e1: Pulling fs layer
abddc69cb49d: Pulling fs layer
2b9310b2ee4b: Waiting
abddc69cb49d: Waiting
6c4aa022e8e1: Waiting
405bd2df85b6: Verifying Checksum
405bd2df85b6: Download complete
cc80efff8457: Verifying Checksum
cc80efff8457: Download complete
2b9310b2ee4b: Verifying Checksum
2b9310b2ee4b: Download complete
61320b01ae5e: Verifying Checksum
61320b01ae5e: Download complete
670a101d432b: Verifying Checksum
670a101d432b: Download complete
6c4aa022e8e1: Download complete
abddc69cb49d: Download complete
61320b01ae5e: Pull complete
670a101d432b: Pull complete
405bd2df85b6: Pull complete
cc80efff8457: Pull complete
2b9310b2ee4b: Pull complete
6c4aa022e8e1: Pull complete
abddc69cb49d: Pull complete
Digest: sha256:fb39280b7b9eba5727c884a3c7810002e69e8f961cc373b89c92f14961d903a0
Status: Downloaded newer image for nginx:latest
docker.io/library/nginx:latest
Starting container my-nginx
d5dfcf27b47717d77476faffb2c196d51eb66dcec3669d944b55dba227026e94
2025-06-08 16:28:10 - Setup complete
2025-06-08 17:19:43 - Starting setup
Docker already installed
Creating disk file docker_data/disk.img
Pulling Docker image nginx:latest
latest: Pulling from library/nginx
61320b01ae5e: Pulling fs layer
670a101d432b: Pulling fs layer
405bd2df85b6: Pulling fs layer
cc80efff8457: Pulling fs layer
2b9310b2ee4b: Pulling fs layer
6c4aa022e8e1: Pulling fs layer
abddc69cb49d: Pulling fs layer
2b9310b2ee4b: Waiting
6c4aa022e8e1: Waiting
abddc69cb49d: Waiting
405bd2df85b6: Verifying Checksum
405bd2df85b6: Download complete
cc80efff8457: Verifying Checksum
cc80efff8457: Download complete
61320b01ae5e: Verifying Checksum
61320b01ae5e: Download complete
670a101d432b: Verifying Checksum
670a101d432b: Download complete
2b9310b2ee4b: Verifying Checksum
2b9310b2ee4b: Download complete
6c4aa022e8e1: Verifying Checksum
6c4aa022e8e1: Download complete
abddc69cb49d: Verifying Checksum
abddc69cb49d: Download complete
61320b01ae5e: Pull complete
670a101d432b: Pull complete
405bd2df85b6: Pull complete
cc80efff8457: Pull complete
2b9310b2ee4b: Pull complete
6c4aa022e8e1: Pull complete
abddc69cb49d: Pull complete
Digest: sha256:fb39280b7b9eba5727c884a3c7810002e69e8f961cc373b89c92f14961d903a0
Status: Downloaded newer image for nginx:latest
docker.io/library/nginx:latest
Starting container my-nginx
2cc3a8af0fc568558e9c8e6abe943f8a8ec80a70ead853fb2f4084be1134c125
2025-06-08 17:19:46 - Setup complete
2025-06-08 18:31:33 - Starting setup
Docker already installed
Creating disk file docker_data/disk.img
Pulling Docker image nginx:latest
latest: Pulling from library/nginx
61320b01ae5e: Pulling fs layer
670a101d432b: Pulling fs layer
405bd2df85b6: Pulling fs layer
cc80efff8457: Pulling fs layer
2b9310b2ee4b: Pulling fs layer
6c4aa022e8e1: Pulling fs layer
abddc69cb49d: Pulling fs layer
2b9310b2ee4b: Waiting
6c4aa022e8e1: Waiting
abddc69cb49d: Waiting
cc80efff8457: Waiting
405bd2df85b6: Download complete
cc80efff8457: Verifying Checksum
cc80efff8457: Download complete
2b9310b2ee4b: Verifying Checksum
2b9310b2ee4b: Download complete
6c4aa022e8e1: Verifying Checksum
6c4aa022e8e1: Download complete
61320b01ae5e: Download complete
670a101d432b: Verifying Checksum
670a101d432b: Download complete
abddc69cb49d: Verifying Checksum
abddc69cb49d: Download complete
61320b01ae5e: Pull complete
670a101d432b: Pull complete
405bd2df85b6: Pull complete
cc80efff8457: Pull complete
2b9310b2ee4b: Pull complete
6c4aa022e8e1: Pull complete
abddc69cb49d: Pull complete
Digest: sha256:fb39280b7b9eba5727c884a3c7810002e69e8f961cc373b89c92f14961d903a0
Status: Downloaded newer image for nginx:latest
docker.io/library/nginx:latest
Starting container my-nginx
4ba6228cf5a5c787c93a413da6e685d3c819a080b534d75929404c41f68b47e9
2025-06-08 18:31:39 - Setup complete
2025-06-08 19:18:44 - Starting setup
Docker already installed
Creating disk file docker_data/disk.img
Pulling Docker image nginx:latest
latest: Pulling from library/nginx
61320b01ae5e: Pulling fs layer
670a101d432b: Pulling fs layer
405bd2df85b6: Pulling fs layer
cc80efff8457: Pulling fs layer
2b9310b2ee4b: Pulling fs layer
6c4aa022e8e1: Pulling fs layer
abddc69cb49d: Pulling fs layer
2b9310b2ee4b: Waiting
6c4aa022e8e1: Waiting
cc80efff8457: Waiting
405bd2df85b6: Verifying Checksum
405bd2df85b6: Download complete
61320b01ae5e: Verifying Checksum
61320b01ae5e: Download complete
cc80efff8457: Verifying Checksum
cc80efff8457: Download complete
670a101d432b: Verifying Checksum
670a101d432b: Download complete
2b9310b2ee4b: Verifying Checksum
2b9310b2ee4b: Download complete
6c4aa022e8e1: Verifying Checksum
6c4aa022e8e1: Download complete
abddc69cb49d: Download complete
61320b01ae5e: Pull complete
670a101d432b: Pull complete
405bd2df85b6: Pull complete
cc80efff8457: Pull complete
2b9310b2ee4b: Pull complete
6c4aa022e8e1: Pull complete
abddc69cb49d: Pull complete
Digest: sha256:fb39280b7b9eba5727c884a3c7810002e69e8f961cc373b89c92f14961d903a0
Status: Downloaded newer image for nginx:latest
docker.io/library/nginx:latest
Starting container my-nginx
92f73fab05c16f498ba90a51f4feb0f481f297d050c03eb8aa3d192d6aac5548
2025-06-08 19:18:47 - Setup complete
2025-06-08 20:25:27 - Starting setup
Docker already installed
Creating disk file docker_data/disk.img
Pulling Docker image nginx:latest
latest: Pulling from library/nginx
61320b01ae5e: Pulling fs layer
670a101d432b: Pulling fs layer
405bd2df85b6: Pulling fs layer
cc80efff8457: Pulling fs layer
2b9310b2ee4b: Pulling fs layer
6c4aa022e8e1: Pulling fs layer
abddc69cb49d: Pulling fs layer
2b9310b2ee4b: Waiting
6c4aa022e8e1: Waiting
abddc69cb49d: Waiting
cc80efff8457: Waiting
405bd2df85b6: Verifying Checksum
405bd2df85b6: Download complete
cc80efff8457: Verifying Checksum
cc80efff8457: Download complete
2b9310b2ee4b: Verifying Checksum
2b9310b2ee4b: Download complete
6c4aa022e8e1: Verifying Checksum
6c4aa022e8e1: Download complete
670a101d432b: Verifying Checksum
670a101d432b: Download complete
61320b01ae5e: Verifying Checksum
61320b01ae5e: Download complete
abddc69cb49d: Verifying Checksum
abddc69cb49d: Download complete
61320b01ae5e: Pull complete
670a101d432b: Pull complete
405bd2df85b6: Pull complete
cc80efff8457: Pull complete
2b9310b2ee4b: Pull complete
6c4aa022e8e1: Pull complete
abddc69cb49d: Pull complete
Digest: sha256:fb39280b7b9eba5727c884a3c7810002e69e8f961cc373b89c92f14961d903a0
Status: Downloaded newer image for nginx:latest
docker.io/library/nginx:latest
Starting container my-nginx
7e7e6d9464ac463e2b5cbcd970a75918c94be668a39fd1c74a6d2e19ac373e96
2025-06-08 20:25:31 - Setup complete
2025-06-08 21:21:08 - Starting setup
Docker already installed
Creating disk file docker_data/disk.img
Pulling Docker image nginx:latest
latest: Pulling from library/nginx
61320b01ae5e: Pulling fs layer
670a101d432b: Pulling fs layer
405bd2df85b6: Pulling fs layer
cc80efff8457: Pulling fs layer
2b9310b2ee4b: Pulling fs layer
6c4aa022e8e1: Pulling fs layer
abddc69cb49d: Pulling fs layer
6c4aa022e8e1: Waiting
abddc69cb49d: Waiting
2b9310b2ee4b: Waiting
405bd2df85b6: Verifying Checksum
405bd2df85b6: Download complete
61320b01ae5e: Verifying Checksum
61320b01ae5e: Download complete
cc80efff8457: Verifying Checksum
cc80efff8457: Download complete
670a101d432b: Verifying Checksum
2b9310b2ee4b: Download complete
6c4aa022e8e1: Verifying Checksum
6c4aa022e8e1: Download complete
abddc69cb49d: Download complete
61320b01ae5e: Pull complete
670a101d432b: Pull complete
405bd2df85b6: Pull complete
cc80efff8457: Pull complete
2b9310b2ee4b: Pull complete
6c4aa022e8e1: Pull complete
abddc69cb49d: Pull complete
Digest: sha256:fb39280b7b9eba5727c884a3c7810002e69e8f961cc373b89c92f14961d903a0
Status: Downloaded newer image for nginx:latest
docker.io/library/nginx:latest
Starting container my-nginx
1f20d3398e248e5688eeca5e26aefc5ff7e0dfbe7206803736323992811b0dcd
2025-06-08 21:21:13 - Setup complete
2025-06-08 22:22:27 - Starting setup
Docker already installed
Creating disk file docker_data/disk.img
Pulling Docker image nginx:latest
latest: Pulling from library/nginx
61320b01ae5e: Pulling fs layer
670a101d432b: Pulling fs layer
405bd2df85b6: Pulling fs layer
cc80efff8457: Pulling fs layer
2b9310b2ee4b: Pulling fs layer
6c4aa022e8e1: Pulling fs layer
abddc69cb49d: Pulling fs layer
cc80efff8457: Waiting
2b9310b2ee4b: Waiting
6c4aa022e8e1: Waiting
405bd2df85b6: Verifying Checksum
405bd2df85b6: Download complete
cc80efff8457: Verifying Checksum
cc80efff8457: Download complete
61320b01ae5e: Verifying Checksum
61320b01ae5e: Download complete
670a101d432b: Verifying Checksum
670a101d432b: Download complete
2b9310b2ee4b: Verifying Checksum
2b9310b2ee4b: Download complete
6c4aa022e8e1: Verifying Checksum
6c4aa022e8e1: Download complete
abddc69cb49d: Verifying Checksum
abddc69cb49d: Download complete
61320b01ae5e: Pull complete
670a101d432b: Pull complete
405bd2df85b6: Pull complete
cc80efff8457: Pull complete
2b9310b2ee4b: Pull complete
6c4aa022e8e1: Pull complete
abddc69cb49d: Pull complete
Digest: sha256:fb39280b7b9eba5727c884a3c7810002e69e8f961cc373b89c92f14961d903a0
Status: Downloaded newer image for nginx:latest
docker.io/library/nginx:latest
Starting container my-nginx
dcba4f476c0935f401d25e3985955a4715b4c1f291ef4cf7a543d57d08420c76
2025-06-08 22:22:32 - Setup complete
2025-06-08 23:22:23 - Starting setup
Docker already installed
Creating disk file docker_data/disk.img
Pulling Docker image nginx:latest
latest: Pulling from library/nginx
61320b01ae5e: Pulling fs layer
670a101d432b: Pulling fs layer
405bd2df85b6: Pulling fs layer
cc80efff8457: Pulling fs layer
2b9310b2ee4b: Pulling fs layer
6c4aa022e8e1: Pulling fs layer
abddc69cb49d: Pulling fs layer
2b9310b2ee4b: Waiting
6c4aa022e8e1: Waiting
abddc69cb49d: Waiting
cc80efff8457: Waiting
405bd2df85b6: Verifying Checksum
405bd2df85b6: Download complete
cc80efff8457: Verifying Checksum
cc80efff8457: Download complete
2b9310b2ee4b: Verifying Checksum
2b9310b2ee4b: Download complete
6c4aa022e8e1: Verifying Checksum
6c4aa022e8e1: Download complete
670a101d432b: Verifying Checksum
670a101d432b: Download complete
61320b01ae5e: Verifying Checksum
61320b01ae5e: Download complete
abddc69cb49d: Verifying Checksum
abddc69cb49d: Download complete
61320b01ae5e: Pull complete
670a101d432b: Pull complete
405bd2df85b6: Pull complete
cc80efff8457: Pull complete
2b9310b2ee4b: Pull complete
6c4aa022e8e1: Pull complete
abddc69cb49d: Pull complete
Digest: sha256:fb39280b7b9eba5727c884a3c7810002e69e8f961cc373b89c92f14961d903a0
Status: Downloaded newer image for nginx:latest
docker.io/library/nginx:latest
Starting container my-nginx
da170de1cc60fc8b7804f9245d259219fae640595e3b4e3511ffb67e416d363a
2025-06-08 23:22:27 - Setup complete
2025-06-09 02:08:56 - Starting setup
Docker already installed
Creating disk file docker_data/disk.img
Pulling Docker image nginx:latest
latest: Pulling from library/nginx
61320b01ae5e: Pulling fs layer
670a101d432b: Pulling fs layer
405bd2df85b6: Pulling fs layer
cc80efff8457: Pulling fs layer
2b9310b2ee4b: Pulling fs layer
6c4aa022e8e1: Pulling fs layer
abddc69cb49d: Pulling fs layer
2b9310b2ee4b: Waiting
6c4aa022e8e1: Waiting
abddc69cb49d: Waiting
cc80efff8457: Waiting
405bd2df85b6: Verifying Checksum
405bd2df85b6: Download complete
cc80efff8457: Verifying Checksum
cc80efff8457: Download complete
61320b01ae5e: Download complete
2b9310b2ee4b: Verifying Checksum
2b9310b2ee4b: Download complete
6c4aa022e8e1: Download complete
abddc69cb49d: Verifying Checksum
abddc69cb49d: Download complete
670a101d432b: Verifying Checksum
670a101d432b: Download complete
61320b01ae5e: Pull complete
670a101d432b: Pull complete
405bd2df85b6: Pull complete
cc80efff8457: Pull complete
2b9310b2ee4b: Pull complete
6c4aa022e8e1: Pull complete
abddc69cb49d: Pull complete
Digest: sha256:fb39280b7b9eba5727c884a3c7810002e69e8f961cc373b89c92f14961d903a0
Status: Downloaded newer image for nginx:latest
docker.io/library/nginx:latest
Starting container my-nginx
a62bdfb5f98cada8abbbbd2a7c289b34b6f939b9fe376f25d103d9b1db4602dd
2025-06-09 02:09:00 - Setup complete
2025-06-09 03:53:50 - Starting setup
Docker already installed
Creating disk file docker_data/disk.img
Pulling Docker image nginx:latest
latest: Pulling from library/nginx
61320b01ae5e: Pulling fs layer
670a101d432b: Pulling fs layer
405bd2df85b6: Pulling fs layer
cc80efff8457: Pulling fs layer
2b9310b2ee4b: Pulling fs layer
6c4aa022e8e1: Pulling fs layer
abddc69cb49d: Pulling fs layer
2b9310b2ee4b: Waiting
6c4aa022e8e1: Waiting
abddc69cb49d: Waiting
cc80efff8457: Waiting
405bd2df85b6: Verifying Checksum
405bd2df85b6: Download complete
cc80efff8457: Verifying Checksum
cc80efff8457: Download complete
61320b01ae5e: Verifying Checksum
61320b01ae5e: Download complete
2b9310b2ee4b: Verifying Checksum
2b9310b2ee4b: Download complete
6c4aa022e8e1: Verifying Checksum
6c4aa022e8e1: Download complete
abddc69cb49d: Verifying Checksum
abddc69cb49d: Download complete
670a101d432b: Verifying Checksum
670a101d432b: Download complete
61320b01ae5e: Pull complete
670a101d432b: Pull complete
405bd2df85b6: Pull complete
cc80efff8457: Pull complete
2b9310b2ee4b: Pull complete
6c4aa022e8e1: Pull complete
abddc69cb49d: Pull complete
Digest: sha256:fb39280b7b9eba5727c884a3c7810002e69e8f961cc373b89c92f14961d903a0
Status: Downloaded newer image for nginx:latest
docker.io/library/nginx:latest
Starting container my-nginx
a7532fb0d94677c6a07e401cf98bb7b07b1c5b3f4f0798a1b3a906f875089359
2025-06-09 03:53:53 - Setup complete
2025-06-09 04:36:36 - Starting setup
Docker already installed
Creating disk file docker_data/disk.img
Pulling Docker image nginx:latest
latest: Pulling from library/nginx
61320b01ae5e: Pulling fs layer
670a101d432b: Pulling fs layer
405bd2df85b6: Pulling fs layer
cc80efff8457: Pulling fs layer
2b9310b2ee4b: Pulling fs layer
6c4aa022e8e1: Pulling fs layer
abddc69cb49d: Pulling fs layer
2b9310b2ee4b: Waiting
6c4aa022e8e1: Waiting
abddc69cb49d: Waiting
cc80efff8457: Waiting
405bd2df85b6: Verifying Checksum
405bd2df85b6: Download complete
61320b01ae5e: Verifying Checksum
61320b01ae5e: Download complete
cc80efff8457: Verifying Checksum
cc80efff8457: Download complete
670a101d432b: Verifying Checksum
670a101d432b: Download complete
2b9310b2ee4b: Verifying Checksum
2b9310b2ee4b: Download complete
6c4aa022e8e1: Verifying Checksum
6c4aa022e8e1: Download complete
abddc69cb49d: Verifying Checksum
abddc69cb49d: Download complete
61320b01ae5e: Pull complete
670a101d432b: Pull complete
405bd2df85b6: Pull complete
cc80efff8457: Pull complete
2b9310b2ee4b: Pull complete
6c4aa022e8e1: Pull complete
abddc69cb49d: Pull complete
Digest: sha256:fb39280b7b9eba5727c884a3c7810002e69e8f961cc373b89c92f14961d903a0
Status: Downloaded newer image for nginx:latest
docker.io/library/nginx:latest
Starting container my-nginx
1dfb1820e28f971ac9cd1c6141017f49887efaee6d3f8035ba0003bc54a36776
2025-06-09 04:36:41 - Setup complete
2025-06-09 05:26:21 - Starting setup
Docker already installed
Creating disk file docker_data/disk.img
Pulling Docker image nginx:latest
latest: Pulling from library/nginx
61320b01ae5e: Pulling fs layer
670a101d432b: Pulling fs layer
405bd2df85b6: Pulling fs layer
cc80efff8457: Pulling fs layer
2b9310b2ee4b: Pulling fs layer
6c4aa022e8e1: Pulling fs layer
abddc69cb49d: Pulling fs layer
2b9310b2ee4b: Waiting
6c4aa022e8e1: Waiting
abddc69cb49d: Waiting
cc80efff8457: Waiting
405bd2df85b6: Verifying Checksum
405bd2df85b6: Download complete
cc80efff8457: Verifying Checksum
cc80efff8457: Download complete
61320b01ae5e: Verifying Checksum
61320b01ae5e: Download complete
2b9310b2ee4b: Download complete
6c4aa022e8e1: Verifying Checksum
6c4aa022e8e1: Download complete
670a101d432b: Verifying Checksum
670a101d432b: Download complete
abddc69cb49d: Verifying Checksum
abddc69cb49d: Download complete
61320b01ae5e: Pull complete
670a101d432b: Pull complete
405bd2df85b6: Pull complete
cc80efff8457: Pull complete
2b9310b2ee4b: Pull complete
6c4aa022e8e1: Pull complete
abddc69cb49d: Pull complete
Digest: sha256:fb39280b7b9eba5727c884a3c7810002e69e8f961cc373b89c92f14961d903a0
Status: Downloaded newer image for nginx:latest
docker.io/library/nginx:latest
Starting container my-nginx
bb27d6368db171458fd82eec47ad4d5431a7295ce2cb7b0d05353a620a2879bd
2025-06-09 05:26:25 - Setup complete
2025-06-09 06:37:51 - Starting setup
Docker already installed
Creating disk file docker_data/disk.img
Pulling Docker image nginx:latest
latest: Pulling from library/nginx
61320b01ae5e: Pulling fs layer
670a101d432b: Pulling fs layer
405bd2df85b6: Pulling fs layer
cc80efff8457: Pulling fs layer
2b9310b2ee4b: Pulling fs layer
6c4aa022e8e1: Pulling fs layer
abddc69cb49d: Pulling fs layer
2b9310b2ee4b: Waiting
cc80efff8457: Waiting
6c4aa022e8e1: Waiting
abddc69cb49d: Waiting
405bd2df85b6: Verifying Checksum
405bd2df85b6: Download complete
cc80efff8457: Verifying Checksum
cc80efff8457: Download complete
2b9310b2ee4b: Verifying Checksum
2b9310b2ee4b: Download complete
61320b01ae5e: Verifying Checksum
61320b01ae5e: Download complete
670a101d432b: Verifying Checksum
670a101d432b: Download complete
6c4aa022e8e1: Verifying Checksum
6c4aa022e8e1: Download complete
abddc69cb49d: Verifying Checksum
abddc69cb49d: Download complete
61320b01ae5e: Pull complete
670a101d432b: Pull complete
405bd2df85b6: Pull complete
cc80efff8457: Pull complete
2b9310b2ee4b: Pull complete
6c4aa022e8e1: Pull complete
abddc69cb49d: Pull complete
Digest: sha256:fb39280b7b9eba5727c884a3c7810002e69e8f961cc373b89c92f14961d903a0
Status: Downloaded newer image for nginx:latest
docker.io/library/nginx:latest
Starting container my-nginx
811445a4cc64633ad3a51555842f08c67f176904b28324b143ec3ea694d73128
2025-06-09 06:37:55 - Setup complete
2025-06-09 07:25:33 - Starting setup
Docker already installed
Creating disk file docker_data/disk.img
Pulling Docker image nginx:latest
latest: Pulling from library/nginx
61320b01ae5e: Pulling fs layer
670a101d432b: Pulling fs layer
405bd2df85b6: Pulling fs layer
cc80efff8457: Pulling fs layer
2b9310b2ee4b: Pulling fs layer
6c4aa022e8e1: Pulling fs layer
abddc69cb49d: Pulling fs layer
2b9310b2ee4b: Waiting
6c4aa022e8e1: Waiting
abddc69cb49d: Waiting
cc80efff8457: Waiting
405bd2df85b6: Verifying Checksum
405bd2df85b6: Download complete
cc80efff8457: Verifying Checksum
cc80efff8457: Download complete
61320b01ae5e: Verifying Checksum
61320b01ae5e: Download complete
2b9310b2ee4b: Download complete
670a101d432b: Verifying Checksum
670a101d432b: Download complete
6c4aa022e8e1: Verifying Checksum
6c4aa022e8e1: Download complete
abddc69cb49d: Verifying Checksum
abddc69cb49d: Download complete
61320b01ae5e: Pull complete
670a101d432b: Pull complete
405bd2df85b6: Pull complete
cc80efff8457: Pull complete
2b9310b2ee4b: Pull complete
6c4aa022e8e1: Pull complete
abddc69cb49d: Pull complete
Digest: sha256:fb39280b7b9eba5727c884a3c7810002e69e8f961cc373b89c92f14961d903a0
Status: Downloaded newer image for nginx:latest
docker.io/library/nginx:latest
Starting container my-nginx
7c0221d752bb7c261b79f1579fde84465c1f18edb37f28f3cb3b7c0cecfd7c53
2025-06-09 07:25:39 - Setup complete
2025-06-09 08:35:04 - Starting setup
Docker already installed
Creating disk file docker_data/disk.img
Pulling Docker image nginx:latest
latest: Pulling from library/nginx
61320b01ae5e: Pulling fs layer
670a101d432b: Pulling fs layer
405bd2df85b6: Pulling fs layer
cc80efff8457: Pulling fs layer
2b9310b2ee4b: Pulling fs layer
6c4aa022e8e1: Pulling fs layer
abddc69cb49d: Pulling fs layer
2b9310b2ee4b: Waiting
6c4aa022e8e1: Waiting
abddc69cb49d: Waiting
cc80efff8457: Waiting
cc80efff8457: Verifying Checksum
cc80efff8457: Download complete
61320b01ae5e: Verifying Checksum
61320b01ae5e: Download complete
2b9310b2ee4b: Verifying Checksum
2b9310b2ee4b: Download complete
6c4aa022e8e1: Verifying Checksum
6c4aa022e8e1: Download complete
670a101d432b: Verifying Checksum
670a101d432b: Download complete
abddc69cb49d: Verifying Checksum
abddc69cb49d: Download complete
61320b01ae5e: Pull complete
670a101d432b: Pull complete
405bd2df85b6: Pull complete
cc80efff8457: Pull complete
2b9310b2ee4b: Pull complete
6c4aa022e8e1: Pull complete
abddc69cb49d: Pull complete
Digest: sha256:fb39280b7b9eba5727c884a3c7810002e69e8f961cc373b89c92f14961d903a0
Status: Downloaded newer image for nginx:latest
docker.io/library/nginx:latest
Starting container my-nginx
ddc518e764546268dfcc82b618ab095efe262aca612cfe94ba947798a9cc7ac9
2025-06-09 08:35:08 - Setup complete
2025-06-09 09:27:54 - Starting setup
Docker already installed
Creating disk file docker_data/disk.img
Pulling Docker image nginx:latest
latest: Pulling from library/nginx
61320b01ae5e: Pulling fs layer
670a101d432b: Pulling fs layer
405bd2df85b6: Pulling fs layer
cc80efff8457: Pulling fs layer
2b9310b2ee4b: Pulling fs layer
6c4aa022e8e1: Pulling fs layer
abddc69cb49d: Pulling fs layer
cc80efff8457: Waiting
2b9310b2ee4b: Waiting
6c4aa022e8e1: Waiting
405bd2df85b6: Download complete
670a101d432b: Verifying Checksum
670a101d432b: Download complete
61320b01ae5e: Verifying Checksum
61320b01ae5e: Download complete
cc80efff8457: Verifying Checksum
cc80efff8457: Download complete
2b9310b2ee4b: Verifying Checksum
2b9310b2ee4b: Download complete
6c4aa022e8e1: Verifying Checksum
6c4aa022e8e1: Download complete
abddc69cb49d: Verifying Checksum
abddc69cb49d: Download complete
61320b01ae5e: Pull complete
670a101d432b: Pull complete
405bd2df85b6: Pull complete
cc80efff8457: Pull complete
2b9310b2ee4b: Pull complete
6c4aa022e8e1: Pull complete
abddc69cb49d: Pull complete
Digest: sha256:fb39280b7b9eba5727c884a3c7810002e69e8f961cc373b89c92f14961d903a0
Status: Downloaded newer image for nginx:latest
docker.io/library/nginx:latest
Starting container my-nginx
3d96a6a4a0d64c407bc0c724736eb8db60c802bd8ab2b6e92af2ba228fb08a25
2025-06-09 09:28:00 - Setup complete
2025-06-09 10:28:23 - Starting setup
Docker already installed
Creating disk file docker_data/disk.img
Pulling Docker image nginx:latest
latest: Pulling from library/nginx
61320b01ae5e: Pulling fs layer
670a101d432b: Pulling fs layer
405bd2df85b6: Pulling fs layer
cc80efff8457: Pulling fs layer
2b9310b2ee4b: Pulling fs layer
6c4aa022e8e1: Pulling fs layer
abddc69cb49d: Pulling fs layer
cc80efff8457: Waiting
2b9310b2ee4b: Waiting
6c4aa022e8e1: Waiting
abddc69cb49d: Waiting
405bd2df85b6: Verifying Checksum
405bd2df85b6: Download complete
cc80efff8457: Download complete
2b9310b2ee4b: Verifying Checksum
2b9310b2ee4b: Download complete
61320b01ae5e: Verifying Checksum
61320b01ae5e: Download complete
6c4aa022e8e1: Verifying Checksum
6c4aa022e8e1: Download complete
670a101d432b: Verifying Checksum
670a101d432b: Download complete
abddc69cb49d: Verifying Checksum
abddc69cb49d: Download complete
61320b01ae5e: Pull complete
670a101d432b: Pull complete
405bd2df85b6: Pull complete
cc80efff8457: Pull complete
2b9310b2ee4b: Pull complete
6c4aa022e8e1: Pull complete
abddc69cb49d: Pull complete
Digest: sha256:fb39280b7b9eba5727c884a3c7810002e69e8f961cc373b89c92f14961d903a0
Status: Downloaded newer image for nginx:latest
docker.io/library/nginx:latest
Starting container my-nginx
aedc12b6f3f0dffd85f27f912847daae1a54129f2d950278cf382e2efc124fce
2025-06-09 10:28:27 - Setup complete
2025-06-09 11:21:34 - Starting setup
Docker already installed
Creating disk file docker_data/disk.img
Pulling Docker image nginx:latest
latest: Pulling from library/nginx
61320b01ae5e: Pulling fs layer
670a101d432b: Pulling fs layer
405bd2df85b6: Pulling fs layer
cc80efff8457: Pulling fs layer
2b9310b2ee4b: Pulling fs layer
6c4aa022e8e1: Pulling fs layer
abddc69cb49d: Pulling fs layer
cc80efff8457: Waiting
2b9310b2ee4b: Waiting
6c4aa022e8e1: Waiting
abddc69cb49d: Waiting
405bd2df85b6: Verifying Checksum
405bd2df85b6: Download complete
cc80efff8457: Download complete
61320b01ae5e: Verifying Checksum
61320b01ae5e: Download complete
2b9310b2ee4b: Verifying Checksum
2b9310b2ee4b: Download complete
6c4aa022e8e1: Verifying Checksum
6c4aa022e8e1: Download complete
670a101d432b: Verifying Checksum
670a101d432b: Download complete
abddc69cb49d: Verifying Checksum
abddc69cb49d: Download complete
61320b01ae5e: Pull complete
670a101d432b: Pull complete
405bd2df85b6: Pull complete
cc80efff8457: Pull complete
2b9310b2ee4b: Pull complete
6c4aa022e8e1: Pull complete
abddc69cb49d: Pull complete
Digest: sha256:fb39280b7b9eba5727c884a3c7810002e69e8f961cc373b89c92f14961d903a0
Status: Downloaded newer image for nginx:latest
docker.io/library/nginx:latest
Starting container my-nginx
abb4334eba7f9675adc390ef5620d3994aad76ca424134734aad5eb6d5a6ec4b
2025-06-09 11:21:38 - Setup complete
2025-06-09 12:52:23 - Starting setup
Docker already installed
Creating disk file docker_data/disk.img
Pulling Docker image nginx:latest
latest: Pulling from library/nginx
61320b01ae5e: Pulling fs layer
670a101d432b: Pulling fs layer
405bd2df85b6: Pulling fs layer
cc80efff8457: Pulling fs layer
2b9310b2ee4b: Pulling fs layer
6c4aa022e8e1: Pulling fs layer
abddc69cb49d: Pulling fs layer
2b9310b2ee4b: Waiting
cc80efff8457: Waiting
6c4aa022e8e1: Waiting
abddc69cb49d: Waiting
405bd2df85b6: Verifying Checksum
405bd2df85b6: Download complete
cc80efff8457: Verifying Checksum
cc80efff8457: Download complete
2b9310b2ee4b: Verifying Checksum
2b9310b2ee4b: Download complete
6c4aa022e8e1: Verifying Checksum
6c4aa022e8e1: Download complete
61320b01ae5e: Verifying Checksum
61320b01ae5e: Download complete
abddc69cb49d: Download complete
670a101d432b: Verifying Checksum
670a101d432b: Download complete
61320b01ae5e: Pull complete
670a101d432b: Pull complete
405bd2df85b6: Pull complete
cc80efff8457: Pull complete
2b9310b2ee4b: Pull complete
6c4aa022e8e1: Pull complete
abddc69cb49d: Pull complete
Digest: sha256:fb39280b7b9eba5727c884a3c7810002e69e8f961cc373b89c92f14961d903a0
Status: Downloaded newer image for nginx:latest
docker.io/library/nginx:latest
Starting container my-nginx
03ada4ecadbf8b28ff7feee53ae1a5db538b80f688c1c60f9927b5e9c8a9f389
2025-06-09 12:52:27 - Setup complete
2025-06-09 13:36:45 - Starting setup
Docker already installed
Creating disk file docker_data/disk.img
Pulling Docker image nginx:latest
latest: Pulling from library/nginx
61320b01ae5e: Pulling fs layer
670a101d432b: Pulling fs layer
405bd2df85b6: Pulling fs layer
cc80efff8457: Pulling fs layer
2b9310b2ee4b: Pulling fs layer
6c4aa022e8e1: Pulling fs layer
abddc69cb49d: Pulling fs layer
cc80efff8457: Waiting
2b9310b2ee4b: Waiting
6c4aa022e8e1: Waiting
abddc69cb49d: Waiting
405bd2df85b6: Verifying Checksum
405bd2df85b6: Download complete
cc80efff8457: Verifying Checksum
cc80efff8457: Download complete
61320b01ae5e: Verifying Checksum
61320b01ae5e: Download complete
2b9310b2ee4b: Download complete
670a101d432b: Verifying Checksum
670a101d432b: Download complete
6c4aa022e8e1: Download complete
abddc69cb49d: Download complete
61320b01ae5e: Pull complete
670a101d432b: Pull complete
405bd2df85b6: Pull complete
cc80efff8457: Pull complete
2b9310b2ee4b: Pull complete
6c4aa022e8e1: Pull complete
abddc69cb49d: Pull complete
Digest: sha256:fb39280b7b9eba5727c884a3c7810002e69e8f961cc373b89c92f14961d903a0
Status: Downloaded newer image for nginx:latest
docker.io/library/nginx:latest
Starting container my-nginx
2b09b088b2ac3727b751cdd069d891a185e92266d769d19819f347470182fadf
2025-06-09 13:36:50 - Setup complete
2025-06-09 14:26:21 - Starting setup
Docker already installed
Creating disk file docker_data/disk.img
Pulling Docker image nginx:latest
latest: Pulling from library/nginx
61320b01ae5e: Pulling fs layer
670a101d432b: Pulling fs layer
405bd2df85b6: Pulling fs layer
cc80efff8457: Pulling fs layer
2b9310b2ee4b: Pulling fs layer
6c4aa022e8e1: Pulling fs layer
abddc69cb49d: Pulling fs layer
6c4aa022e8e1: Waiting
abddc69cb49d: Waiting
2b9310b2ee4b: Waiting
cc80efff8457: Waiting
405bd2df85b6: Verifying Checksum
405bd2df85b6: Download complete
cc80efff8457: Verifying Checksum
cc80efff8457: Download complete
2b9310b2ee4b: Verifying Checksum
2b9310b2ee4b: Download complete
61320b01ae5e: Verifying Checksum
61320b01ae5e: Download complete
6c4aa022e8e1: Verifying Checksum
6c4aa022e8e1: Download complete
abddc69cb49d: Verifying Checksum
abddc69cb49d: Download complete
670a101d432b: Verifying Checksum
670a101d432b: Download complete
61320b01ae5e: Pull complete
670a101d432b: Pull complete
405bd2df85b6: Pull complete
cc80efff8457: Pull complete
2b9310b2ee4b: Pull complete
6c4aa022e8e1: Pull complete
abddc69cb49d: Pull complete
Digest: sha256:fb39280b7b9eba5727c884a3c7810002e69e8f961cc373b89c92f14961d903a0
Status: Downloaded newer image for nginx:latest
docker.io/library/nginx:latest
Starting container my-nginx
72125d242869c5c74c81578bac7453f2efd2ea4cecc4189cde80df89e12d9c36
2025-06-09 14:26:25 - Setup complete
2025-06-09 15:27:39 - Starting setup
Docker already installed
Creating disk file docker_data/disk.img
Pulling Docker image nginx:latest
latest: Pulling from library/nginx
61320b01ae5e: Pulling fs layer
670a101d432b: Pulling fs layer
405bd2df85b6: Pulling fs layer
cc80efff8457: Pulling fs layer
2b9310b2ee4b: Pulling fs layer
6c4aa022e8e1: Pulling fs layer
abddc69cb49d: Pulling fs layer
cc80efff8457: Waiting
2b9310b2ee4b: Waiting
6c4aa022e8e1: Waiting
abddc69cb49d: Waiting
405bd2df85b6: Verifying Checksum
405bd2df85b6: Download complete
cc80efff8457: Verifying Checksum
cc80efff8457: Download complete
2b9310b2ee4b: Verifying Checksum
2b9310b2ee4b: Download complete
61320b01ae5e: Verifying Checksum
61320b01ae5e: Download complete
6c4aa022e8e1: Verifying Checksum
6c4aa022e8e1: Download complete
670a101d432b: Verifying Checksum
670a101d432b: Download complete
abddc69cb49d: Verifying Checksum
abddc69cb49d: Download complete
61320b01ae5e: Pull complete
670a101d432b: Pull complete
405bd2df85b6: Pull complete
cc80efff8457: Pull complete
2b9310b2ee4b: Pull complete
6c4aa022e8e1: Pull complete
abddc69cb49d: Pull complete
Digest: sha256:fb39280b7b9eba5727c884a3c7810002e69e8f961cc373b89c92f14961d903a0
Status: Downloaded newer image for nginx:latest
docker.io/library/nginx:latest
Starting container my-nginx
ffdc1eabe1e45571a8fb6e25995a7e9ff4a8042a5ee739da796f0327e099e4c8
2025-06-09 15:27:43 - Setup complete
2025-06-09 16:32:41 - Starting setup
Docker already installed
Creating disk file docker_data/disk.img
Pulling Docker image nginx:latest
latest: Pulling from library/nginx
61320b01ae5e: Pulling fs layer
670a101d432b: Pulling fs layer
405bd2df85b6: Pulling fs layer
cc80efff8457: Pulling fs layer
2b9310b2ee4b: Pulling fs layer
6c4aa022e8e1: Pulling fs layer
abddc69cb49d: Pulling fs layer
2b9310b2ee4b: Waiting
cc80efff8457: Waiting
6c4aa022e8e1: Waiting
abddc69cb49d: Waiting
405bd2df85b6: Verifying Checksum
405bd2df85b6: Download complete
cc80efff8457: Verifying Checksum
cc80efff8457: Download complete
2b9310b2ee4b: Verifying Checksum
2b9310b2ee4b: Download complete
6c4aa022e8e1: Download complete
abddc69cb49d: Verifying Checksum
abddc69cb49d: Download complete
61320b01ae5e: Verifying Checksum
61320b01ae5e: Download complete
670a101d432b: Verifying Checksum
670a101d432b: Download complete
61320b01ae5e: Pull complete
670a101d432b: Pull complete
405bd2df85b6: Pull complete
cc80efff8457: Pull complete
2b9310b2ee4b: Pull complete
6c4aa022e8e1: Pull complete
abddc69cb49d: Pull complete
Digest: sha256:fb39280b7b9eba5727c884a3c7810002e69e8f961cc373b89c92f14961d903a0
Status: Downloaded newer image for nginx:latest
docker.io/library/nginx:latest
Starting container my-nginx
1de93d58ed24fe89208e70b5e9a210aa4d827a683148fc67793e83ed1c785002
2025-06-09 16:32:44 - Setup complete
2025-06-09 17:21:43 - Starting setup
Docker already installed
Creating disk file docker_data/disk.img
Pulling Docker image nginx:latest
latest: Pulling from library/nginx
61320b01ae5e: Pulling fs layer
670a101d432b: Pulling fs layer
405bd2df85b6: Pulling fs layer
cc80efff8457: Pulling fs layer
2b9310b2ee4b: Pulling fs layer
6c4aa022e8e1: Pulling fs layer
abddc69cb49d: Pulling fs layer
cc80efff8457: Waiting
2b9310b2ee4b: Waiting
6c4aa022e8e1: Waiting
abddc69cb49d: Waiting
405bd2df85b6: Verifying Checksum
405bd2df85b6: Download complete
cc80efff8457: Verifying Checksum
cc80efff8457: Download complete
61320b01ae5e: Verifying Checksum
61320b01ae5e: Download complete
2b9310b2ee4b: Download complete
6c4aa022e8e1: Verifying Checksum
6c4aa022e8e1: Download complete
abddc69cb49d: Verifying Checksum
abddc69cb49d: Download complete
670a101d432b: Verifying Checksum
670a101d432b: Download complete
61320b01ae5e: Pull complete
670a101d432b: Pull complete
405bd2df85b6: Pull complete
cc80efff8457: Pull complete
2b9310b2ee4b: Pull complete
6c4aa022e8e1: Pull complete
abddc69cb49d: Pull complete
Digest: sha256:fb39280b7b9eba5727c884a3c7810002e69e8f961cc373b89c92f14961d903a0
Status: Downloaded newer image for nginx:latest
docker.io/library/nginx:latest
Starting container my-nginx
1a683cf57a769192cb20d0b00af5a74f5b4ceef86612de7a97c117caa7fb1943
2025-06-09 17:21:47 - Setup complete
2025-06-09 18:34:01 - Starting setup
Docker already installed
Creating disk file docker_data/disk.img
Pulling Docker image nginx:latest
latest: Pulling from library/nginx
61320b01ae5e: Pulling fs layer
670a101d432b: Pulling fs layer
405bd2df85b6: Pulling fs layer
cc80efff8457: Pulling fs layer
2b9310b2ee4b: Pulling fs layer
6c4aa022e8e1: Pulling fs layer
abddc69cb49d: Pulling fs layer
cc80efff8457: Waiting
2b9310b2ee4b: Waiting
6c4aa022e8e1: Waiting
abddc69cb49d: Waiting
405bd2df85b6: Verifying Checksum
405bd2df85b6: Download complete
cc80efff8457: Verifying Checksum
cc80efff8457: Download complete
61320b01ae5e: Verifying Checksum
61320b01ae5e: Download complete
2b9310b2ee4b: Verifying Checksum
2b9310b2ee4b: Download complete
6c4aa022e8e1: Verifying Checksum
6c4aa022e8e1: Download complete
abddc69cb49d: Verifying Checksum
abddc69cb49d: Download complete
670a101d432b: Verifying Checksum
670a101d432b: Download complete
61320b01ae5e: Pull complete
670a101d432b: Pull complete
405bd2df85b6: Pull complete
cc80efff8457: Pull complete
2b9310b2ee4b: Pull complete
6c4aa022e8e1: Pull complete
abddc69cb49d: Pull complete
Digest: sha256:fb39280b7b9eba5727c884a3c7810002e69e8f961cc373b89c92f14961d903a0
Status: Downloaded newer image for nginx:latest
docker.io/library/nginx:latest
Starting container my-nginx
565a9a2a07938b60f559ee095f419c16d45d95afd6d8b0fee71fb617254c5b4d
2025-06-09 18:34:05 - Setup complete
2025-06-09 19:20:10 - Starting setup
Docker already installed
Creating disk file docker_data/disk.img
Pulling Docker image nginx:latest
latest: Pulling from library/nginx
61320b01ae5e: Pulling fs layer
670a101d432b: Pulling fs layer
405bd2df85b6: Pulling fs layer
cc80efff8457: Pulling fs layer
2b9310b2ee4b: Pulling fs layer
6c4aa022e8e1: Pulling fs layer
abddc69cb49d: Pulling fs layer
cc80efff8457: Waiting
2b9310b2ee4b: Waiting
6c4aa022e8e1: Waiting
abddc69cb49d: Waiting
405bd2df85b6: Verifying Checksum
405bd2df85b6: Download complete
cc80efff8457: Verifying Checksum
cc80efff8457: Download complete
2b9310b2ee4b: Verifying Checksum
2b9310b2ee4b: Download complete
6c4aa022e8e1: Verifying Checksum
6c4aa022e8e1: Download complete
abddc69cb49d: Verifying Checksum
abddc69cb49d: Download complete
61320b01ae5e: Verifying Checksum
61320b01ae5e: Download complete
670a101d432b: Verifying Checksum
670a101d432b: Download complete
61320b01ae5e: Pull complete
670a101d432b: Pull complete
405bd2df85b6: Pull complete
cc80efff8457: Pull complete
2b9310b2ee4b: Pull complete
6c4aa022e8e1: Pull complete
abddc69cb49d: Pull complete
Digest: sha256:fb39280b7b9eba5727c884a3c7810002e69e8f961cc373b89c92f14961d903a0
Status: Downloaded newer image for nginx:latest
docker.io/library/nginx:latest
Starting container my-nginx
d20d1a8b2cec86d8786fe275365773ca2bb906c084c4f1574cb61bf423109741
2025-06-09 19:20:14 - Setup complete
2025-06-09 20:28:05 - Starting setup
Docker already installed
Creating disk file docker_data/disk.img
Pulling Docker image nginx:latest
latest: Pulling from library/nginx
61320b01ae5e: Pulling fs layer
670a101d432b: Pulling fs layer
405bd2df85b6: Pulling fs layer
cc80efff8457: Pulling fs layer
2b9310b2ee4b: Pulling fs layer
6c4aa022e8e1: Pulling fs layer
abddc69cb49d: Pulling fs layer
cc80efff8457: Waiting
6c4aa022e8e1: Waiting
2b9310b2ee4b: Waiting
abddc69cb49d: Waiting
405bd2df85b6: Verifying Checksum
405bd2df85b6: Download complete
cc80efff8457: Verifying Checksum
cc80efff8457: Download complete
2b9310b2ee4b: Verifying Checksum
2b9310b2ee4b: Download complete
6c4aa022e8e1: Verifying Checksum
6c4aa022e8e1: Download complete
abddc69cb49d: Verifying Checksum
abddc69cb49d: Download complete
61320b01ae5e: Verifying Checksum
61320b01ae5e: Download complete
670a101d432b: Verifying Checksum
670a101d432b: Download complete
61320b01ae5e: Pull complete
670a101d432b: Pull complete
405bd2df85b6: Pull complete
cc80efff8457: Pull complete
2b9310b2ee4b: Pull complete
6c4aa022e8e1: Pull complete
abddc69cb49d: Pull complete
Digest: sha256:fb39280b7b9eba5727c884a3c7810002e69e8f961cc373b89c92f14961d903a0
Status: Downloaded newer image for nginx:latest
docker.io/library/nginx:latest
Starting container my-nginx
8f8c81001a4805547a40c2380bb2942fd17716f5fe9ee44b46a3ae6d70496c1d
2025-06-09 20:28:10 - Setup complete
2025-06-09 21:23:58 - Starting setup
Docker already installed
Creating disk file docker_data/disk.img
Pulling Docker image nginx:latest
latest: Pulling from library/nginx
61320b01ae5e: Pulling fs layer
670a101d432b: Pulling fs layer
405bd2df85b6: Pulling fs layer
cc80efff8457: Pulling fs layer
2b9310b2ee4b: Pulling fs layer
6c4aa022e8e1: Pulling fs layer
abddc69cb49d: Pulling fs layer
6c4aa022e8e1: Waiting
cc80efff8457: Waiting
2b9310b2ee4b: Waiting
abddc69cb49d: Waiting
405bd2df85b6: Verifying Checksum
405bd2df85b6: Download complete
cc80efff8457: Download complete
61320b01ae5e: Verifying Checksum
61320b01ae5e: Download complete
2b9310b2ee4b: Verifying Checksum
2b9310b2ee4b: Download complete
670a101d432b: Verifying Checksum
670a101d432b: Download complete
6c4aa022e8e1: Verifying Checksum
6c4aa022e8e1: Download complete
abddc69cb49d: Verifying Checksum
abddc69cb49d: Download complete
61320b01ae5e: Pull complete
670a101d432b: Pull complete
405bd2df85b6: Pull complete
cc80efff8457: Pull complete
2b9310b2ee4b: Pull complete
6c4aa022e8e1: Pull complete
abddc69cb49d: Pull complete
Digest: sha256:fb39280b7b9eba5727c884a3c7810002e69e8f961cc373b89c92f14961d903a0
Status: Downloaded newer image for nginx:latest
docker.io/library/nginx:latest
Starting container my-nginx
f7f11c498cf9fef7a2bf714a60bd068e4bfda21d5d2da7487c99c0f6736699f1
2025-06-09 21:24:03 - Setup complete
2025-06-09 22:24:29 - Starting setup
Docker already installed
Creating disk file docker_data/disk.img
Pulling Docker image nginx:latest
latest: Pulling from library/nginx
61320b01ae5e: Pulling fs layer
670a101d432b: Pulling fs layer
405bd2df85b6: Pulling fs layer
cc80efff8457: Pulling fs layer
2b9310b2ee4b: Pulling fs layer
6c4aa022e8e1: Pulling fs layer
abddc69cb49d: Pulling fs layer
cc80efff8457: Waiting
2b9310b2ee4b: Waiting
6c4aa022e8e1: Waiting
abddc69cb49d: Waiting
405bd2df85b6: Verifying Checksum
405bd2df85b6: Download complete
61320b01ae5e: Verifying Checksum
61320b01ae5e: Download complete
cc80efff8457: Verifying Checksum
cc80efff8457: Download complete
670a101d432b: Verifying Checksum
670a101d432b: Download complete
2b9310b2ee4b: Verifying Checksum
2b9310b2ee4b: Download complete
6c4aa022e8e1: Verifying Checksum
6c4aa022e8e1: Download complete
abddc69cb49d: Verifying Checksum
abddc69cb49d: Download complete
61320b01ae5e: Pull complete
670a101d432b: Pull complete
405bd2df85b6: Pull complete
cc80efff8457: Pull complete
2b9310b2ee4b: Pull complete
6c4aa022e8e1: Pull complete
abddc69cb49d: Pull complete
Digest: sha256:fb39280b7b9eba5727c884a3c7810002e69e8f961cc373b89c92f14961d903a0
Status: Downloaded newer image for nginx:latest
docker.io/library/nginx:latest
Starting container my-nginx
5ebe089e46089b4c45df29548abab54a3d53f804bb851049324e4ffe67d24c32
2025-06-09 22:24:34 - Setup complete
2025-06-09 23:23:32 - Starting setup
Docker already installed
Creating disk file docker_data/disk.img
Pulling Docker image nginx:latest
latest: Pulling from library/nginx
61320b01ae5e: Pulling fs layer
670a101d432b: Pulling fs layer
405bd2df85b6: Pulling fs layer
cc80efff8457: Pulling fs layer
2b9310b2ee4b: Pulling fs layer
6c4aa022e8e1: Pulling fs layer
abddc69cb49d: Pulling fs layer
cc80efff8457: Waiting
2b9310b2ee4b: Waiting
6c4aa022e8e1: Waiting
abddc69cb49d: Waiting
405bd2df85b6: Verifying Checksum
405bd2df85b6: Download complete
cc80efff8457: Verifying Checksum
cc80efff8457: Download complete
2b9310b2ee4b: Verifying Checksum
2b9310b2ee4b: Download complete
61320b01ae5e: Verifying Checksum
61320b01ae5e: Download complete
6c4aa022e8e1: Verifying Checksum
6c4aa022e8e1: Download complete
670a101d432b: Verifying Checksum
670a101d432b: Download complete
abddc69cb49d: Verifying Checksum
abddc69cb49d: Download complete
61320b01ae5e: Pull complete
670a101d432b: Pull complete
405bd2df85b6: Pull complete
cc80efff8457: Pull complete
2b9310b2ee4b: Pull complete
6c4aa022e8e1: Pull complete
abddc69cb49d: Pull complete
Digest: sha256:fb39280b7b9eba5727c884a3c7810002e69e8f961cc373b89c92f14961d903a0
Status: Downloaded newer image for nginx:latest
docker.io/library/nginx:latest
Starting container my-nginx
2d7b97e2d97daba77690252aee5b5bf3719718b119367a3fdbc15f4f43481cac
2025-06-09 23:23:35 - Setup complete
2025-06-10 02:04:58 - Starting setup
Docker already installed
Creating disk file docker_data/disk.img
Pulling Docker image nginx:latest
latest: Pulling from library/nginx
61320b01ae5e: Pulling fs layer
670a101d432b: Pulling fs layer
405bd2df85b6: Pulling fs layer
cc80efff8457: Pulling fs layer
2b9310b2ee4b: Pulling fs layer
6c4aa022e8e1: Pulling fs layer
abddc69cb49d: Pulling fs layer
cc80efff8457: Waiting
2b9310b2ee4b: Waiting
6c4aa022e8e1: Waiting
405bd2df85b6: Verifying Checksum
405bd2df85b6: Download complete
cc80efff8457: Verifying Checksum
cc80efff8457: Download complete
61320b01ae5e: Verifying Checksum
61320b01ae5e: Download complete
2b9310b2ee4b: Verifying Checksum
2b9310b2ee4b: Download complete
6c4aa022e8e1: Verifying Checksum
6c4aa022e8e1: Download complete
abddc69cb49d: Verifying Checksum
abddc69cb49d: Download complete
670a101d432b: Verifying Checksum
670a101d432b: Download complete
61320b01ae5e: Pull complete
670a101d432b: Pull complete
405bd2df85b6: Pull complete
cc80efff8457: Pull complete
2b9310b2ee4b: Pull complete
6c4aa022e8e1: Pull complete
abddc69cb49d: Pull complete
Digest: sha256:fb39280b7b9eba5727c884a3c7810002e69e8f961cc373b89c92f14961d903a0
Status: Downloaded newer image for nginx:latest
docker.io/library/nginx:latest
Starting container my-nginx
fa644bb12aede06bca1f1474138908f52ffb9ba6567d8a370c5c95486b5b53de
2025-06-10 02:05:02 - Setup complete
2025-06-10 03:50:33 - Starting setup
Docker already installed
Creating disk file docker_data/disk.img
Pulling Docker image nginx:latest
latest: Pulling from library/nginx
61320b01ae5e: Pulling fs layer
670a101d432b: Pulling fs layer
405bd2df85b6: Pulling fs layer
cc80efff8457: Pulling fs layer
2b9310b2ee4b: Pulling fs layer
6c4aa022e8e1: Pulling fs layer
abddc69cb49d: Pulling fs layer
2b9310b2ee4b: Waiting
6c4aa022e8e1: Waiting
abddc69cb49d: Waiting
cc80efff8457: Waiting
405bd2df85b6: Download complete
cc80efff8457: Verifying Checksum
cc80efff8457: Download complete
61320b01ae5e: Verifying Checksum
61320b01ae5e: Download complete
2b9310b2ee4b: Verifying Checksum
2b9310b2ee4b: Download complete
6c4aa022e8e1: Verifying Checksum
6c4aa022e8e1: Download complete
abddc69cb49d: Verifying Checksum
abddc69cb49d: Download complete
670a101d432b: Verifying Checksum
670a101d432b: Download complete
61320b01ae5e: Pull complete
670a101d432b: Pull complete
405bd2df85b6: Pull complete
cc80efff8457: Pull complete
2b9310b2ee4b: Pull complete
6c4aa022e8e1: Pull complete
abddc69cb49d: Pull complete
Digest: sha256:fb39280b7b9eba5727c884a3c7810002e69e8f961cc373b89c92f14961d903a0
Status: Downloaded newer image for nginx:latest
docker.io/library/nginx:latest
Starting container my-nginx
1f6eed94e9a5538121da955b0ad9e5ec6a5eb1429aa8b7df278081aab1fc24fd
2025-06-10 03:50:37 - Setup complete
2025-06-10 04:33:24 - Starting setup
Docker already installed
Creating disk file docker_data/disk.img
Pulling Docker image nginx:latest
latest: Pulling from library/nginx
61320b01ae5e: Pulling fs layer
670a101d432b: Pulling fs layer
405bd2df85b6: Pulling fs layer
cc80efff8457: Pulling fs layer
2b9310b2ee4b: Pulling fs layer
6c4aa022e8e1: Pulling fs layer
abddc69cb49d: Pulling fs layer
2b9310b2ee4b: Waiting
6c4aa022e8e1: Waiting
abddc69cb49d: Waiting
cc80efff8457: Waiting
405bd2df85b6: Verifying Checksum
405bd2df85b6: Download complete
cc80efff8457: Verifying Checksum
cc80efff8457: Download complete
2b9310b2ee4b: Verifying Checksum
2b9310b2ee4b: Download complete
61320b01ae5e: Download complete
6c4aa022e8e1: Verifying Checksum
6c4aa022e8e1: Download complete
670a101d432b: Verifying Checksum
670a101d432b: Download complete
abddc69cb49d: Verifying Checksum
abddc69cb49d: Download complete
61320b01ae5e: Pull complete
670a101d432b: Pull complete
405bd2df85b6: Pull complete
cc80efff8457: Pull complete
2b9310b2ee4b: Pull complete
6c4aa022e8e1: Pull complete
abddc69cb49d: Pull complete
Digest: sha256:fb39280b7b9eba5727c884a3c7810002e69e8f961cc373b89c92f14961d903a0
Status: Downloaded newer image for nginx:latest
docker.io/library/nginx:latest
Starting container my-nginx
913a4efcb1f3d14223496760571da771be6c49cfb9371c079ecff20e4e34fa9a
2025-06-10 04:33:28 - Setup complete
2025-06-10 05:25:17 - Starting setup
Docker already installed
Creating disk file docker_data/disk.img
Pulling Docker image nginx:latest
latest: Pulling from library/nginx
61320b01ae5e: Pulling fs layer
670a101d432b: Pulling fs layer
405bd2df85b6: Pulling fs layer
cc80efff8457: Pulling fs layer
2b9310b2ee4b: Pulling fs layer
6c4aa022e8e1: Pulling fs layer
abddc69cb49d: Pulling fs layer
cc80efff8457: Waiting
2b9310b2ee4b: Waiting
6c4aa022e8e1: Waiting
abddc69cb49d: Waiting
405bd2df85b6: Verifying Checksum
405bd2df85b6: Download complete
61320b01ae5e: Verifying Checksum
61320b01ae5e: Download complete
cc80efff8457: Verifying Checksum
cc80efff8457: Download complete
2b9310b2ee4b: Verifying Checksum
2b9310b2ee4b: Download complete
6c4aa022e8e1: Download complete
670a101d432b: Verifying Checksum
670a101d432b: Download complete
abddc69cb49d: Verifying Checksum
abddc69cb49d: Download complete
61320b01ae5e: Pull complete
670a101d432b: Pull complete
405bd2df85b6: Pull complete
cc80efff8457: Pull complete
2b9310b2ee4b: Pull complete
6c4aa022e8e1: Pull complete
abddc69cb49d: Pull complete
Digest: sha256:fb39280b7b9eba5727c884a3c7810002e69e8f961cc373b89c92f14961d903a0
Status: Downloaded newer image for nginx:latest
docker.io/library/nginx:latest
Starting container my-nginx
be1336c3603a3bc906dc316a3325123d8ca6926a02b0a37bdf7b3c0a07a7ebce
2025-06-10 05:25:23 - Setup complete
2025-06-10 06:36:02 - Starting setup
Docker already installed
Creating disk file docker_data/disk.img
Pulling Docker image nginx:latest
latest: Pulling from library/nginx
61320b01ae5e: Pulling fs layer
670a101d432b: Pulling fs layer
405bd2df85b6: Pulling fs layer
cc80efff8457: Pulling fs layer
2b9310b2ee4b: Pulling fs layer
6c4aa022e8e1: Pulling fs layer
abddc69cb49d: Pulling fs layer
2b9310b2ee4b: Waiting
6c4aa022e8e1: Waiting
abddc69cb49d: Waiting
cc80efff8457: Waiting
405bd2df85b6: Download complete
cc80efff8457: Download complete
61320b01ae5e: Verifying Checksum
61320b01ae5e: Download complete
2b9310b2ee4b: Verifying Checksum
2b9310b2ee4b: Download complete
6c4aa022e8e1: Download complete
abddc69cb49d: Download complete
670a101d432b: Verifying Checksum
670a101d432b: Download complete
61320b01ae5e: Pull complete
670a101d432b: Pull complete
405bd2df85b6: Pull complete
cc80efff8457: Pull complete
2b9310b2ee4b: Pull complete
6c4aa022e8e1: Pull complete
abddc69cb49d: Pull complete
Digest: sha256:fb39280b7b9eba5727c884a3c7810002e69e8f961cc373b89c92f14961d903a0
Status: Downloaded newer image for nginx:latest
docker.io/library/nginx:latest
Starting container my-nginx
4fb56511899ff129e59c354e5b054513547c5ae89bfbc20757e3ef70b1a927aa
2025-06-10 06:36:06 - Setup complete
2025-06-10 07:24:12 - Starting setup
Docker already installed
Creating disk file docker_data/disk.img
Pulling Docker image nginx:latest
latest: Pulling from library/nginx
61320b01ae5e: Pulling fs layer
670a101d432b: Pulling fs layer
405bd2df85b6: Pulling fs layer
cc80efff8457: Pulling fs layer
2b9310b2ee4b: Pulling fs layer
6c4aa022e8e1: Pulling fs layer
abddc69cb49d: Pulling fs layer
2b9310b2ee4b: Waiting
6c4aa022e8e1: Waiting
abddc69cb49d: Waiting
cc80efff8457: Waiting
405bd2df85b6: Verifying Checksum
405bd2df85b6: Download complete
cc80efff8457: Verifying Checksum
cc80efff8457: Download complete
2b9310b2ee4b: Verifying Checksum
2b9310b2ee4b: Download complete
61320b01ae5e: Verifying Checksum
61320b01ae5e: Download complete
670a101d432b: Verifying Checksum
670a101d432b: Download complete
6c4aa022e8e1: Verifying Checksum
6c4aa022e8e1: Download complete
abddc69cb49d: Verifying Checksum
abddc69cb49d: Download complete
61320b01ae5e: Pull complete
670a101d432b: Pull complete
405bd2df85b6: Pull complete
cc80efff8457: Pull complete
2b9310b2ee4b: Pull complete
6c4aa022e8e1: Pull complete
abddc69cb49d: Pull complete
Digest: sha256:fb39280b7b9eba5727c884a3c7810002e69e8f961cc373b89c92f14961d903a0
Status: Downloaded newer image for nginx:latest
docker.io/library/nginx:latest
Starting container my-nginx
27f492bd35be53695c38eddcda70215a69907f9362b9a2f5ea0bac8f81b85ffb
2025-06-10 07:24:16 - Setup complete
2025-06-10 08:34:03 - Starting setup
Docker already installed
Creating disk file docker_data/disk.img
Pulling Docker image nginx:latest
latest: Pulling from library/nginx
61320b01ae5e: Pulling fs layer
670a101d432b: Pulling fs layer
405bd2df85b6: Pulling fs layer
cc80efff8457: Pulling fs layer
2b9310b2ee4b: Pulling fs layer
6c4aa022e8e1: Pulling fs layer
abddc69cb49d: Pulling fs layer
2b9310b2ee4b: Waiting
cc80efff8457: Waiting
6c4aa022e8e1: Waiting
abddc69cb49d: Waiting
405bd2df85b6: Verifying Checksum
405bd2df85b6: Download complete
cc80efff8457: Download complete
2b9310b2ee4b: Verifying Checksum
2b9310b2ee4b: Download complete
61320b01ae5e: Verifying Checksum
61320b01ae5e: Download complete
6c4aa022e8e1: Download complete
abddc69cb49d: Verifying Checksum
abddc69cb49d: Download complete
670a101d432b: Verifying Checksum
670a101d432b: Download complete
61320b01ae5e: Pull complete
670a101d432b: Pull complete
405bd2df85b6: Pull complete
cc80efff8457: Pull complete
2b9310b2ee4b: Pull complete
6c4aa022e8e1: Pull complete
abddc69cb49d: Pull complete
Digest: sha256:fb39280b7b9eba5727c884a3c7810002e69e8f961cc373b89c92f14961d903a0
Status: Downloaded newer image for nginx:latest
docker.io/library/nginx:latest
Starting container my-nginx
bd16b797f494bcf4a8276e627a47c3a0c916634a4a6aa77a9ad0fd9f7d6471de
2025-06-10 08:34:07 - Setup complete
2025-06-10 09:27:24 - Starting setup
Docker already installed
Creating disk file docker_data/disk.img
Pulling Docker image nginx:latest
latest: Pulling from library/nginx
61320b01ae5e: Pulling fs layer
670a101d432b: Pulling fs layer
405bd2df85b6: Pulling fs layer
cc80efff8457: Pulling fs layer
2b9310b2ee4b: Pulling fs layer
6c4aa022e8e1: Pulling fs layer
abddc69cb49d: Pulling fs layer
cc80efff8457: Waiting
2b9310b2ee4b: Waiting
6c4aa022e8e1: Waiting
abddc69cb49d: Waiting
405bd2df85b6: Download complete
cc80efff8457: Verifying Checksum
cc80efff8457: Download complete
2b9310b2ee4b: Verifying Checksum
2b9310b2ee4b: Download complete
6c4aa022e8e1: Verifying Checksum
6c4aa022e8e1: Download complete
670a101d432b: Verifying Checksum
670a101d432b: Download complete
61320b01ae5e: Verifying Checksum
61320b01ae5e: Download complete
abddc69cb49d: Verifying Checksum
abddc69cb49d: Download complete
61320b01ae5e: Pull complete
670a101d432b: Pull complete
405bd2df85b6: Pull complete
cc80efff8457: Pull complete
2b9310b2ee4b: Pull complete
6c4aa022e8e1: Pull complete
abddc69cb49d: Pull complete
Digest: sha256:fb39280b7b9eba5727c884a3c7810002e69e8f961cc373b89c92f14961d903a0
Status: Downloaded newer image for nginx:latest
docker.io/library/nginx:latest
Starting container my-nginx
058fe6c52f30a1c87ccd41e1692eda75619569b6428183f32aaa52d504adb933
2025-06-10 09:27:28 - Setup complete
2025-06-10 10:27:33 - Starting setup
Docker already installed
Creating disk file docker_data/disk.img
Pulling Docker image nginx:latest
latest: Pulling from library/nginx
61320b01ae5e: Pulling fs layer
670a101d432b: Pulling fs layer
405bd2df85b6: Pulling fs layer
cc80efff8457: Pulling fs layer
2b9310b2ee4b: Pulling fs layer
6c4aa022e8e1: Pulling fs layer
abddc69cb49d: Pulling fs layer
cc80efff8457: Waiting
6c4aa022e8e1: Waiting
abddc69cb49d: Waiting
2b9310b2ee4b: Waiting
405bd2df85b6: Download complete
cc80efff8457: Verifying Checksum
cc80efff8457: Download complete
2b9310b2ee4b: Verifying Checksum
2b9310b2ee4b: Download complete
61320b01ae5e: Verifying Checksum
61320b01ae5e: Download complete
670a101d432b: Download complete
6c4aa022e8e1: Verifying Checksum
6c4aa022e8e1: Download complete
abddc69cb49d: Verifying Checksum
abddc69cb49d: Download complete
61320b01ae5e: Pull complete
670a101d432b: Pull complete
405bd2df85b6: Pull complete
cc80efff8457: Pull complete
2b9310b2ee4b: Pull complete
6c4aa022e8e1: Pull complete
abddc69cb49d: Pull complete
Digest: sha256:fb39280b7b9eba5727c884a3c7810002e69e8f961cc373b89c92f14961d903a0
Status: Downloaded newer image for nginx:latest
docker.io/library/nginx:latest
Starting container my-nginx
b84d8ac34cbe048e9a1c7744402ad732f36af103ec0761d7ec1ea6ecbe7e312e
2025-06-10 10:27:36 - Setup complete
2025-06-10 11:21:13 - Starting setup
Docker already installed
Creating disk file docker_data/disk.img
Pulling Docker image nginx:latest
latest: Pulling from library/nginx
61320b01ae5e: Pulling fs layer
670a101d432b: Pulling fs layer
405bd2df85b6: Pulling fs layer
cc80efff8457: Pulling fs layer
2b9310b2ee4b: Pulling fs layer
6c4aa022e8e1: Pulling fs layer
abddc69cb49d: Pulling fs layer
cc80efff8457: Waiting
2b9310b2ee4b: Waiting
6c4aa022e8e1: Waiting
abddc69cb49d: Waiting
405bd2df85b6: Verifying Checksum
405bd2df85b6: Download complete
61320b01ae5e: Verifying Checksum
61320b01ae5e: Download complete
670a101d432b: Verifying Checksum
670a101d432b: Download complete
cc80efff8457: Verifying Checksum
cc80efff8457: Download complete
2b9310b2ee4b: Verifying Checksum
2b9310b2ee4b: Download complete
6c4aa022e8e1: Verifying Checksum
6c4aa022e8e1: Download complete
abddc69cb49d: Verifying Checksum
abddc69cb49d: Download complete
61320b01ae5e: Pull complete
670a101d432b: Pull complete
405bd2df85b6: Pull complete
cc80efff8457: Pull complete
2b9310b2ee4b: Pull complete
6c4aa022e8e1: Pull complete
abddc69cb49d: Pull complete
Digest: sha256:fb39280b7b9eba5727c884a3c7810002e69e8f961cc373b89c92f14961d903a0
Status: Downloaded newer image for nginx:latest
docker.io/library/nginx:latest
Starting container my-nginx
5cda83a94261339332fbd70f820d74a6d8f91943f950ed64f68ced3a90fa978e
2025-06-10 11:21:18 - Setup complete
2025-06-10 12:53:08 - Starting setup
Docker already installed
Creating disk file docker_data/disk.img
Pulling Docker image nginx:latest
latest: Pulling from library/nginx
61320b01ae5e: Pulling fs layer
670a101d432b: Pulling fs layer
405bd2df85b6: Pulling fs layer
cc80efff8457: Pulling fs layer
2b9310b2ee4b: Pulling fs layer
6c4aa022e8e1: Pulling fs layer
abddc69cb49d: Pulling fs layer
cc80efff8457: Waiting
6c4aa022e8e1: Waiting
abddc69cb49d: Waiting
2b9310b2ee4b: Waiting
405bd2df85b6: Verifying Checksum
405bd2df85b6: Download complete
61320b01ae5e: Verifying Checksum
61320b01ae5e: Download complete
cc80efff8457: Download complete
670a101d432b: Verifying Checksum
670a101d432b: Download complete
2b9310b2ee4b: Verifying Checksum
2b9310b2ee4b: Download complete
6c4aa022e8e1: Verifying Checksum
6c4aa022e8e1: Download complete
abddc69cb49d: Verifying Checksum
abddc69cb49d: Download complete
61320b01ae5e: Pull complete
670a101d432b: Pull complete
405bd2df85b6: Pull complete
cc80efff8457: Pull complete
2b9310b2ee4b: Pull complete
6c4aa022e8e1: Pull complete
abddc69cb49d: Pull complete
Digest: sha256:fb39280b7b9eba5727c884a3c7810002e69e8f961cc373b89c92f14961d903a0
Status: Downloaded newer image for nginx:latest
docker.io/library/nginx:latest
Starting container my-nginx
bbe4a65d8092db4334d72f10f69f0e2c51c93d94048938443db9bfac8bf45af7
2025-06-10 12:53:16 - Setup complete
2025-06-10 13:37:11 - Starting setup
Docker already installed
Creating disk file docker_data/disk.img
Pulling Docker image nginx:latest
latest: Pulling from library/nginx
61320b01ae5e: Pulling fs layer
670a101d432b: Pulling fs layer
405bd2df85b6: Pulling fs layer
cc80efff8457: Pulling fs layer
2b9310b2ee4b: Pulling fs layer
6c4aa022e8e1: Pulling fs layer
abddc69cb49d: Pulling fs layer
2b9310b2ee4b: Waiting
abddc69cb49d: Waiting
cc80efff8457: Waiting
6c4aa022e8e1: Waiting
405bd2df85b6: Verifying Checksum
405bd2df85b6: Download complete
cc80efff8457: Verifying Checksum
cc80efff8457: Download complete
2b9310b2ee4b: Verifying Checksum
2b9310b2ee4b: Download complete
6c4aa022e8e1: Verifying Checksum
6c4aa022e8e1: Download complete
61320b01ae5e: Verifying Checksum
61320b01ae5e: Download complete
670a101d432b: Verifying Checksum
670a101d432b: Download complete
abddc69cb49d: Verifying Checksum
abddc69cb49d: Download complete
61320b01ae5e: Pull complete
670a101d432b: Pull complete
405bd2df85b6: Pull complete
cc80efff8457: Pull complete
2b9310b2ee4b: Pull complete
6c4aa022e8e1: Pull complete
abddc69cb49d: Pull complete
Digest: sha256:fb39280b7b9eba5727c884a3c7810002e69e8f961cc373b89c92f14961d903a0
Status: Downloaded newer image for nginx:latest
docker.io/library/nginx:latest
Starting container my-nginx
2ad17b08ed5c2c4a01a690271adb3fb8741a10d8943663211fb1bcb197133673
2025-06-10 13:37:15 - Setup complete
2025-06-10 14:25:27 - Starting setup
Docker already installed
Creating disk file docker_data/disk.img
Pulling Docker image nginx:latest
latest: Pulling from library/nginx
61320b01ae5e: Pulling fs layer
670a101d432b: Pulling fs layer
405bd2df85b6: Pulling fs layer
cc80efff8457: Pulling fs layer
2b9310b2ee4b: Pulling fs layer
6c4aa022e8e1: Pulling fs layer
abddc69cb49d: Pulling fs layer
cc80efff8457: Waiting
2b9310b2ee4b: Waiting
6c4aa022e8e1: Waiting
abddc69cb49d: Waiting
405bd2df85b6: Verifying Checksum
405bd2df85b6: Download complete
cc80efff8457: Verifying Checksum
cc80efff8457: Download complete
61320b01ae5e: Verifying Checksum
61320b01ae5e: Download complete
2b9310b2ee4b: Verifying Checksum
2b9310b2ee4b: Download complete
6c4aa022e8e1: Verifying Checksum
6c4aa022e8e1: Download complete
abddc69cb49d: Verifying Checksum
abddc69cb49d: Download complete
670a101d432b: Verifying Checksum
670a101d432b: Download complete
61320b01ae5e: Pull complete
670a101d432b: Pull complete
405bd2df85b6: Pull complete
cc80efff8457: Pull complete
2b9310b2ee4b: Pull complete
6c4aa022e8e1: Pull complete
abddc69cb49d: Pull complete
Digest: sha256:fb39280b7b9eba5727c884a3c7810002e69e8f961cc373b89c92f14961d903a0
Status: Downloaded newer image for nginx:latest
docker.io/library/nginx:latest
Starting container my-nginx
f47546e33b3372f661939d622ca671f51d96edbd48d5c526112059e575f91d26
2025-06-10 14:25:30 - Setup complete
2025-06-10 15:26:23 - Starting setup
Docker already installed
Creating disk file docker_data/disk.img
Pulling Docker image nginx:latest
latest: Pulling from library/nginx
61320b01ae5e: Pulling fs layer
670a101d432b: Pulling fs layer
405bd2df85b6: Pulling fs layer
cc80efff8457: Pulling fs layer
2b9310b2ee4b: Pulling fs layer
6c4aa022e8e1: Pulling fs layer
abddc69cb49d: Pulling fs layer
2b9310b2ee4b: Waiting
6c4aa022e8e1: Waiting
abddc69cb49d: Waiting
cc80efff8457: Waiting
405bd2df85b6: Verifying Checksum
405bd2df85b6: Download complete
cc80efff8457: Verifying Checksum
cc80efff8457: Download complete
2b9310b2ee4b: Verifying Checksum
2b9310b2ee4b: Download complete
6c4aa022e8e1: Verifying Checksum
6c4aa022e8e1: Download complete
abddc69cb49d: Verifying Checksum
abddc69cb49d: Download complete
61320b01ae5e: Download complete
670a101d432b: Verifying Checksum
670a101d432b: Download complete
61320b01ae5e: Pull complete
670a101d432b: Pull complete
405bd2df85b6: Pull complete
cc80efff8457: Pull complete
2b9310b2ee4b: Pull complete
6c4aa022e8e1: Pull complete
abddc69cb49d: Pull complete
Digest: sha256:fb39280b7b9eba5727c884a3c7810002e69e8f961cc373b89c92f14961d903a0
Status: Downloaded newer image for nginx:latest
docker.io/library/nginx:latest
Starting container my-nginx
3e24ffe4c5648065bde86e6d3aa9f995e5ff9c8f0c4d147593078006e97a69cb
2025-06-10 15:26:26 - Setup complete
2025-06-10 16:32:33 - Starting setup
Docker already installed
Creating disk file docker_data/disk.img
Pulling Docker image nginx:latest
latest: Pulling from library/nginx
61320b01ae5e: Pulling fs layer
670a101d432b: Pulling fs layer
405bd2df85b6: Pulling fs layer
cc80efff8457: Pulling fs layer
2b9310b2ee4b: Pulling fs layer
6c4aa022e8e1: Pulling fs layer
abddc69cb49d: Pulling fs layer
cc80efff8457: Waiting
2b9310b2ee4b: Waiting
6c4aa022e8e1: Waiting
abddc69cb49d: Waiting
405bd2df85b6: Verifying Checksum
405bd2df85b6: Download complete
cc80efff8457: Download complete
61320b01ae5e: Verifying Checksum
61320b01ae5e: Download complete
2b9310b2ee4b: Verifying Checksum
2b9310b2ee4b: Download complete
6c4aa022e8e1: Verifying Checksum
6c4aa022e8e1: Download complete
abddc69cb49d: Download complete
670a101d432b: Verifying Checksum
670a101d432b: Download complete
61320b01ae5e: Pull complete
670a101d432b: Pull complete
405bd2df85b6: Pull complete
cc80efff8457: Pull complete
2b9310b2ee4b: Pull complete
6c4aa022e8e1: Pull complete
abddc69cb49d: Pull complete
Digest: sha256:fb39280b7b9eba5727c884a3c7810002e69e8f961cc373b89c92f14961d903a0
Status: Downloaded newer image for nginx:latest
docker.io/library/nginx:latest
Starting container my-nginx
03e3e3b9b06c9aa7b34f85328303660b63537b5159f15c3a78e3c7fc35ef89d7
2025-06-10 16:32:37 - Setup complete
2025-06-10 17:22:17 - Starting setup
Docker already installed
Creating disk file docker_data/disk.img
Pulling Docker image nginx:latest
latest: Pulling from library/nginx
61320b01ae5e: Pulling fs layer
670a101d432b: Pulling fs layer
405bd2df85b6: Pulling fs layer
cc80efff8457: Pulling fs layer
2b9310b2ee4b: Pulling fs layer
6c4aa022e8e1: Pulling fs layer
abddc69cb49d: Pulling fs layer
6c4aa022e8e1: Waiting
cc80efff8457: Waiting
2b9310b2ee4b: Waiting
405bd2df85b6: Verifying Checksum
405bd2df85b6: Download complete
cc80efff8457: Verifying Checksum
cc80efff8457: Download complete
61320b01ae5e: Download complete
670a101d432b: Verifying Checksum
670a101d432b: Download complete
2b9310b2ee4b: Download complete
6c4aa022e8e1: Verifying Checksum
6c4aa022e8e1: Download complete
abddc69cb49d: Verifying Checksum
abddc69cb49d: Download complete
61320b01ae5e: Pull complete
670a101d432b: Pull complete
405bd2df85b6: Pull complete
cc80efff8457: Pull complete
2b9310b2ee4b: Pull complete
6c4aa022e8e1: Pull complete
abddc69cb49d: Pull complete
Digest: sha256:fb39280b7b9eba5727c884a3c7810002e69e8f961cc373b89c92f14961d903a0
Status: Downloaded newer image for nginx:latest
docker.io/library/nginx:latest
Starting container my-nginx
dac2c9c3383dfed9463f0ef34aa5edd862030c5a80b01f606c784cc2589b7905
2025-06-10 17:22:23 - Setup complete
2025-06-10 18:35:00 - Starting setup
Docker already installed
Creating disk file docker_data/disk.img
Pulling Docker image nginx:latest
latest: Pulling from library/nginx
61320b01ae5e: Pulling fs layer
670a101d432b: Pulling fs layer
405bd2df85b6: Pulling fs layer
cc80efff8457: Pulling fs layer
2b9310b2ee4b: Pulling fs layer
6c4aa022e8e1: Pulling fs layer
abddc69cb49d: Pulling fs layer
2b9310b2ee4b: Waiting
abddc69cb49d: Waiting
6c4aa022e8e1: Waiting
cc80efff8457: Waiting
405bd2df85b6: Verifying Checksum
405bd2df85b6: Download complete
cc80efff8457: Verifying Checksum
cc80efff8457: Download complete
670a101d432b: Verifying Checksum
670a101d432b: Download complete
61320b01ae5e: Verifying Checksum
61320b01ae5e: Download complete
2b9310b2ee4b: Verifying Checksum
2b9310b2ee4b: Download complete
6c4aa022e8e1: Verifying Checksum
6c4aa022e8e1: Download complete
abddc69cb49d: Verifying Checksum
abddc69cb49d: Download complete
61320b01ae5e: Pull complete
670a101d432b: Pull complete
405bd2df85b6: Pull complete
cc80efff8457: Pull complete
2b9310b2ee4b: Pull complete
6c4aa022e8e1: Pull complete
abddc69cb49d: Pull complete
Digest: sha256:fb39280b7b9eba5727c884a3c7810002e69e8f961cc373b89c92f14961d903a0
Status: Downloaded newer image for nginx:latest
docker.io/library/nginx:latest
Starting container my-nginx
5b90acbdcf655b5dc8eea37a1bcdb382861a24ff141ddb8892e5a6220a549cd4
2025-06-10 18:35:05 - Setup complete
2025-06-10 19:19:22 - Starting setup
Docker already installed
Creating disk file docker_data/disk.img
Pulling Docker image nginx:latest
latest: Pulling from library/nginx
61320b01ae5e: Pulling fs layer
670a101d432b: Pulling fs layer
405bd2df85b6: Pulling fs layer
cc80efff8457: Pulling fs layer
2b9310b2ee4b: Pulling fs layer
6c4aa022e8e1: Pulling fs layer
abddc69cb49d: Pulling fs layer
cc80efff8457: Waiting
2b9310b2ee4b: Waiting
6c4aa022e8e1: Waiting
abddc69cb49d: Waiting
405bd2df85b6: Verifying Checksum
405bd2df85b6: Download complete
cc80efff8457: Verifying Checksum
cc80efff8457: Download complete
2b9310b2ee4b: Verifying Checksum
2b9310b2ee4b: Download complete
61320b01ae5e: Verifying Checksum
61320b01ae5e: Download complete
6c4aa022e8e1: Verifying Checksum
6c4aa022e8e1: Download complete
abddc69cb49d: Verifying Checksum
abddc69cb49d: Download complete
670a101d432b: Verifying Checksum
670a101d432b: Download complete
61320b01ae5e: Pull complete
670a101d432b: Pull complete
405bd2df85b6: Pull complete
cc80efff8457: Pull complete
2b9310b2ee4b: Pull complete
6c4aa022e8e1: Pull complete
abddc69cb49d: Pull complete
Digest: sha256:fb39280b7b9eba5727c884a3c7810002e69e8f961cc373b89c92f14961d903a0
Status: Downloaded newer image for nginx:latest
docker.io/library/nginx:latest
Starting container my-nginx
d270a32a36490157f6e583027284e84c2187fe90f60a7b6954ab0e27685b3c18
2025-06-10 19:19:26 - Setup complete
2025-06-10 20:27:52 - Starting setup
Docker already installed
Creating disk file docker_data/disk.img
Pulling Docker image nginx:latest
latest: Pulling from library/nginx
61320b01ae5e: Pulling fs layer
670a101d432b: Pulling fs layer
405bd2df85b6: Pulling fs layer
cc80efff8457: Pulling fs layer
2b9310b2ee4b: Pulling fs layer
6c4aa022e8e1: Pulling fs layer
abddc69cb49d: Pulling fs layer
2b9310b2ee4b: Waiting
6c4aa022e8e1: Waiting
abddc69cb49d: Waiting
cc80efff8457: Waiting
405bd2df85b6: Verifying Checksum
61320b01ae5e: Verifying Checksum
cc80efff8457: Verifying Checksum
cc80efff8457: Download complete
61320b01ae5e: Download complete
670a101d432b: Verifying Checksum
670a101d432b: Download complete
2b9310b2ee4b: Download complete
6c4aa022e8e1: Verifying Checksum
6c4aa022e8e1: Download complete
abddc69cb49d: Download complete
61320b01ae5e: Pull complete
670a101d432b: Pull complete
405bd2df85b6: Pull complete
cc80efff8457: Pull complete
2b9310b2ee4b: Pull complete
6c4aa022e8e1: Pull complete
abddc69cb49d: Pull complete
Digest: sha256:fb39280b7b9eba5727c884a3c7810002e69e8f961cc373b89c92f14961d903a0
Status: Downloaded newer image for nginx:latest
docker.io/library/nginx:latest
Starting container my-nginx
18a6def11380ac9a0a38b0cd9cf5168878190a57c28c88cabea9b0cf87acb58e
2025-06-10 20:27:57 - Setup complete
2025-06-10 21:23:44 - Starting setup
Docker already installed
Creating disk file docker_data/disk.img
Pulling Docker image nginx:latest
latest: Pulling from library/nginx
61320b01ae5e: Pulling fs layer
670a101d432b: Pulling fs layer
405bd2df85b6: Pulling fs layer
cc80efff8457: Pulling fs layer
2b9310b2ee4b: Pulling fs layer
6c4aa022e8e1: Pulling fs layer
abddc69cb49d: Pulling fs layer
cc80efff8457: Waiting
2b9310b2ee4b: Waiting
6c4aa022e8e1: Waiting
abddc69cb49d: Waiting
405bd2df85b6: Download complete
cc80efff8457: Download complete
61320b01ae5e: Verifying Checksum
61320b01ae5e: Download complete
2b9310b2ee4b: Verifying Checksum
2b9310b2ee4b: Download complete
abddc69cb49d: Download complete
6c4aa022e8e1: Verifying Checksum
6c4aa022e8e1: Download complete
670a101d432b: Verifying Checksum
670a101d432b: Download complete
61320b01ae5e: Pull complete
670a101d432b: Pull complete
405bd2df85b6: Pull complete
cc80efff8457: Pull complete
2b9310b2ee4b: Pull complete
6c4aa022e8e1: Pull complete
abddc69cb49d: Pull complete
Digest: sha256:fb39280b7b9eba5727c884a3c7810002e69e8f961cc373b89c92f14961d903a0
Status: Downloaded newer image for nginx:latest
docker.io/library/nginx:latest
Starting container my-nginx
6002d036d017075f9d74892f0599e48971a06c0c8e8000b99497d7c389b54d2f
2025-06-10 21:23:48 - Setup complete
2025-06-10 22:24:01 - Starting setup
Docker already installed
Creating disk file docker_data/disk.img
Pulling Docker image nginx:latest
latest: Pulling from library/nginx
61320b01ae5e: Pulling fs layer
670a101d432b: Pulling fs layer
405bd2df85b6: Pulling fs layer
cc80efff8457: Pulling fs layer
2b9310b2ee4b: Pulling fs layer
6c4aa022e8e1: Pulling fs layer
abddc69cb49d: Pulling fs layer
2b9310b2ee4b: Waiting
6c4aa022e8e1: Waiting
cc80efff8457: Waiting
405bd2df85b6: Verifying Checksum
405bd2df85b6: Download complete
cc80efff8457: Verifying Checksum
cc80efff8457: Download complete
2b9310b2ee4b: Verifying Checksum
2b9310b2ee4b: Download complete
61320b01ae5e: Verifying Checksum
61320b01ae5e: Download complete
6c4aa022e8e1: Verifying Checksum
6c4aa022e8e1: Download complete
670a101d432b: Verifying Checksum
670a101d432b: Download complete
abddc69cb49d: Verifying Checksum
abddc69cb49d: Download complete
61320b01ae5e: Pull complete
670a101d432b: Pull complete
405bd2df85b6: Pull complete
cc80efff8457: Pull complete
2b9310b2ee4b: Pull complete
6c4aa022e8e1: Pull complete
abddc69cb49d: Pull complete
Digest: sha256:fb39280b7b9eba5727c884a3c7810002e69e8f961cc373b89c92f14961d903a0
Status: Downloaded newer image for nginx:latest
docker.io/library/nginx:latest
Starting container my-nginx
5fe91087ba3888141c08907b3838ebae9ac91f66b4e4a1a98b6e3ec29df66cda
2025-06-10 22:24:05 - Setup complete
2025-06-10 23:23:12 - Starting setup
Docker already installed
Creating disk file docker_data/disk.img
Pulling Docker image nginx:latest
latest: Pulling from library/nginx
61320b01ae5e: Pulling fs layer
670a101d432b: Pulling fs layer
405bd2df85b6: Pulling fs layer
cc80efff8457: Pulling fs layer
2b9310b2ee4b: Pulling fs layer
6c4aa022e8e1: Pulling fs layer
abddc69cb49d: Pulling fs layer
2b9310b2ee4b: Waiting
6c4aa022e8e1: Waiting
abddc69cb49d: Waiting
cc80efff8457: Waiting
405bd2df85b6: Download complete
cc80efff8457: Verifying Checksum
cc80efff8457: Download complete
2b9310b2ee4b: Verifying Checksum
2b9310b2ee4b: Download complete
6c4aa022e8e1: Verifying Checksum
6c4aa022e8e1: Download complete
61320b01ae5e: Verifying Checksum
61320b01ae5e: Download complete
abddc69cb49d: Download complete
670a101d432b: Verifying Checksum
670a101d432b: Download complete
61320b01ae5e: Pull complete
670a101d432b: Pull complete
405bd2df85b6: Pull complete
cc80efff8457: Pull complete
2b9310b2ee4b: Pull complete
6c4aa022e8e1: Pull complete
abddc69cb49d: Pull complete
Digest: sha256:fb39280b7b9eba5727c884a3c7810002e69e8f961cc373b89c92f14961d903a0
Status: Downloaded newer image for nginx:latest
docker.io/library/nginx:latest
Starting container my-nginx
ae2f2b378703e1da91e089030cba73caad98cfce0e35e6ca6f5a1685dda80384
2025-06-10 23:23:16 - Setup complete
2025-06-11 02:03:48 - Starting setup
Docker already installed
Creating disk file docker_data/disk.img
Pulling Docker image nginx:latest
latest: Pulling from library/nginx
61320b01ae5e: Pulling fs layer
670a101d432b: Pulling fs layer
405bd2df85b6: Pulling fs layer
cc80efff8457: Pulling fs layer
2b9310b2ee4b: Pulling fs layer
6c4aa022e8e1: Pulling fs layer
abddc69cb49d: Pulling fs layer
cc80efff8457: Waiting
2b9310b2ee4b: Waiting
abddc69cb49d: Waiting
405bd2df85b6: Download complete
cc80efff8457: Verifying Checksum
cc80efff8457: Download complete
2b9310b2ee4b: Download complete
6c4aa022e8e1: Verifying Checksum
6c4aa022e8e1: Download complete
670a101d432b: Verifying Checksum
670a101d432b: Download complete
abddc69cb49d: Download complete
61320b01ae5e: Verifying Checksum
61320b01ae5e: Download complete
61320b01ae5e: Pull complete
670a101d432b: Pull complete
405bd2df85b6: Pull complete
cc80efff8457: Pull complete
2b9310b2ee4b: Pull complete
6c4aa022e8e1: Pull complete
abddc69cb49d: Pull complete
Digest: sha256:fb39280b7b9eba5727c884a3c7810002e69e8f961cc373b89c92f14961d903a0
Status: Downloaded newer image for nginx:latest
docker.io/library/nginx:latest
Starting container my-nginx
8e95a0fa5faa125d7962b1c29616d71a9c7348cb9ed81ea46936c6b9f042b5ac
2025-06-11 02:03:52 - Setup complete
2025-06-11 03:50:27 - Starting setup
Docker already installed
Creating disk file docker_data/disk.img
Pulling Docker image nginx:latest
latest: Pulling from library/nginx
dad67da3f26b: Pulling fs layer
3b00567da964: Pulling fs layer
56b81cfa547d: Pulling fs layer
1bc5dc8b475d: Pulling fs layer
979e6233a40a: Pulling fs layer
d2a7ba8dbfee: Pulling fs layer
32e44235e1d5: Pulling fs layer
d2a7ba8dbfee: Waiting
1bc5dc8b475d: Waiting
979e6233a40a: Waiting
56b81cfa547d: Verifying Checksum
56b81cfa547d: Download complete
dad67da3f26b: Verifying Checksum
dad67da3f26b: Download complete
1bc5dc8b475d: Verifying Checksum
1bc5dc8b475d: Download complete
3b00567da964: Verifying Checksum
3b00567da964: Download complete
979e6233a40a: Verifying Checksum
979e6233a40a: Download complete
d2a7ba8dbfee: Download complete
32e44235e1d5: Verifying Checksum
32e44235e1d5: Download complete
dad67da3f26b: Pull complete
3b00567da964: Pull complete
56b81cfa547d: Pull complete
1bc5dc8b475d: Pull complete
979e6233a40a: Pull complete
d2a7ba8dbfee: Pull complete
32e44235e1d5: Pull complete
Digest: sha256:6784fb0834aa7dbbe12e3d7471e69c290df3e6ba810dc38b34ae33d3c1c05f7d
Status: Downloaded newer image for nginx:latest
docker.io/library/nginx:latest
Starting container my-nginx
81272747e4da26ece32d4b56a406e4c9691d1a585536785d44336e3b98e67614
2025-06-11 03:50:31 - Setup complete
2025-06-11 04:33:46 - Starting setup
Docker already installed
Creating disk file docker_data/disk.img
Pulling Docker image nginx:latest
latest: Pulling from library/nginx
dad67da3f26b: Pulling fs layer
3b00567da964: Pulling fs layer
56b81cfa547d: Pulling fs layer
1bc5dc8b475d: Pulling fs layer
979e6233a40a: Pulling fs layer
d2a7ba8dbfee: Pulling fs layer
32e44235e1d5: Pulling fs layer
979e6233a40a: Waiting
d2a7ba8dbfee: Waiting
32e44235e1d5: Waiting
1bc5dc8b475d: Waiting
56b81cfa547d: Verifying Checksum
56b81cfa547d: Download complete
1bc5dc8b475d: Verifying Checksum
1bc5dc8b475d: Download complete
dad67da3f26b: Verifying Checksum
dad67da3f26b: Download complete
979e6233a40a: Verifying Checksum
979e6233a40a: Download complete
d2a7ba8dbfee: Verifying Checksum
d2a7ba8dbfee: Download complete
3b00567da964: Verifying Checksum
3b00567da964: Download complete
32e44235e1d5: Verifying Checksum
32e44235e1d5: Download complete
dad67da3f26b: Pull complete
3b00567da964: Pull complete
56b81cfa547d: Pull complete
1bc5dc8b475d: Pull complete
979e6233a40a: Pull complete
d2a7ba8dbfee: Pull complete
32e44235e1d5: Pull complete
Digest: sha256:6784fb0834aa7dbbe12e3d7471e69c290df3e6ba810dc38b34ae33d3c1c05f7d
Status: Downloaded newer image for nginx:latest
docker.io/library/nginx:latest
Starting container my-nginx
dadb86d83d5da0370c6e9824b9327d189ff9f2a2ec95b43bb46d32e6e49fdba5
2025-06-11 04:33:50 - Setup complete
2025-06-11 05:25:21 - Starting setup
Docker already installed
Creating disk file docker_data/disk.img
Pulling Docker image nginx:latest
latest: Pulling from library/nginx
dad67da3f26b: Pulling fs layer
3b00567da964: Pulling fs layer
56b81cfa547d: Pulling fs layer
1bc5dc8b475d: Pulling fs layer
979e6233a40a: Pulling fs layer
d2a7ba8dbfee: Pulling fs layer
32e44235e1d5: Pulling fs layer
979e6233a40a: Waiting
d2a7ba8dbfee: Waiting
32e44235e1d5: Waiting
1bc5dc8b475d: Waiting
56b81cfa547d: Download complete
1bc5dc8b475d: Verifying Checksum
1bc5dc8b475d: Download complete
979e6233a40a: Verifying Checksum
979e6233a40a: Download complete
3b00567da964: Verifying Checksum
3b00567da964: Download complete
dad67da3f26b: Verifying Checksum
dad67da3f26b: Download complete
d2a7ba8dbfee: Verifying Checksum
d2a7ba8dbfee: Download complete
32e44235e1d5: Verifying Checksum
32e44235e1d5: Download complete
dad67da3f26b: Pull complete
3b00567da964: Pull complete
56b81cfa547d: Pull complete
1bc5dc8b475d: Pull complete
979e6233a40a: Pull complete
d2a7ba8dbfee: Pull complete
32e44235e1d5: Pull complete
Digest: sha256:6784fb0834aa7dbbe12e3d7471e69c290df3e6ba810dc38b34ae33d3c1c05f7d
Status: Downloaded newer image for nginx:latest
docker.io/library/nginx:latest
Starting container my-nginx
1e9b0605865a7793ab5b631d1ecb21fdd4ed3bcf1b97a323e25400b300750089
2025-06-11 05:25:25 - Setup complete
2025-06-11 06:36:23 - Starting setup
Docker already installed
Creating disk file docker_data/disk.img
Pulling Docker image nginx:latest
latest: Pulling from library/nginx
dad67da3f26b: Pulling fs layer
3b00567da964: Pulling fs layer
56b81cfa547d: Pulling fs layer
1bc5dc8b475d: Pulling fs layer
979e6233a40a: Pulling fs layer
d2a7ba8dbfee: Pulling fs layer
32e44235e1d5: Pulling fs layer
1bc5dc8b475d: Waiting
979e6233a40a: Waiting
d2a7ba8dbfee: Waiting
32e44235e1d5: Waiting
56b81cfa547d: Verifying Checksum
56b81cfa547d: Download complete
1bc5dc8b475d: Verifying Checksum
1bc5dc8b475d: Download complete
dad67da3f26b: Verifying Checksum
dad67da3f26b: Download complete
3b00567da964: Verifying Checksum
3b00567da964: Download complete
979e6233a40a: Verifying Checksum
979e6233a40a: Download complete
d2a7ba8dbfee: Verifying Checksum
d2a7ba8dbfee: Download complete
32e44235e1d5: Verifying Checksum
32e44235e1d5: Download complete
dad67da3f26b: Pull complete
3b00567da964: Pull complete
56b81cfa547d: Pull complete
1bc5dc8b475d: Pull complete
979e6233a40a: Pull complete
d2a7ba8dbfee: Pull complete
32e44235e1d5: Pull complete
Digest: sha256:6784fb0834aa7dbbe12e3d7471e69c290df3e6ba810dc38b34ae33d3c1c05f7d
Status: Downloaded newer image for nginx:latest
docker.io/library/nginx:latest
Starting container my-nginx
a7d68dd8568de7bc8c4e92c34a51ce1cf0a4028ca9ebf52988eeaba1691bae36
2025-06-11 06:36:28 - Setup complete
2025-06-11 07:24:33 - Starting setup
Docker already installed
Creating disk file docker_data/disk.img
Pulling Docker image nginx:latest
latest: Pulling from library/nginx
dad67da3f26b: Pulling fs layer
3b00567da964: Pulling fs layer
56b81cfa547d: Pulling fs layer
1bc5dc8b475d: Pulling fs layer
979e6233a40a: Pulling fs layer
d2a7ba8dbfee: Pulling fs layer
32e44235e1d5: Pulling fs layer
979e6233a40a: Waiting
d2a7ba8dbfee: Waiting
32e44235e1d5: Waiting
1bc5dc8b475d: Waiting
56b81cfa547d: Verifying Checksum
56b81cfa547d: Download complete
dad67da3f26b: Verifying Checksum
dad67da3f26b: Download complete
1bc5dc8b475d: Verifying Checksum
1bc5dc8b475d: Download complete
3b00567da964: Verifying Checksum
3b00567da964: Download complete
979e6233a40a: Download complete
d2a7ba8dbfee: Verifying Checksum
d2a7ba8dbfee: Download complete
32e44235e1d5: Download complete
dad67da3f26b: Pull complete
3b00567da964: Pull complete
56b81cfa547d: Pull complete
1bc5dc8b475d: Pull complete
979e6233a40a: Pull complete
d2a7ba8dbfee: Pull complete
32e44235e1d5: Pull complete
Digest: sha256:6784fb0834aa7dbbe12e3d7471e69c290df3e6ba810dc38b34ae33d3c1c05f7d
Status: Downloaded newer image for nginx:latest
docker.io/library/nginx:latest
Starting container my-nginx
62a48937675abc7d03f041022ceca2e991f96331ce313afde0b464e83dc86694
2025-06-11 07:24:38 - Setup complete
2025-06-11 08:33:32 - Starting setup
Docker already installed
Creating disk file docker_data/disk.img
Pulling Docker image nginx:latest
latest: Pulling from library/nginx
dad67da3f26b: Pulling fs layer
3b00567da964: Pulling fs layer
56b81cfa547d: Pulling fs layer
1bc5dc8b475d: Pulling fs layer
979e6233a40a: Pulling fs layer
d2a7ba8dbfee: Pulling fs layer
32e44235e1d5: Pulling fs layer
979e6233a40a: Waiting
1bc5dc8b475d: Waiting
d2a7ba8dbfee: Waiting
32e44235e1d5: Waiting
56b81cfa547d: Verifying Checksum
56b81cfa547d: Download complete
1bc5dc8b475d: Verifying Checksum
1bc5dc8b475d: Download complete
dad67da3f26b: Verifying Checksum
dad67da3f26b: Download complete
3b00567da964: Verifying Checksum
3b00567da964: Download complete
d2a7ba8dbfee: Verifying Checksum
d2a7ba8dbfee: Download complete
979e6233a40a: Download complete
32e44235e1d5: Verifying Checksum
32e44235e1d5: Download complete
dad67da3f26b: Pull complete
3b00567da964: Pull complete
56b81cfa547d: Pull complete
1bc5dc8b475d: Pull complete
979e6233a40a: Pull complete
d2a7ba8dbfee: Pull complete
32e44235e1d5: Pull complete
Digest: sha256:6784fb0834aa7dbbe12e3d7471e69c290df3e6ba810dc38b34ae33d3c1c05f7d
Status: Downloaded newer image for nginx:latest
docker.io/library/nginx:latest
Starting container my-nginx
6c8d21735ad61d320c1893ed126ad6387238236a2c9f0287d8dd74e3b9b75dd8
2025-06-11 08:33:37 - Setup complete
2025-06-11 09:27:21 - Starting setup
Docker already installed
Creating disk file docker_data/disk.img
Pulling Docker image nginx:latest
latest: Pulling from library/nginx
dad67da3f26b: Pulling fs layer
3b00567da964: Pulling fs layer
56b81cfa547d: Pulling fs layer
1bc5dc8b475d: Pulling fs layer
979e6233a40a: Pulling fs layer
d2a7ba8dbfee: Pulling fs layer
32e44235e1d5: Pulling fs layer
1bc5dc8b475d: Waiting
979e6233a40a: Waiting
d2a7ba8dbfee: Waiting
32e44235e1d5: Waiting
56b81cfa547d: Verifying Checksum
56b81cfa547d: Download complete
1bc5dc8b475d: Verifying Checksum
1bc5dc8b475d: Download complete
dad67da3f26b: Verifying Checksum
dad67da3f26b: Download complete
979e6233a40a: Verifying Checksum
979e6233a40a: Download complete
3b00567da964: Verifying Checksum
3b00567da964: Download complete
d2a7ba8dbfee: Verifying Checksum
d2a7ba8dbfee: Download complete
32e44235e1d5: Verifying Checksum
32e44235e1d5: Download complete
dad67da3f26b: Pull complete
3b00567da964: Pull complete
56b81cfa547d: Pull complete
1bc5dc8b475d: Pull complete
979e6233a40a: Pull complete
d2a7ba8dbfee: Pull complete
32e44235e1d5: Pull complete
Digest: sha256:6784fb0834aa7dbbe12e3d7471e69c290df3e6ba810dc38b34ae33d3c1c05f7d
Status: Downloaded newer image for nginx:latest
docker.io/library/nginx:latest
Starting container my-nginx
6a742a7a6df80e5d04ab10bc8dc55107db56c85ceb2435b60b667c4727688a63
2025-06-11 09:27:25 - Setup complete
2025-06-11 10:27:30 - Starting setup
Docker already installed
Creating disk file docker_data/disk.img
Pulling Docker image nginx:latest
latest: Pulling from library/nginx
dad67da3f26b: Pulling fs layer
3b00567da964: Pulling fs layer
56b81cfa547d: Pulling fs layer
1bc5dc8b475d: Pulling fs layer
979e6233a40a: Pulling fs layer
d2a7ba8dbfee: Pulling fs layer
32e44235e1d5: Pulling fs layer
979e6233a40a: Waiting
32e44235e1d5: Waiting
d2a7ba8dbfee: Waiting
1bc5dc8b475d: Waiting
56b81cfa547d: Verifying Checksum
56b81cfa547d: Download complete
1bc5dc8b475d: Download complete
dad67da3f26b: Verifying Checksum
dad67da3f26b: Download complete
3b00567da964: Verifying Checksum
3b00567da964: Download complete
979e6233a40a: Verifying Checksum
979e6233a40a: Download complete
d2a7ba8dbfee: Verifying Checksum
d2a7ba8dbfee: Download complete
32e44235e1d5: Download complete
dad67da3f26b: Pull complete
3b00567da964: Pull complete
56b81cfa547d: Pull complete
1bc5dc8b475d: Pull complete
979e6233a40a: Pull complete
d2a7ba8dbfee: Pull complete
32e44235e1d5: Pull complete
Digest: sha256:6784fb0834aa7dbbe12e3d7471e69c290df3e6ba810dc38b34ae33d3c1c05f7d
Status: Downloaded newer image for nginx:latest
docker.io/library/nginx:latest
Starting container my-nginx
ff3b6544d1c961e163541f3ab92fce70b526bd84383c1713ef0c4179ace7518e
2025-06-11 10:27:34 - Setup complete
2025-06-11 11:21:46 - Starting setup
Docker already installed
Creating disk file docker_data/disk.img
Pulling Docker image nginx:latest
latest: Pulling from library/nginx
dad67da3f26b: Pulling fs layer
3b00567da964: Pulling fs layer
56b81cfa547d: Pulling fs layer
1bc5dc8b475d: Pulling fs layer
979e6233a40a: Pulling fs layer
d2a7ba8dbfee: Pulling fs layer
32e44235e1d5: Pulling fs layer
979e6233a40a: Waiting
d2a7ba8dbfee: Waiting
32e44235e1d5: Waiting
1bc5dc8b475d: Waiting
56b81cfa547d: Verifying Checksum
56b81cfa547d: Download complete
1bc5dc8b475d: Verifying Checksum
1bc5dc8b475d: Download complete
dad67da3f26b: Verifying Checksum
dad67da3f26b: Download complete
979e6233a40a: Verifying Checksum
979e6233a40a: Download complete
d2a7ba8dbfee: Verifying Checksum
d2a7ba8dbfee: Download complete
32e44235e1d5: Verifying Checksum
32e44235e1d5: Download complete
3b00567da964: Verifying Checksum
3b00567da964: Download complete
dad67da3f26b: Pull complete
3b00567da964: Pull complete
56b81cfa547d: Pull complete
1bc5dc8b475d: Pull complete
979e6233a40a: Pull complete
d2a7ba8dbfee: Pull complete
32e44235e1d5: Pull complete
Digest: sha256:6784fb0834aa7dbbe12e3d7471e69c290df3e6ba810dc38b34ae33d3c1c05f7d
Status: Downloaded newer image for nginx:latest
docker.io/library/nginx:latest
Starting container my-nginx
0ff1cd5b1971380dce292f38a8564b2a88f94344f1ef737db0d612fe41b2c276
2025-06-11 11:21:49 - Setup complete
2025-06-11 12:52:58 - Starting setup
Docker already installed
Creating disk file docker_data/disk.img
Pulling Docker image nginx:latest
latest: Pulling from library/nginx
dad67da3f26b: Pulling fs layer
3b00567da964: Pulling fs layer
56b81cfa547d: Pulling fs layer
1bc5dc8b475d: Pulling fs layer
979e6233a40a: Pulling fs layer
d2a7ba8dbfee: Pulling fs layer
32e44235e1d5: Pulling fs layer
1bc5dc8b475d: Waiting
d2a7ba8dbfee: Waiting
979e6233a40a: Waiting
32e44235e1d5: Waiting
56b81cfa547d: Verifying Checksum
56b81cfa547d: Download complete
3b00567da964: Verifying Checksum
3b00567da964: Download complete
dad67da3f26b: Verifying Checksum
dad67da3f26b: Download complete
1bc5dc8b475d: Verifying Checksum
1bc5dc8b475d: Download complete
979e6233a40a: Verifying Checksum
979e6233a40a: Download complete
d2a7ba8dbfee: Verifying Checksum
d2a7ba8dbfee: Download complete
32e44235e1d5: Verifying Checksum
32e44235e1d5: Download complete
dad67da3f26b: Pull complete
3b00567da964: Pull complete
56b81cfa547d: Pull complete
1bc5dc8b475d: Pull complete
979e6233a40a: Pull complete
d2a7ba8dbfee: Pull complete
32e44235e1d5: Pull complete
Digest: sha256:6784fb0834aa7dbbe12e3d7471e69c290df3e6ba810dc38b34ae33d3c1c05f7d
Status: Downloaded newer image for nginx:latest
docker.io/library/nginx:latest
Starting container my-nginx
964fcaa00ab0930161a09ed401a2fc529d365c0dd4921eceb22c40ce9e5450ad
2025-06-11 12:53:05 - Setup complete
2025-06-11 13:37:00 - Starting setup
Docker already installed
Creating disk file docker_data/disk.img
Pulling Docker image nginx:latest
latest: Pulling from library/nginx
dad67da3f26b: Pulling fs layer
3b00567da964: Pulling fs layer
56b81cfa547d: Pulling fs layer
1bc5dc8b475d: Pulling fs layer
979e6233a40a: Pulling fs layer
d2a7ba8dbfee: Pulling fs layer
32e44235e1d5: Pulling fs layer
979e6233a40a: Waiting
d2a7ba8dbfee: Waiting
32e44235e1d5: Waiting
1bc5dc8b475d: Waiting
56b81cfa547d: Verifying Checksum
56b81cfa547d: Download complete
1bc5dc8b475d: Download complete
979e6233a40a: Verifying Checksum
979e6233a40a: Download complete
dad67da3f26b: Verifying Checksum
dad67da3f26b: Download complete
d2a7ba8dbfee: Verifying Checksum
d2a7ba8dbfee: Download complete
32e44235e1d5: Verifying Checksum
32e44235e1d5: Download complete
3b00567da964: Verifying Checksum
3b00567da964: Download complete
dad67da3f26b: Pull complete
3b00567da964: Pull complete
56b81cfa547d: Pull complete
1bc5dc8b475d: Pull complete
979e6233a40a: Pull complete
d2a7ba8dbfee: Pull complete
32e44235e1d5: Pull complete
Digest: sha256:6784fb0834aa7dbbe12e3d7471e69c290df3e6ba810dc38b34ae33d3c1c05f7d
Status: Downloaded newer image for nginx:latest
docker.io/library/nginx:latest
Starting container my-nginx
1ba4b78013874746a792727e574984c68c7b26ef6ef09e8b8eeea3cef5da0696
2025-06-11 13:37:04 - Setup complete
2025-06-11 15:27:58 - Starting setup
Docker already installed
Creating disk file docker_data/disk.img
Pulling Docker image nginx:latest
latest: Pulling from library/nginx
dad67da3f26b: Pulling fs layer
3b00567da964: Pulling fs layer
56b81cfa547d: Pulling fs layer
1bc5dc8b475d: Pulling fs layer
979e6233a40a: Pulling fs layer
d2a7ba8dbfee: Pulling fs layer
32e44235e1d5: Pulling fs layer
979e6233a40a: Waiting
d2a7ba8dbfee: Waiting
32e44235e1d5: Waiting
1bc5dc8b475d: Waiting
56b81cfa547d: Verifying Checksum
56b81cfa547d: Download complete
1bc5dc8b475d: Verifying Checksum
1bc5dc8b475d: Download complete
979e6233a40a: Download complete
dad67da3f26b: Verifying Checksum
dad67da3f26b: Download complete
d2a7ba8dbfee: Verifying Checksum
d2a7ba8dbfee: Download complete
32e44235e1d5: Verifying Checksum
32e44235e1d5: Download complete
3b00567da964: Verifying Checksum
3b00567da964: Download complete
dad67da3f26b: Pull complete
3b00567da964: Pull complete
56b81cfa547d: Pull complete
1bc5dc8b475d: Pull complete
979e6233a40a: Pull complete
d2a7ba8dbfee: Pull complete
32e44235e1d5: Pull complete
Digest: sha256:6784fb0834aa7dbbe12e3d7471e69c290df3e6ba810dc38b34ae33d3c1c05f7d
Status: Downloaded newer image for nginx:latest
docker.io/library/nginx:latest
Starting container my-nginx
31f1ccae5ca2789e4462cc4ef5183a7c67f922d99ecb95f5272c50b9ae500c0e
2025-06-11 15:28:02 - Setup complete
2025-06-11 16:32:47 - Starting setup
Docker already installed
Creating disk file docker_data/disk.img
Pulling Docker image nginx:latest
latest: Pulling from library/nginx
dad67da3f26b: Pulling fs layer
3b00567da964: Pulling fs layer
56b81cfa547d: Pulling fs layer
1bc5dc8b475d: Pulling fs layer
979e6233a40a: Pulling fs layer
d2a7ba8dbfee: Pulling fs layer
32e44235e1d5: Pulling fs layer
979e6233a40a: Waiting
1bc5dc8b475d: Waiting
32e44235e1d5: Waiting
56b81cfa547d: Verifying Checksum
56b81cfa547d: Download complete
1bc5dc8b475d: Verifying Checksum
1bc5dc8b475d: Download complete
979e6233a40a: Verifying Checksum
979e6233a40a: Download complete
dad67da3f26b: Verifying Checksum
dad67da3f26b: Download complete
d2a7ba8dbfee: Download complete
32e44235e1d5: Verifying Checksum
32e44235e1d5: Download complete
3b00567da964: Verifying Checksum
3b00567da964: Download complete
dad67da3f26b: Pull complete
3b00567da964: Pull complete
56b81cfa547d: Pull complete
1bc5dc8b475d: Pull complete
979e6233a40a: Pull complete
d2a7ba8dbfee: Pull complete
32e44235e1d5: Pull complete
Digest: sha256:6784fb0834aa7dbbe12e3d7471e69c290df3e6ba810dc38b34ae33d3c1c05f7d
Status: Downloaded newer image for nginx:latest
docker.io/library/nginx:latest
Starting container my-nginx
d1cfdda76aced2dc76ef2b22840616a37e35a211e68e19d90ea7f104954b2c77
2025-06-11 16:32:50 - Setup complete
2025-06-11 17:22:36 - Starting setup
Docker already installed
Creating disk file docker_data/disk.img
Pulling Docker image nginx:latest
latest: Pulling from library/nginx
dad67da3f26b: Pulling fs layer
3b00567da964: Pulling fs layer
56b81cfa547d: Pulling fs layer
1bc5dc8b475d: Pulling fs layer
979e6233a40a: Pulling fs layer
d2a7ba8dbfee: Pulling fs layer
32e44235e1d5: Pulling fs layer
979e6233a40a: Waiting
d2a7ba8dbfee: Waiting
32e44235e1d5: Waiting
1bc5dc8b475d: Waiting
56b81cfa547d: Download complete
1bc5dc8b475d: Verifying Checksum
1bc5dc8b475d: Download complete
dad67da3f26b: Verifying Checksum
dad67da3f26b: Download complete
979e6233a40a: Verifying Checksum
979e6233a40a: Download complete
d2a7ba8dbfee: Verifying Checksum
d2a7ba8dbfee: Download complete
3b00567da964: Verifying Checksum
3b00567da964: Download complete
32e44235e1d5: Download complete
dad67da3f26b: Pull complete
3b00567da964: Pull complete
56b81cfa547d: Pull complete
1bc5dc8b475d: Pull complete
979e6233a40a: Pull complete
d2a7ba8dbfee: Pull complete
32e44235e1d5: Pull complete
Digest: sha256:6784fb0834aa7dbbe12e3d7471e69c290df3e6ba810dc38b34ae33d3c1c05f7d
Status: Downloaded newer image for nginx:latest
docker.io/library/nginx:latest
Starting container my-nginx
ec1a4c7b262b105af3d2a9f0d096b847597a4d343ceed13c83bb4ac0fd09b7ba
2025-06-11 17:22:41 - Setup complete
2025-06-11 18:36:21 - Starting setup
Docker already installed
Creating disk file docker_data/disk.img
Pulling Docker image nginx:latest
latest: Pulling from library/nginx
dad67da3f26b: Pulling fs layer
3b00567da964: Pulling fs layer
56b81cfa547d: Pulling fs layer
1bc5dc8b475d: Pulling fs layer
979e6233a40a: Pulling fs layer
d2a7ba8dbfee: Pulling fs layer
32e44235e1d5: Pulling fs layer
1bc5dc8b475d: Waiting
979e6233a40a: Waiting
d2a7ba8dbfee: Waiting
32e44235e1d5: Waiting
56b81cfa547d: Verifying Checksum
56b81cfa547d: Download complete
1bc5dc8b475d: Verifying Checksum
1bc5dc8b475d: Download complete
979e6233a40a: Verifying Checksum
979e6233a40a: Download complete
d2a7ba8dbfee: Verifying Checksum
d2a7ba8dbfee: Download complete
32e44235e1d5: Verifying Checksum
32e44235e1d5: Download complete
dad67da3f26b: Download complete
3b00567da964: Verifying Checksum
3b00567da964: Download complete
dad67da3f26b: Pull complete
3b00567da964: Pull complete
56b81cfa547d: Pull complete
1bc5dc8b475d: Pull complete
979e6233a40a: Pull complete
d2a7ba8dbfee: Pull complete
32e44235e1d5: Pull complete
Digest: sha256:6784fb0834aa7dbbe12e3d7471e69c290df3e6ba810dc38b34ae33d3c1c05f7d
Status: Downloaded newer image for nginx:latest
docker.io/library/nginx:latest
Starting container my-nginx
d26560f73a5fcef36b2bd410d2269c6726df90b18f18d094d23a0475b165858e
2025-06-11 18:36:24 - Setup complete
2025-06-11 19:19:23 - Starting setup
Docker already installed
Creating disk file docker_data/disk.img
Pulling Docker image nginx:latest
latest: Pulling from library/nginx
dad67da3f26b: Pulling fs layer
3b00567da964: Pulling fs layer
56b81cfa547d: Pulling fs layer
1bc5dc8b475d: Pulling fs layer
979e6233a40a: Pulling fs layer
d2a7ba8dbfee: Pulling fs layer
32e44235e1d5: Pulling fs layer
1bc5dc8b475d: Waiting
979e6233a40a: Waiting
d2a7ba8dbfee: Waiting
32e44235e1d5: Waiting
56b81cfa547d: Verifying Checksum
56b81cfa547d: Download complete
1bc5dc8b475d: Verifying Checksum
1bc5dc8b475d: Download complete
dad67da3f26b: Verifying Checksum
dad67da3f26b: Download complete
979e6233a40a: Verifying Checksum
979e6233a40a: Download complete
d2a7ba8dbfee: Verifying Checksum
d2a7ba8dbfee: Download complete
32e44235e1d5: Verifying Checksum
32e44235e1d5: Download complete
3b00567da964: Verifying Checksum
3b00567da964: Download complete
dad67da3f26b: Pull complete
3b00567da964: Pull complete
56b81cfa547d: Pull complete
1bc5dc8b475d: Pull complete
979e6233a40a: Pull complete
d2a7ba8dbfee: Pull complete
32e44235e1d5: Pull complete
Digest: sha256:6784fb0834aa7dbbe12e3d7471e69c290df3e6ba810dc38b34ae33d3c1c05f7d
Status: Downloaded newer image for nginx:latest
docker.io/library/nginx:latest
Starting container my-nginx
f52d303b3ae6c64657d95398f7a55f0381e2f107a76e1d11f228ec4bc3465ccd
2025-06-11 19:19:28 - Setup complete
2025-06-11 20:26:46 - Starting setup
Docker already installed
Creating disk file docker_data/disk.img
Pulling Docker image nginx:latest
latest: Pulling from library/nginx
dad67da3f26b: Pulling fs layer
3b00567da964: Pulling fs layer
56b81cfa547d: Pulling fs layer
1bc5dc8b475d: Pulling fs layer
979e6233a40a: Pulling fs layer
d2a7ba8dbfee: Pulling fs layer
32e44235e1d5: Pulling fs layer
1bc5dc8b475d: Waiting
979e6233a40a: Waiting
d2a7ba8dbfee: Waiting
32e44235e1d5: Waiting
56b81cfa547d: Verifying Checksum
56b81cfa547d: Download complete
1bc5dc8b475d: Verifying Checksum
1bc5dc8b475d: Download complete
dad67da3f26b: Verifying Checksum
dad67da3f26b: Download complete
979e6233a40a: Verifying Checksum
979e6233a40a: Download complete
d2a7ba8dbfee: Verifying Checksum
d2a7ba8dbfee: Download complete
3b00567da964: Verifying Checksum
3b00567da964: Download complete
32e44235e1d5: Verifying Checksum
32e44235e1d5: Download complete
dad67da3f26b: Pull complete
3b00567da964: Pull complete
56b81cfa547d: Pull complete
1bc5dc8b475d: Pull complete
979e6233a40a: Pull complete
d2a7ba8dbfee: Pull complete
32e44235e1d5: Pull complete
Digest: sha256:6784fb0834aa7dbbe12e3d7471e69c290df3e6ba810dc38b34ae33d3c1c05f7d
Status: Downloaded newer image for nginx:latest
docker.io/library/nginx:latest
Starting container my-nginx
4beed3a1c9873b413f8a66330b1f9cf2833f12b88f577cc80d0521c870f38c71
2025-06-11 20:26:50 - Setup complete
2025-06-11 21:23:56 - Starting setup
Docker already installed
Creating disk file docker_data/disk.img
Pulling Docker image nginx:latest
latest: Pulling from library/nginx
dad67da3f26b: Pulling fs layer
3b00567da964: Pulling fs layer
56b81cfa547d: Pulling fs layer
1bc5dc8b475d: Pulling fs layer
979e6233a40a: Pulling fs layer
d2a7ba8dbfee: Pulling fs layer
32e44235e1d5: Pulling fs layer
979e6233a40a: Waiting
d2a7ba8dbfee: Waiting
32e44235e1d5: Waiting
56b81cfa547d: Verifying Checksum
56b81cfa547d: Download complete
dad67da3f26b: Verifying Checksum
dad67da3f26b: Download complete
1bc5dc8b475d: Verifying Checksum
1bc5dc8b475d: Download complete
3b00567da964: Verifying Checksum
3b00567da964: Download complete
979e6233a40a: Verifying Checksum
979e6233a40a: Download complete
d2a7ba8dbfee: Verifying Checksum
d2a7ba8dbfee: Download complete
32e44235e1d5: Download complete
dad67da3f26b: Pull complete
3b00567da964: Pull complete
56b81cfa547d: Pull complete
1bc5dc8b475d: Pull complete
979e6233a40a: Pull complete
d2a7ba8dbfee: Pull complete
32e44235e1d5: Pull complete
Digest: sha256:6784fb0834aa7dbbe12e3d7471e69c290df3e6ba810dc38b34ae33d3c1c05f7d
Status: Downloaded newer image for nginx:latest
docker.io/library/nginx:latest
Starting container my-nginx
c965b5c7f0cb8a42799bac0f56898e1c118e412c495796b2dcec6bc6f442f740
2025-06-11 21:24:00 - Setup complete
2025-06-11 22:24:05 - Starting setup
Docker already installed
Creating disk file docker_data/disk.img
Pulling Docker image nginx:latest
latest: Pulling from library/nginx
dad67da3f26b: Pulling fs layer
3b00567da964: Pulling fs layer
56b81cfa547d: Pulling fs layer
1bc5dc8b475d: Pulling fs layer
979e6233a40a: Pulling fs layer
d2a7ba8dbfee: Pulling fs layer
32e44235e1d5: Pulling fs layer
d2a7ba8dbfee: Waiting
979e6233a40a: Waiting
1bc5dc8b475d: Waiting
32e44235e1d5: Waiting
56b81cfa547d: Download complete
1bc5dc8b475d: Verifying Checksum
1bc5dc8b475d: Download complete
979e6233a40a: Download complete
dad67da3f26b: Verifying Checksum
dad67da3f26b: Download complete
d2a7ba8dbfee: Verifying Checksum
d2a7ba8dbfee: Download complete
32e44235e1d5: Verifying Checksum
32e44235e1d5: Download complete
3b00567da964: Verifying Checksum
3b00567da964: Download complete
dad67da3f26b: Pull complete
3b00567da964: Pull complete
56b81cfa547d: Pull complete
1bc5dc8b475d: Pull complete
979e6233a40a: Pull complete
d2a7ba8dbfee: Pull complete
32e44235e1d5: Pull complete
Digest: sha256:6784fb0834aa7dbbe12e3d7471e69c290df3e6ba810dc38b34ae33d3c1c05f7d
Status: Downloaded newer image for nginx:latest
docker.io/library/nginx:latest
Starting container my-nginx
25b278075c24c8e6603775d60173b33d43bfcf2a02fb77172e2f720e8bed01a5
2025-06-11 22:24:09 - Setup complete
2025-06-11 23:24:34 - Starting setup
Docker already installed
Creating disk file docker_data/disk.img
Pulling Docker image nginx:latest
latest: Pulling from library/nginx
dad67da3f26b: Pulling fs layer
3b00567da964: Pulling fs layer
56b81cfa547d: Pulling fs layer
1bc5dc8b475d: Pulling fs layer
979e6233a40a: Pulling fs layer
d2a7ba8dbfee: Pulling fs layer
32e44235e1d5: Pulling fs layer
1bc5dc8b475d: Waiting
d2a7ba8dbfee: Waiting
979e6233a40a: Waiting
32e44235e1d5: Waiting
56b81cfa547d: Verifying Checksum
56b81cfa547d: Download complete
dad67da3f26b: Verifying Checksum
dad67da3f26b: Download complete
1bc5dc8b475d: Verifying Checksum
1bc5dc8b475d: Download complete
979e6233a40a: Download complete
3b00567da964: Verifying Checksum
3b00567da964: Download complete
d2a7ba8dbfee: Verifying Checksum
d2a7ba8dbfee: Download complete
32e44235e1d5: Verifying Checksum
32e44235e1d5: Download complete
dad67da3f26b: Pull complete
3b00567da964: Pull complete
56b81cfa547d: Pull complete
1bc5dc8b475d: Pull complete
979e6233a40a: Pull complete
d2a7ba8dbfee: Pull complete
32e44235e1d5: Pull complete
Digest: sha256:6784fb0834aa7dbbe12e3d7471e69c290df3e6ba810dc38b34ae33d3c1c05f7d
Status: Downloaded newer image for nginx:latest
docker.io/library/nginx:latest
Starting container my-nginx
0f21ec99d79628d3752f8a6b6870c800d0e1227af24c27e17b44a6c89b7023bc
2025-06-11 23:24:39 - Setup complete
2025-06-12 02:02:28 - Starting setup
Docker already installed
Creating disk file docker_data/disk.img
Pulling Docker image nginx:latest
latest: Pulling from library/nginx
dad67da3f26b: Pulling fs layer
3b00567da964: Pulling fs layer
56b81cfa547d: Pulling fs layer
1bc5dc8b475d: Pulling fs layer
979e6233a40a: Pulling fs layer
d2a7ba8dbfee: Pulling fs layer
32e44235e1d5: Pulling fs layer
979e6233a40a: Waiting
d2a7ba8dbfee: Waiting
32e44235e1d5: Waiting
1bc5dc8b475d: Waiting
56b81cfa547d: Download complete
1bc5dc8b475d: Download complete
979e6233a40a: Verifying Checksum
979e6233a40a: Download complete
d2a7ba8dbfee: Download complete
dad67da3f26b: Verifying Checksum
dad67da3f26b: Download complete
32e44235e1d5: Verifying Checksum
32e44235e1d5: Download complete
3b00567da964: Verifying Checksum
3b00567da964: Download complete
dad67da3f26b: Pull complete
3b00567da964: Pull complete
56b81cfa547d: Pull complete
1bc5dc8b475d: Pull complete
979e6233a40a: Pull complete
d2a7ba8dbfee: Pull complete
32e44235e1d5: Pull complete
Digest: sha256:6784fb0834aa7dbbe12e3d7471e69c290df3e6ba810dc38b34ae33d3c1c05f7d
Status: Downloaded newer image for nginx:latest
docker.io/library/nginx:latest
Starting container my-nginx
afb1e4b6e23d2b2af4e066e0b278aee3b7be31a20edeec2b1eb6672806c144d1
2025-06-12 02:02:32 - Setup complete
2025-06-12 03:49:45 - Starting setup
Docker already installed
Creating disk file docker_data/disk.img
Pulling Docker image nginx:latest
latest: Pulling from library/nginx
dad67da3f26b: Pulling fs layer
3b00567da964: Pulling fs layer
56b81cfa547d: Pulling fs layer
1bc5dc8b475d: Pulling fs layer
979e6233a40a: Pulling fs layer
d2a7ba8dbfee: Pulling fs layer
32e44235e1d5: Pulling fs layer
979e6233a40a: Waiting
d2a7ba8dbfee: Waiting
32e44235e1d5: Waiting
1bc5dc8b475d: Waiting
56b81cfa547d: Verifying Checksum
56b81cfa547d: Download complete
1bc5dc8b475d: Verifying Checksum
1bc5dc8b475d: Download complete
979e6233a40a: Verifying Checksum
979e6233a40a: Download complete
d2a7ba8dbfee: Verifying Checksum
d2a7ba8dbfee: Download complete
32e44235e1d5: Download complete
dad67da3f26b: Verifying Checksum
dad67da3f26b: Download complete
3b00567da964: Verifying Checksum
3b00567da964: Download complete
dad67da3f26b: Pull complete
3b00567da964: Pull complete
56b81cfa547d: Pull complete
1bc5dc8b475d: Pull complete
979e6233a40a: Pull complete
d2a7ba8dbfee: Pull complete
32e44235e1d5: Pull complete
Digest: sha256:6784fb0834aa7dbbe12e3d7471e69c290df3e6ba810dc38b34ae33d3c1c05f7d
Status: Downloaded newer image for nginx:latest
docker.io/library/nginx:latest
Starting container my-nginx
da4784317aaf594e58ce57a94f697c69144e1552fdf1f90068e85ef912771632
2025-06-12 03:49:49 - Setup complete
2025-06-12 04:31:59 - Starting setup
Docker already installed
Creating disk file docker_data/disk.img
Pulling Docker image nginx:latest
latest: Pulling from library/nginx
dad67da3f26b: Pulling fs layer
3b00567da964: Pulling fs layer
56b81cfa547d: Pulling fs layer
1bc5dc8b475d: Pulling fs layer
979e6233a40a: Pulling fs layer
d2a7ba8dbfee: Pulling fs layer
32e44235e1d5: Pulling fs layer
1bc5dc8b475d: Waiting
979e6233a40a: Waiting
32e44235e1d5: Waiting
d2a7ba8dbfee: Waiting
56b81cfa547d: Verifying Checksum
56b81cfa547d: Download complete
1bc5dc8b475d: Verifying Checksum
1bc5dc8b475d: Download complete
979e6233a40a: Verifying Checksum
979e6233a40a: Download complete
dad67da3f26b: Verifying Checksum
dad67da3f26b: Download complete
d2a7ba8dbfee: Verifying Checksum
d2a7ba8dbfee: Download complete
32e44235e1d5: Verifying Checksum
32e44235e1d5: Download complete
3b00567da964: Verifying Checksum
3b00567da964: Download complete
dad67da3f26b: Pull complete
3b00567da964: Pull complete
56b81cfa547d: Pull complete
1bc5dc8b475d: Pull complete
979e6233a40a: Pull complete
d2a7ba8dbfee: Pull complete
32e44235e1d5: Pull complete
Digest: sha256:6784fb0834aa7dbbe12e3d7471e69c290df3e6ba810dc38b34ae33d3c1c05f7d
Status: Downloaded newer image for nginx:latest
docker.io/library/nginx:latest
Starting container my-nginx
0b764495c72979db3163ec672be9ced7812ff4230b92a23677e3eda09e7083bb
2025-06-12 04:32:03 - Setup complete
2025-06-12 05:25:05 - Starting setup
Docker already installed
Creating disk file docker_data/disk.img
Pulling Docker image nginx:latest
latest: Pulling from library/nginx
dad67da3f26b: Pulling fs layer
3b00567da964: Pulling fs layer
56b81cfa547d: Pulling fs layer
1bc5dc8b475d: Pulling fs layer
979e6233a40a: Pulling fs layer
d2a7ba8dbfee: Pulling fs layer
32e44235e1d5: Pulling fs layer
979e6233a40a: Waiting
d2a7ba8dbfee: Waiting
1bc5dc8b475d: Waiting
56b81cfa547d: Verifying Checksum
56b81cfa547d: Download complete
1bc5dc8b475d: Verifying Checksum
1bc5dc8b475d: Download complete
dad67da3f26b: Verifying Checksum
dad67da3f26b: Download complete
979e6233a40a: Verifying Checksum
979e6233a40a: Download complete
d2a7ba8dbfee: Verifying Checksum
d2a7ba8dbfee: Download complete
32e44235e1d5: Verifying Checksum
32e44235e1d5: Download complete
3b00567da964: Verifying Checksum
3b00567da964: Download complete
dad67da3f26b: Pull complete
3b00567da964: Pull complete
56b81cfa547d: Pull complete
1bc5dc8b475d: Pull complete
979e6233a40a: Pull complete
d2a7ba8dbfee: Pull complete
32e44235e1d5: Pull complete
Digest: sha256:6784fb0834aa7dbbe12e3d7471e69c290df3e6ba810dc38b34ae33d3c1c05f7d
Status: Downloaded newer image for nginx:latest
docker.io/library/nginx:latest
Starting container my-nginx
4d7dc872b1b75badddfa13d75df298e0b4f84a7b39a8a4168d876b043cf82999
2025-06-12 05:25:09 - Setup complete
2025-06-12 06:36:32 - Starting setup
Docker already installed
Creating disk file docker_data/disk.img
Pulling Docker image nginx:latest
latest: Pulling from library/nginx
dad67da3f26b: Pulling fs layer
3b00567da964: Pulling fs layer
56b81cfa547d: Pulling fs layer
1bc5dc8b475d: Pulling fs layer
979e6233a40a: Pulling fs layer
d2a7ba8dbfee: Pulling fs layer
32e44235e1d5: Pulling fs layer
979e6233a40a: Waiting
d2a7ba8dbfee: Waiting
32e44235e1d5: Waiting
1bc5dc8b475d: Waiting
56b81cfa547d: Verifying Checksum
56b81cfa547d: Download complete
1bc5dc8b475d: Verifying Checksum
1bc5dc8b475d: Download complete
dad67da3f26b: Verifying Checksum
dad67da3f26b: Download complete
979e6233a40a: Verifying Checksum
979e6233a40a: Download complete
32e44235e1d5: Verifying Checksum
32e44235e1d5: Download complete
d2a7ba8dbfee: Verifying Checksum
d2a7ba8dbfee: Download complete
3b00567da964: Verifying Checksum
3b00567da964: Download complete
dad67da3f26b: Pull complete
3b00567da964: Pull complete
56b81cfa547d: Pull complete
1bc5dc8b475d: Pull complete
979e6233a40a: Pull complete
d2a7ba8dbfee: Pull complete
32e44235e1d5: Pull complete
Digest: sha256:6784fb0834aa7dbbe12e3d7471e69c290df3e6ba810dc38b34ae33d3c1c05f7d
Status: Downloaded newer image for nginx:latest
docker.io/library/nginx:latest
Starting container my-nginx
2881e0aced37a571dd0e095b36ebc456b11c52e4fee3fb1063a70d4579484188
2025-06-12 06:36:35 - Setup complete
2025-06-12 07:24:27 - Starting setup
Docker already installed
Creating disk file docker_data/disk.img
Pulling Docker image nginx:latest
latest: Pulling from library/nginx
dad67da3f26b: Pulling fs layer
3b00567da964: Pulling fs layer
56b81cfa547d: Pulling fs layer
1bc5dc8b475d: Pulling fs layer
979e6233a40a: Pulling fs layer
d2a7ba8dbfee: Pulling fs layer
32e44235e1d5: Pulling fs layer
979e6233a40a: Waiting
d2a7ba8dbfee: Waiting
32e44235e1d5: Waiting
1bc5dc8b475d: Waiting
56b81cfa547d: Download complete
dad67da3f26b: Verifying Checksum
dad67da3f26b: Download complete
1bc5dc8b475d: Verifying Checksum
1bc5dc8b475d: Download complete
3b00567da964: Verifying Checksum
3b00567da964: Download complete
979e6233a40a: Verifying Checksum
979e6233a40a: Download complete
d2a7ba8dbfee: Download complete
32e44235e1d5: Verifying Checksum
32e44235e1d5: Download complete
dad67da3f26b: Pull complete
3b00567da964: Pull complete
56b81cfa547d: Pull complete
1bc5dc8b475d: Pull complete
979e6233a40a: Pull complete
d2a7ba8dbfee: Pull complete
32e44235e1d5: Pull complete
Digest: sha256:6784fb0834aa7dbbe12e3d7471e69c290df3e6ba810dc38b34ae33d3c1c05f7d
Status: Downloaded newer image for nginx:latest
docker.io/library/nginx:latest
Starting container my-nginx
4ba7e8ab6b20158adab9047d85150169abd195f930448f32476b8cc2ab8e5596
2025-06-12 07:24:31 - Setup complete
2025-06-12 08:33:31 - Starting setup
Docker already installed
Creating disk file docker_data/disk.img
Pulling Docker image nginx:latest
latest: Pulling from library/nginx
dad67da3f26b: Pulling fs layer
3b00567da964: Pulling fs layer
56b81cfa547d: Pulling fs layer
1bc5dc8b475d: Pulling fs layer
979e6233a40a: Pulling fs layer
d2a7ba8dbfee: Pulling fs layer
32e44235e1d5: Pulling fs layer
1bc5dc8b475d: Waiting
979e6233a40a: Waiting
d2a7ba8dbfee: Waiting
32e44235e1d5: Waiting
56b81cfa547d: Download complete
dad67da3f26b: Download complete
1bc5dc8b475d: Verifying Checksum
1bc5dc8b475d: Download complete
3b00567da964: Verifying Checksum
3b00567da964: Download complete
979e6233a40a: Verifying Checksum
979e6233a40a: Download complete
32e44235e1d5: Verifying Checksum
32e44235e1d5: Download complete
d2a7ba8dbfee: Verifying Checksum
d2a7ba8dbfee: Download complete
dad67da3f26b: Pull complete
3b00567da964: Pull complete
56b81cfa547d: Pull complete
1bc5dc8b475d: Pull complete
979e6233a40a: Pull complete
d2a7ba8dbfee: Pull complete
32e44235e1d5: Pull complete
Digest: sha256:6784fb0834aa7dbbe12e3d7471e69c290df3e6ba810dc38b34ae33d3c1c05f7d
Status: Downloaded newer image for nginx:latest
docker.io/library/nginx:latest
Starting container my-nginx
1513d1f68554218e52098bef90811fce3104b849c080edd6433199452354807f
2025-06-12 08:33:35 - Setup complete
2025-06-12 09:27:07 - Starting setup
Docker already installed
Creating disk file docker_data/disk.img
Pulling Docker image nginx:latest
latest: Pulling from library/nginx
dad67da3f26b: Pulling fs layer
3b00567da964: Pulling fs layer
56b81cfa547d: Pulling fs layer
1bc5dc8b475d: Pulling fs layer
979e6233a40a: Pulling fs layer
d2a7ba8dbfee: Pulling fs layer
32e44235e1d5: Pulling fs layer
979e6233a40a: Waiting
d2a7ba8dbfee: Waiting
32e44235e1d5: Waiting
1bc5dc8b475d: Waiting
56b81cfa547d: Download complete
1bc5dc8b475d: Verifying Checksum
1bc5dc8b475d: Download complete
3b00567da964: Verifying Checksum
3b00567da964: Download complete
dad67da3f26b: Verifying Checksum
dad67da3f26b: Download complete
979e6233a40a: Verifying Checksum
d2a7ba8dbfee: Verifying Checksum
d2a7ba8dbfee: Download complete
32e44235e1d5: Download complete
dad67da3f26b: Pull complete
3b00567da964: Pull complete
56b81cfa547d: Pull complete
1bc5dc8b475d: Pull complete
979e6233a40a: Pull complete
d2a7ba8dbfee: Pull complete
32e44235e1d5: Pull complete
Digest: sha256:6784fb0834aa7dbbe12e3d7471e69c290df3e6ba810dc38b34ae33d3c1c05f7d
Status: Downloaded newer image for nginx:latest
docker.io/library/nginx:latest
Starting container my-nginx
2ed5991f0b48325eb5888c1639316c804f628056242c92281dccfdb709d5d129
2025-06-12 09:27:12 - Setup complete
2025-06-12 10:27:49 - Starting setup
Docker already installed
Creating disk file docker_data/disk.img
Pulling Docker image nginx:latest
latest: Pulling from library/nginx
dad67da3f26b: Pulling fs layer
3b00567da964: Pulling fs layer
56b81cfa547d: Pulling fs layer
1bc5dc8b475d: Pulling fs layer
979e6233a40a: Pulling fs layer
d2a7ba8dbfee: Pulling fs layer
32e44235e1d5: Pulling fs layer
1bc5dc8b475d: Waiting
32e44235e1d5: Waiting
979e6233a40a: Waiting
d2a7ba8dbfee: Waiting
56b81cfa547d: Verifying Checksum
56b81cfa547d: Download complete
1bc5dc8b475d: Verifying Checksum
1bc5dc8b475d: Download complete
dad67da3f26b: Verifying Checksum
dad67da3f26b: Download complete
979e6233a40a: Download complete
d2a7ba8dbfee: Verifying Checksum
d2a7ba8dbfee: Download complete
32e44235e1d5: Download complete
3b00567da964: Verifying Checksum
3b00567da964: Download complete
dad67da3f26b: Pull complete
3b00567da964: Pull complete
56b81cfa547d: Pull complete
1bc5dc8b475d: Pull complete
979e6233a40a: Pull complete
d2a7ba8dbfee: Pull complete
32e44235e1d5: Pull complete
Digest: sha256:6784fb0834aa7dbbe12e3d7471e69c290df3e6ba810dc38b34ae33d3c1c05f7d
Status: Downloaded newer image for nginx:latest
docker.io/library/nginx:latest
Starting container my-nginx
56c031e15e22ce6d51115a9ea5b08eb224e61ea83315471a0495982f286d5f0f
2025-06-12 10:27:53 - Setup complete
2025-06-12 11:21:34 - Starting setup
Docker already installed
Creating disk file docker_data/disk.img
Pulling Docker image nginx:latest
latest: Pulling from library/nginx
dad67da3f26b: Pulling fs layer
3b00567da964: Pulling fs layer
56b81cfa547d: Pulling fs layer
1bc5dc8b475d: Pulling fs layer
979e6233a40a: Pulling fs layer
d2a7ba8dbfee: Pulling fs layer
32e44235e1d5: Pulling fs layer
1bc5dc8b475d: Waiting
979e6233a40a: Waiting
d2a7ba8dbfee: Waiting
32e44235e1d5: Waiting
56b81cfa547d: Download complete
1bc5dc8b475d: Verifying Checksum
1bc5dc8b475d: Download complete
3b00567da964: Verifying Checksum
3b00567da964: Download complete
979e6233a40a: Verifying Checksum
979e6233a40a: Download complete
dad67da3f26b: Verifying Checksum
dad67da3f26b: Download complete
d2a7ba8dbfee: Verifying Checksum
d2a7ba8dbfee: Download complete
32e44235e1d5: Verifying Checksum
32e44235e1d5: Download complete
dad67da3f26b: Pull complete
3b00567da964: Pull complete
56b81cfa547d: Pull complete
1bc5dc8b475d: Pull complete
979e6233a40a: Pull complete
d2a7ba8dbfee: Pull complete
32e44235e1d5: Pull complete
Digest: sha256:6784fb0834aa7dbbe12e3d7471e69c290df3e6ba810dc38b34ae33d3c1c05f7d
Status: Downloaded newer image for nginx:latest
docker.io/library/nginx:latest
Starting container my-nginx
924b544f3c57e214d36dcfd32b1eca21675697d8e4791988a6c29bbc419472d8
2025-06-12 11:21:38 - Setup complete
2025-06-12 12:52:15 - Starting setup
Docker already installed
Creating disk file docker_data/disk.img
Pulling Docker image nginx:latest
latest: Pulling from library/nginx
dad67da3f26b: Pulling fs layer
3b00567da964: Pulling fs layer
56b81cfa547d: Pulling fs layer
1bc5dc8b475d: Pulling fs layer
979e6233a40a: Pulling fs layer
d2a7ba8dbfee: Pulling fs layer
32e44235e1d5: Pulling fs layer
1bc5dc8b475d: Waiting
d2a7ba8dbfee: Waiting
979e6233a40a: Waiting
56b81cfa547d: Download complete
dad67da3f26b: Verifying Checksum
dad67da3f26b: Download complete
3b00567da964: Verifying Checksum
3b00567da964: Download complete
1bc5dc8b475d: Verifying Checksum
1bc5dc8b475d: Download complete
979e6233a40a: Verifying Checksum
979e6233a40a: Download complete
d2a7ba8dbfee: Verifying Checksum
d2a7ba8dbfee: Download complete
32e44235e1d5: Verifying Checksum
32e44235e1d5: Download complete
dad67da3f26b: Pull complete
3b00567da964: Pull complete
56b81cfa547d: Pull complete
1bc5dc8b475d: Pull complete
979e6233a40a: Pull complete
d2a7ba8dbfee: Pull complete
32e44235e1d5: Pull complete
Digest: sha256:6784fb0834aa7dbbe12e3d7471e69c290df3e6ba810dc38b34ae33d3c1c05f7d
Status: Downloaded newer image for nginx:latest
docker.io/library/nginx:latest
Starting container my-nginx
b0c8bc4a7652c548cdd9d89a2befc563b30be503826905c86cb254d904314837
2025-06-12 12:52:19 - Setup complete
2025-06-12 13:37:00 - Starting setup
Docker already installed
Creating disk file docker_data/disk.img
Pulling Docker image nginx:latest
latest: Pulling from library/nginx
dad67da3f26b: Pulling fs layer
3b00567da964: Pulling fs layer
56b81cfa547d: Pulling fs layer
1bc5dc8b475d: Pulling fs layer
979e6233a40a: Pulling fs layer
d2a7ba8dbfee: Pulling fs layer
32e44235e1d5: Pulling fs layer
979e6233a40a: Waiting
d2a7ba8dbfee: Waiting
32e44235e1d5: Waiting
1bc5dc8b475d: Waiting
56b81cfa547d: Verifying Checksum
56b81cfa547d: Download complete
1bc5dc8b475d: Verifying Checksum
1bc5dc8b475d: Download complete
979e6233a40a: Verifying Checksum
979e6233a40a: Download complete
dad67da3f26b: Verifying Checksum
dad67da3f26b: Download complete
d2a7ba8dbfee: Verifying Checksum
d2a7ba8dbfee: Download complete
3b00567da964: Verifying Checksum
3b00567da964: Download complete
32e44235e1d5: Verifying Checksum
32e44235e1d5: Download complete
dad67da3f26b: Pull complete
3b00567da964: Pull complete
56b81cfa547d: Pull complete
1bc5dc8b475d: Pull complete
979e6233a40a: Pull complete
d2a7ba8dbfee: Pull complete
32e44235e1d5: Pull complete
Digest: sha256:6784fb0834aa7dbbe12e3d7471e69c290df3e6ba810dc38b34ae33d3c1c05f7d
Status: Downloaded newer image for nginx:latest
docker.io/library/nginx:latest
Starting container my-nginx
804a031ce9d177ff38abebdd4281d9bcd2d3a5f3d90e23ef5e54370a8a1f960a
2025-06-12 13:37:04 - Setup complete
2025-06-12 14:25:33 - Starting setup
Docker already installed
Creating disk file docker_data/disk.img
Pulling Docker image nginx:latest
latest: Pulling from library/nginx
dad67da3f26b: Pulling fs layer
3b00567da964: Pulling fs layer
56b81cfa547d: Pulling fs layer
1bc5dc8b475d: Pulling fs layer
979e6233a40a: Pulling fs layer
d2a7ba8dbfee: Pulling fs layer
32e44235e1d5: Pulling fs layer
979e6233a40a: Waiting
d2a7ba8dbfee: Waiting
32e44235e1d5: Waiting
1bc5dc8b475d: Waiting
56b81cfa547d: Download complete
1bc5dc8b475d: Verifying Checksum
1bc5dc8b475d: Download complete
dad67da3f26b: Verifying Checksum
dad67da3f26b: Download complete
3b00567da964: Verifying Checksum
3b00567da964: Download complete
979e6233a40a: Verifying Checksum
979e6233a40a: Download complete
d2a7ba8dbfee: Verifying Checksum
d2a7ba8dbfee: Download complete
32e44235e1d5: Verifying Checksum
32e44235e1d5: Download complete
dad67da3f26b: Pull complete
3b00567da964: Pull complete
56b81cfa547d: Pull complete
1bc5dc8b475d: Pull complete
979e6233a40a: Pull complete
d2a7ba8dbfee: Pull complete
32e44235e1d5: Pull complete
Digest: sha256:6784fb0834aa7dbbe12e3d7471e69c290df3e6ba810dc38b34ae33d3c1c05f7d
Status: Downloaded newer image for nginx:latest
docker.io/library/nginx:latest
Starting container my-nginx
e2cf906e553da55c7f0360f766c2f21278d24470d8248300f6d66cf437af9ad9
2025-06-12 14:25:37 - Setup complete
2025-06-12 15:27:26 - Starting setup
Docker already installed
Creating disk file docker_data/disk.img
Pulling Docker image nginx:latest
latest: Pulling from library/nginx
dad67da3f26b: Pulling fs layer
3b00567da964: Pulling fs layer
56b81cfa547d: Pulling fs layer
1bc5dc8b475d: Pulling fs layer
979e6233a40a: Pulling fs layer
d2a7ba8dbfee: Pulling fs layer
32e44235e1d5: Pulling fs layer
1bc5dc8b475d: Waiting
979e6233a40a: Waiting
d2a7ba8dbfee: Waiting
32e44235e1d5: Waiting
56b81cfa547d: Verifying Checksum
56b81cfa547d: Download complete
1bc5dc8b475d: Verifying Checksum
1bc5dc8b475d: Download complete
3b00567da964: Verifying Checksum
3b00567da964: Download complete
979e6233a40a: Verifying Checksum
979e6233a40a: Download complete
dad67da3f26b: Download complete
32e44235e1d5: Verifying Checksum
32e44235e1d5: Download complete
d2a7ba8dbfee: Download complete
dad67da3f26b: Pull complete
3b00567da964: Pull complete
56b81cfa547d: Pull complete
1bc5dc8b475d: Pull complete
979e6233a40a: Pull complete
d2a7ba8dbfee: Pull complete
32e44235e1d5: Pull complete
Digest: sha256:6784fb0834aa7dbbe12e3d7471e69c290df3e6ba810dc38b34ae33d3c1c05f7d
Status: Downloaded newer image for nginx:latest
docker.io/library/nginx:latest
Starting container my-nginx
489fc7a9292a02c07244981d1fa7b0f80073c3036bec5a811b68790ddcd75255
2025-06-12 15:27:30 - Setup complete
2025-06-12 16:32:04 - Starting setup
Docker already installed
Creating disk file docker_data/disk.img
Pulling Docker image nginx:latest
latest: Pulling from library/nginx
dad67da3f26b: Pulling fs layer
3b00567da964: Pulling fs layer
56b81cfa547d: Pulling fs layer
1bc5dc8b475d: Pulling fs layer
979e6233a40a: Pulling fs layer
d2a7ba8dbfee: Pulling fs layer
32e44235e1d5: Pulling fs layer
1bc5dc8b475d: Waiting
979e6233a40a: Waiting
d2a7ba8dbfee: Waiting
32e44235e1d5: Waiting
56b81cfa547d: Download complete
1bc5dc8b475d: Verifying Checksum
1bc5dc8b475d: Download complete
979e6233a40a: Download complete
dad67da3f26b: Verifying Checksum
dad67da3f26b: Download complete
d2a7ba8dbfee: Verifying Checksum
d2a7ba8dbfee: Download complete
32e44235e1d5: Download complete
3b00567da964: Verifying Checksum
3b00567da964: Download complete
dad67da3f26b: Pull complete
3b00567da964: Pull complete
56b81cfa547d: Pull complete
1bc5dc8b475d: Pull complete
979e6233a40a: Pull complete
d2a7ba8dbfee: Pull complete
32e44235e1d5: Pull complete
Digest: sha256:6784fb0834aa7dbbe12e3d7471e69c290df3e6ba810dc38b34ae33d3c1c05f7d
Status: Downloaded newer image for nginx:latest
docker.io/library/nginx:latest
Starting container my-nginx
d2e971f2afa275d8d2333f741d28a9809c449c1e8fcb874fe25767eb32e4231a
2025-06-12 16:32:07 - Setup complete
2025-06-12 17:22:32 - Starting setup
Docker already installed
Creating disk file docker_data/disk.img
Pulling Docker image nginx:latest
latest: Pulling from library/nginx
dad67da3f26b: Pulling fs layer
3b00567da964: Pulling fs layer
56b81cfa547d: Pulling fs layer
1bc5dc8b475d: Pulling fs layer
979e6233a40a: Pulling fs layer
d2a7ba8dbfee: Pulling fs layer
32e44235e1d5: Pulling fs layer
979e6233a40a: Waiting
d2a7ba8dbfee: Waiting
32e44235e1d5: Waiting
1bc5dc8b475d: Waiting
56b81cfa547d: Verifying Checksum
56b81cfa547d: Download complete
1bc5dc8b475d: Verifying Checksum
1bc5dc8b475d: Download complete
dad67da3f26b: Verifying Checksum
dad67da3f26b: Download complete
979e6233a40a: Download complete
d2a7ba8dbfee: Download complete
32e44235e1d5: Verifying Checksum
32e44235e1d5: Download complete
3b00567da964: Verifying Checksum
3b00567da964: Download complete
dad67da3f26b: Pull complete
3b00567da964: Pull complete
56b81cfa547d: Pull complete
1bc5dc8b475d: Pull complete
979e6233a40a: Pull complete
d2a7ba8dbfee: Pull complete
32e44235e1d5: Pull complete
Digest: sha256:6784fb0834aa7dbbe12e3d7471e69c290df3e6ba810dc38b34ae33d3c1c05f7d
Status: Downloaded newer image for nginx:latest
docker.io/library/nginx:latest
Starting container my-nginx
3b8ca40464be0a893a1fa63e094993240c188f03f34eb830df69a9046d77a346
2025-06-12 17:22:37 - Setup complete
2025-06-12 18:34:06 - Starting setup
Docker already installed
Creating disk file docker_data/disk.img
Pulling Docker image nginx:latest
latest: Pulling from library/nginx
dad67da3f26b: Pulling fs layer
3b00567da964: Pulling fs layer
56b81cfa547d: Pulling fs layer
1bc5dc8b475d: Pulling fs layer
979e6233a40a: Pulling fs layer
d2a7ba8dbfee: Pulling fs layer
32e44235e1d5: Pulling fs layer
1bc5dc8b475d: Waiting
979e6233a40a: Waiting
d2a7ba8dbfee: Waiting
32e44235e1d5: Waiting
56b81cfa547d: Verifying Checksum
56b81cfa547d: Download complete
dad67da3f26b: Verifying Checksum
dad67da3f26b: Download complete
1bc5dc8b475d: Verifying Checksum
1bc5dc8b475d: Download complete
979e6233a40a: Verifying Checksum
979e6233a40a: Download complete
3b00567da964: Verifying Checksum
3b00567da964: Download complete
d2a7ba8dbfee: Verifying Checksum
d2a7ba8dbfee: Download complete
32e44235e1d5: Verifying Checksum
32e44235e1d5: Download complete
dad67da3f26b: Pull complete
3b00567da964: Pull complete
56b81cfa547d: Pull complete
1bc5dc8b475d: Pull complete
979e6233a40a: Pull complete
d2a7ba8dbfee: Pull complete
32e44235e1d5: Pull complete
Digest: sha256:6784fb0834aa7dbbe12e3d7471e69c290df3e6ba810dc38b34ae33d3c1c05f7d
Status: Downloaded newer image for nginx:latest
docker.io/library/nginx:latest
Starting container my-nginx
62b242e7a71a4d2ffe480d68a1956e636a65c3d1d377a27b9bad6662d4d15810
2025-06-12 18:34:10 - Setup complete
2025-06-12 19:19:21 - Starting setup
Docker already installed
Creating disk file docker_data/disk.img
Pulling Docker image nginx:latest
latest: Pulling from library/nginx
dad67da3f26b: Pulling fs layer
3b00567da964: Pulling fs layer
56b81cfa547d: Pulling fs layer
1bc5dc8b475d: Pulling fs layer
979e6233a40a: Pulling fs layer
d2a7ba8dbfee: Pulling fs layer
32e44235e1d5: Pulling fs layer
979e6233a40a: Waiting
d2a7ba8dbfee: Waiting
32e44235e1d5: Waiting
56b81cfa547d: Verifying Checksum
56b81cfa547d: Download complete
1bc5dc8b475d: Verifying Checksum
1bc5dc8b475d: Download complete
dad67da3f26b: Verifying Checksum
dad67da3f26b: Download complete
979e6233a40a: Verifying Checksum
979e6233a40a: Download complete
d2a7ba8dbfee: Verifying Checksum
d2a7ba8dbfee: Download complete
3b00567da964: Verifying Checksum
3b00567da964: Download complete
32e44235e1d5: Verifying Checksum
32e44235e1d5: Download complete
dad67da3f26b: Pull complete
3b00567da964: Pull complete
56b81cfa547d: Pull complete
1bc5dc8b475d: Pull complete
979e6233a40a: Pull complete
d2a7ba8dbfee: Pull complete
32e44235e1d5: Pull complete
Digest: sha256:6784fb0834aa7dbbe12e3d7471e69c290df3e6ba810dc38b34ae33d3c1c05f7d
Status: Downloaded newer image for nginx:latest
docker.io/library/nginx:latest
Starting container my-nginx
434bd3b5688c979fe0ffeecdea8dd01806848da4215637484fd5692992067ca7
2025-06-12 19:19:25 - Setup complete
2025-06-12 20:27:32 - Starting setup
Docker already installed
Creating disk file docker_data/disk.img
Pulling Docker image nginx:latest
latest: Pulling from library/nginx
dad67da3f26b: Pulling fs layer
3b00567da964: Pulling fs layer
56b81cfa547d: Pulling fs layer
1bc5dc8b475d: Pulling fs layer
979e6233a40a: Pulling fs layer
d2a7ba8dbfee: Pulling fs layer
32e44235e1d5: Pulling fs layer
1bc5dc8b475d: Waiting
979e6233a40a: Waiting
d2a7ba8dbfee: Waiting
56b81cfa547d: Verifying Checksum
56b81cfa547d: Download complete
1bc5dc8b475d: Download complete
979e6233a40a: Verifying Checksum
979e6233a40a: Download complete
d2a7ba8dbfee: Verifying Checksum
d2a7ba8dbfee: Download complete
32e44235e1d5: Verifying Checksum
32e44235e1d5: Download complete
dad67da3f26b: Verifying Checksum
dad67da3f26b: Download complete
3b00567da964: Verifying Checksum
3b00567da964: Download complete
dad67da3f26b: Pull complete
3b00567da964: Pull complete
56b81cfa547d: Pull complete
1bc5dc8b475d: Pull complete
979e6233a40a: Pull complete
d2a7ba8dbfee: Pull complete
32e44235e1d5: Pull complete
Digest: sha256:6784fb0834aa7dbbe12e3d7471e69c290df3e6ba810dc38b34ae33d3c1c05f7d
Status: Downloaded newer image for nginx:latest
docker.io/library/nginx:latest
Starting container my-nginx
7c50f37c0adb8635ff6efc057a0d8c08a6a11aa02cddce9472898e1d10928052
2025-06-12 20:27:36 - Setup complete
2025-06-12 21:23:48 - Starting setup
Docker already installed
Creating disk file docker_data/disk.img
Pulling Docker image nginx:latest
latest: Pulling from library/nginx
dad67da3f26b: Pulling fs layer
3b00567da964: Pulling fs layer
56b81cfa547d: Pulling fs layer
1bc5dc8b475d: Pulling fs layer
979e6233a40a: Pulling fs layer
d2a7ba8dbfee: Pulling fs layer
32e44235e1d5: Pulling fs layer
1bc5dc8b475d: Waiting
979e6233a40a: Waiting
d2a7ba8dbfee: Waiting
32e44235e1d5: Waiting
56b81cfa547d: Verifying Checksum
56b81cfa547d: Download complete
1bc5dc8b475d: Verifying Checksum
1bc5dc8b475d: Download complete
dad67da3f26b: Download complete
3b00567da964: Verifying Checksum
3b00567da964: Download complete
979e6233a40a: Verifying Checksum
979e6233a40a: Download complete
d2a7ba8dbfee: Download complete
32e44235e1d5: Verifying Checksum
32e44235e1d5: Download complete
dad67da3f26b: Pull complete
3b00567da964: Pull complete
56b81cfa547d: Pull complete
1bc5dc8b475d: Pull complete
979e6233a40a: Pull complete
d2a7ba8dbfee: Pull complete
32e44235e1d5: Pull complete
Digest: sha256:6784fb0834aa7dbbe12e3d7471e69c290df3e6ba810dc38b34ae33d3c1c05f7d
Status: Downloaded newer image for nginx:latest
docker.io/library/nginx:latest
Starting container my-nginx
53b3480ba61870690b030812dc6d5bb91b408723ff882a37929df19355394ec3
2025-06-12 21:23:53 - Setup complete
2025-06-12 22:23:57 - Starting setup
Docker already installed
Creating disk file docker_data/disk.img
Pulling Docker image nginx:latest
latest: Pulling from library/nginx
dad67da3f26b: Pulling fs layer
3b00567da964: Pulling fs layer
56b81cfa547d: Pulling fs layer
1bc5dc8b475d: Pulling fs layer
979e6233a40a: Pulling fs layer
d2a7ba8dbfee: Pulling fs layer
32e44235e1d5: Pulling fs layer
979e6233a40a: Waiting
1bc5dc8b475d: Waiting
d2a7ba8dbfee: Waiting
32e44235e1d5: Waiting
56b81cfa547d: Verifying Checksum
56b81cfa547d: Download complete
1bc5dc8b475d: Download complete
dad67da3f26b: Verifying Checksum
dad67da3f26b: Download complete
979e6233a40a: Verifying Checksum
979e6233a40a: Download complete
d2a7ba8dbfee: Verifying Checksum
d2a7ba8dbfee: Download complete
3b00567da964: Verifying Checksum
3b00567da964: Download complete
32e44235e1d5: Verifying Checksum
32e44235e1d5: Download complete
dad67da3f26b: Pull complete
3b00567da964: Pull complete
56b81cfa547d: Pull complete
1bc5dc8b475d: Pull complete
979e6233a40a: Pull complete
d2a7ba8dbfee: Pull complete
32e44235e1d5: Pull complete
Digest: sha256:6784fb0834aa7dbbe12e3d7471e69c290df3e6ba810dc38b34ae33d3c1c05f7d
Status: Downloaded newer image for nginx:latest
docker.io/library/nginx:latest
Starting container my-nginx
69e7622f8b2e5c2e3d99f84b0ceb115251b8076bf212bac711e4a43e68409e5f
2025-06-12 22:24:02 - Setup complete
2025-06-12 23:23:31 - Starting setup
Docker already installed
Creating disk file docker_data/disk.img
Pulling Docker image nginx:latest
latest: Pulling from library/nginx
dad67da3f26b: Pulling fs layer
3b00567da964: Pulling fs layer
56b81cfa547d: Pulling fs layer
1bc5dc8b475d: Pulling fs layer
979e6233a40a: Pulling fs layer
d2a7ba8dbfee: Pulling fs layer
32e44235e1d5: Pulling fs layer
979e6233a40a: Waiting
1bc5dc8b475d: Waiting
d2a7ba8dbfee: Waiting
32e44235e1d5: Waiting
56b81cfa547d: Verifying Checksum
56b81cfa547d: Download complete
1bc5dc8b475d: Verifying Checksum
1bc5dc8b475d: Download complete
979e6233a40a: Verifying Checksum
979e6233a40a: Download complete
d2a7ba8dbfee: Download complete
dad67da3f26b: Verifying Checksum
dad67da3f26b: Download complete
32e44235e1d5: Verifying Checksum
32e44235e1d5: Download complete
3b00567da964: Verifying Checksum
3b00567da964: Download complete
dad67da3f26b: Pull complete
3b00567da964: Pull complete
56b81cfa547d: Pull complete
1bc5dc8b475d: Pull complete
979e6233a40a: Pull complete
d2a7ba8dbfee: Pull complete
32e44235e1d5: Pull complete
Digest: sha256:6784fb0834aa7dbbe12e3d7471e69c290df3e6ba810dc38b34ae33d3c1c05f7d
Status: Downloaded newer image for nginx:latest
docker.io/library/nginx:latest
Starting container my-nginx
19621cf5aec7645c1b9c4e3bb64ec1bf58e43d6cb954c0b8087a9a4f84769d10
2025-06-12 23:23:36 - Setup complete
2025-06-13 02:04:00 - Starting setup
Docker already installed
Creating disk file docker_data/disk.img
Pulling Docker image nginx:latest
latest: Pulling from library/nginx
dad67da3f26b: Pulling fs layer
3b00567da964: Pulling fs layer
56b81cfa547d: Pulling fs layer
1bc5dc8b475d: Pulling fs layer
979e6233a40a: Pulling fs layer
d2a7ba8dbfee: Pulling fs layer
32e44235e1d5: Pulling fs layer
979e6233a40a: Waiting
d2a7ba8dbfee: Waiting
32e44235e1d5: Waiting
1bc5dc8b475d: Waiting
56b81cfa547d: Verifying Checksum
56b81cfa547d: Download complete
1bc5dc8b475d: Verifying Checksum
1bc5dc8b475d: Download complete
dad67da3f26b: Download complete
979e6233a40a: Verifying Checksum
979e6233a40a: Download complete
d2a7ba8dbfee: Verifying Checksum
d2a7ba8dbfee: Download complete
3b00567da964: Verifying Checksum
3b00567da964: Download complete
32e44235e1d5: Verifying Checksum
32e44235e1d5: Download complete
dad67da3f26b: Pull complete
3b00567da964: Pull complete
56b81cfa547d: Pull complete
1bc5dc8b475d: Pull complete
979e6233a40a: Pull complete
d2a7ba8dbfee: Pull complete
32e44235e1d5: Pull complete
Digest: sha256:6784fb0834aa7dbbe12e3d7471e69c290df3e6ba810dc38b34ae33d3c1c05f7d
Status: Downloaded newer image for nginx:latest
docker.io/library/nginx:latest
Starting container my-nginx
4908ef27492a863f1a338d148dad4967d1a36542e1646a58b4ff52a3d35d4903
2025-06-13 02:04:04 - Setup complete
2025-06-13 03:50:05 - Starting setup
Docker already installed
Creating disk file docker_data/disk.img
Pulling Docker image nginx:latest
latest: Pulling from library/nginx
dad67da3f26b: Pulling fs layer
3b00567da964: Pulling fs layer
56b81cfa547d: Pulling fs layer
1bc5dc8b475d: Pulling fs layer
979e6233a40a: Pulling fs layer
d2a7ba8dbfee: Pulling fs layer
32e44235e1d5: Pulling fs layer
979e6233a40a: Waiting
1bc5dc8b475d: Waiting
d2a7ba8dbfee: Waiting
32e44235e1d5: Waiting
56b81cfa547d: Verifying Checksum
56b81cfa547d: Download complete
1bc5dc8b475d: Verifying Checksum
1bc5dc8b475d: Download complete
979e6233a40a: Verifying Checksum
979e6233a40a: Download complete
dad67da3f26b: Verifying Checksum
dad67da3f26b: Download complete
3b00567da964: Verifying Checksum
3b00567da964: Download complete
d2a7ba8dbfee: Verifying Checksum
d2a7ba8dbfee: Download complete
32e44235e1d5: Verifying Checksum
32e44235e1d5: Download complete
dad67da3f26b: Pull complete
3b00567da964: Pull complete
56b81cfa547d: Pull complete
1bc5dc8b475d: Pull complete
979e6233a40a: Pull complete
d2a7ba8dbfee: Pull complete
32e44235e1d5: Pull complete
Digest: sha256:6784fb0834aa7dbbe12e3d7471e69c290df3e6ba810dc38b34ae33d3c1c05f7d
Status: Downloaded newer image for nginx:latest
docker.io/library/nginx:latest
Starting container my-nginx
37f9b0089963ace15a80989dae9d589e5da09559d59491b35abbaa2eeeaa3d23
2025-06-13 03:50:09 - Setup complete
2025-06-13 04:32:51 - Starting setup
Docker already installed
Creating disk file docker_data/disk.img
Pulling Docker image nginx:latest
latest: Pulling from library/nginx
dad67da3f26b: Pulling fs layer
3b00567da964: Pulling fs layer
56b81cfa547d: Pulling fs layer
1bc5dc8b475d: Pulling fs layer
979e6233a40a: Pulling fs layer
d2a7ba8dbfee: Pulling fs layer
32e44235e1d5: Pulling fs layer
979e6233a40a: Waiting
d2a7ba8dbfee: Waiting
32e44235e1d5: Waiting
1bc5dc8b475d: Waiting
56b81cfa547d: Download complete
dad67da3f26b: Download complete
1bc5dc8b475d: Verifying Checksum
1bc5dc8b475d: Download complete
3b00567da964: Verifying Checksum
3b00567da964: Download complete
979e6233a40a: Verifying Checksum
979e6233a40a: Download complete
d2a7ba8dbfee: Verifying Checksum
d2a7ba8dbfee: Download complete
32e44235e1d5: Verifying Checksum
32e44235e1d5: Download complete
dad67da3f26b: Pull complete
3b00567da964: Pull complete
56b81cfa547d: Pull complete
1bc5dc8b475d: Pull complete
979e6233a40a: Pull complete
d2a7ba8dbfee: Pull complete
32e44235e1d5: Pull complete
Digest: sha256:6784fb0834aa7dbbe12e3d7471e69c290df3e6ba810dc38b34ae33d3c1c05f7d
Status: Downloaded newer image for nginx:latest
docker.io/library/nginx:latest
Starting container my-nginx
d5d3304f3de98d7d3b41366565c4958a55cff1cc3e2d2f24f86cbc2e7f558774
2025-06-13 04:32:55 - Setup complete
2025-06-13 05:24:56 - Starting setup
Docker already installed
Creating disk file docker_data/disk.img
Pulling Docker image nginx:latest
latest: Pulling from library/nginx
dad67da3f26b: Pulling fs layer
3b00567da964: Pulling fs layer
56b81cfa547d: Pulling fs layer
1bc5dc8b475d: Pulling fs layer
979e6233a40a: Pulling fs layer
d2a7ba8dbfee: Pulling fs layer
32e44235e1d5: Pulling fs layer
1bc5dc8b475d: Waiting
979e6233a40a: Waiting
d2a7ba8dbfee: Waiting
32e44235e1d5: Waiting
56b81cfa547d: Verifying Checksum
56b81cfa547d: Download complete
dad67da3f26b: Verifying Checksum
dad67da3f26b: Download complete
1bc5dc8b475d: Verifying Checksum
1bc5dc8b475d: Download complete
3b00567da964: Verifying Checksum
3b00567da964: Download complete
979e6233a40a: Verifying Checksum
979e6233a40a: Download complete
d2a7ba8dbfee: Verifying Checksum
d2a7ba8dbfee: Download complete
32e44235e1d5: Verifying Checksum
32e44235e1d5: Download complete
dad67da3f26b: Pull complete
3b00567da964: Pull complete
56b81cfa547d: Pull complete
1bc5dc8b475d: Pull complete
979e6233a40a: Pull complete
d2a7ba8dbfee: Pull complete
32e44235e1d5: Pull complete
Digest: sha256:6784fb0834aa7dbbe12e3d7471e69c290df3e6ba810dc38b34ae33d3c1c05f7d
Status: Downloaded newer image for nginx:latest
docker.io/library/nginx:latest
Starting container my-nginx
729d4145054e9026623644037084c30cc4527fc96cd773fe04fc8354d2bce974
2025-06-13 05:25:01 - Setup complete
2025-06-13 06:36:18 - Starting setup
Docker already installed
Creating disk file docker_data/disk.img
Pulling Docker image nginx:latest
latest: Pulling from library/nginx
dad67da3f26b: Pulling fs layer
3b00567da964: Pulling fs layer
56b81cfa547d: Pulling fs layer
1bc5dc8b475d: Pulling fs layer
979e6233a40a: Pulling fs layer
d2a7ba8dbfee: Pulling fs layer
32e44235e1d5: Pulling fs layer
979e6233a40a: Waiting
1bc5dc8b475d: Waiting
d2a7ba8dbfee: Waiting
32e44235e1d5: Waiting
56b81cfa547d: Verifying Checksum
1bc5dc8b475d: Verifying Checksum
1bc5dc8b475d: Download complete
dad67da3f26b: Verifying Checksum
dad67da3f26b: Download complete
979e6233a40a: Verifying Checksum
979e6233a40a: Download complete
d2a7ba8dbfee: Verifying Checksum
d2a7ba8dbfee: Download complete
32e44235e1d5: Verifying Checksum
32e44235e1d5: Download complete
3b00567da964: Verifying Checksum
3b00567da964: Download complete
dad67da3f26b: Pull complete
3b00567da964: Pull complete
56b81cfa547d: Pull complete
1bc5dc8b475d: Pull complete
979e6233a40a: Pull complete
d2a7ba8dbfee: Pull complete
32e44235e1d5: Pull complete
Digest: sha256:6784fb0834aa7dbbe12e3d7471e69c290df3e6ba810dc38b34ae33d3c1c05f7d
Status: Downloaded newer image for nginx:latest
docker.io/library/nginx:latest
Starting container my-nginx
cc33267b6d1e0db121c049ca8d7efdaa24353270c6a2f86056b0050233a86ff2
2025-06-13 06:36:21 - Setup complete
2025-06-13 07:23:55 - Starting setup
Docker already installed
Creating disk file docker_data/disk.img
Pulling Docker image nginx:latest
latest: Pulling from library/nginx
dad67da3f26b: Pulling fs layer
3b00567da964: Pulling fs layer
56b81cfa547d: Pulling fs layer
1bc5dc8b475d: Pulling fs layer
979e6233a40a: Pulling fs layer
d2a7ba8dbfee: Pulling fs layer
32e44235e1d5: Pulling fs layer
979e6233a40a: Waiting
d2a7ba8dbfee: Waiting
32e44235e1d5: Waiting
1bc5dc8b475d: Waiting
56b81cfa547d: Verifying Checksum
56b81cfa547d: Download complete
1bc5dc8b475d: Verifying Checksum
1bc5dc8b475d: Download complete
979e6233a40a: Verifying Checksum
979e6233a40a: Download complete
dad67da3f26b: Verifying Checksum
dad67da3f26b: Download complete
d2a7ba8dbfee: Verifying Checksum
d2a7ba8dbfee: Download complete
32e44235e1d5: Verifying Checksum
32e44235e1d5: Download complete
3b00567da964: Verifying Checksum
3b00567da964: Download complete
dad67da3f26b: Pull complete
3b00567da964: Pull complete
56b81cfa547d: Pull complete
1bc5dc8b475d: Pull complete
979e6233a40a: Pull complete
d2a7ba8dbfee: Pull complete
32e44235e1d5: Pull complete
Digest: sha256:6784fb0834aa7dbbe12e3d7471e69c290df3e6ba810dc38b34ae33d3c1c05f7d
Status: Downloaded newer image for nginx:latest
docker.io/library/nginx:latest
Starting container my-nginx
af60a4a046d2654946b92a15ec47023e8aa163f8b6f7c03650341f32486a328b
2025-06-13 07:23:59 - Setup complete
2025-06-13 08:32:53 - Starting setup
Docker already installed
Creating disk file docker_data/disk.img
Pulling Docker image nginx:latest
latest: Pulling from library/nginx
dad67da3f26b: Pulling fs layer
3b00567da964: Pulling fs layer
56b81cfa547d: Pulling fs layer
1bc5dc8b475d: Pulling fs layer
979e6233a40a: Pulling fs layer
d2a7ba8dbfee: Pulling fs layer
32e44235e1d5: Pulling fs layer
1bc5dc8b475d: Waiting
979e6233a40a: Waiting
d2a7ba8dbfee: Waiting
56b81cfa547d: Download complete
1bc5dc8b475d: Verifying Checksum
1bc5dc8b475d: Download complete
dad67da3f26b: Download complete
979e6233a40a: Download complete
3b00567da964: Verifying Checksum
3b00567da964: Download complete
d2a7ba8dbfee: Verifying Checksum
d2a7ba8dbfee: Download complete
32e44235e1d5: Verifying Checksum
32e44235e1d5: Download complete
dad67da3f26b: Pull complete
3b00567da964: Pull complete
56b81cfa547d: Pull complete
1bc5dc8b475d: Pull complete
979e6233a40a: Pull complete
d2a7ba8dbfee: Pull complete
32e44235e1d5: Pull complete
Digest: sha256:6784fb0834aa7dbbe12e3d7471e69c290df3e6ba810dc38b34ae33d3c1c05f7d
Status: Downloaded newer image for nginx:latest
docker.io/library/nginx:latest
Starting container my-nginx
9ba5aa165b6f389b5a7d9b6020ad7e622b325f3aed9fc2d41665339eb7cca3b3
2025-06-13 08:32:57 - Setup complete
2025-06-13 09:27:06 - Starting setup
Docker already installed
Creating disk file docker_data/disk.img
Pulling Docker image nginx:latest
latest: Pulling from library/nginx
dad67da3f26b: Pulling fs layer
3b00567da964: Pulling fs layer
56b81cfa547d: Pulling fs layer
1bc5dc8b475d: Pulling fs layer
979e6233a40a: Pulling fs layer
d2a7ba8dbfee: Pulling fs layer
32e44235e1d5: Pulling fs layer
979e6233a40a: Waiting
1bc5dc8b475d: Waiting
d2a7ba8dbfee: Waiting
32e44235e1d5: Waiting
56b81cfa547d: Download complete
1bc5dc8b475d: Download complete
979e6233a40a: Download complete
d2a7ba8dbfee: Verifying Checksum
d2a7ba8dbfee: Download complete
3b00567da964: Download complete
dad67da3f26b: Verifying Checksum
dad67da3f26b: Download complete
32e44235e1d5: Verifying Checksum
32e44235e1d5: Download complete
dad67da3f26b: Pull complete
3b00567da964: Pull complete
56b81cfa547d: Pull complete
1bc5dc8b475d: Pull complete
979e6233a40a: Pull complete
d2a7ba8dbfee: Pull complete
32e44235e1d5: Pull complete
Digest: sha256:6784fb0834aa7dbbe12e3d7471e69c290df3e6ba810dc38b34ae33d3c1c05f7d
Status: Downloaded newer image for nginx:latest
docker.io/library/nginx:latest
Starting container my-nginx
44080dfb86b4bb22950abf777e9c63d2677bcf4904f293c974ea48e29d80d1f5
2025-06-13 09:27:10 - Setup complete
2025-06-13 10:27:33 - Starting setup
Docker already installed
Creating disk file docker_data/disk.img
Pulling Docker image nginx:latest
latest: Pulling from library/nginx
dad67da3f26b: Pulling fs layer
3b00567da964: Pulling fs layer
56b81cfa547d: Pulling fs layer
1bc5dc8b475d: Pulling fs layer
979e6233a40a: Pulling fs layer
d2a7ba8dbfee: Pulling fs layer
32e44235e1d5: Pulling fs layer
1bc5dc8b475d: Waiting
979e6233a40a: Waiting
d2a7ba8dbfee: Waiting
32e44235e1d5: Waiting
56b81cfa547d: Verifying Checksum
56b81cfa547d: Download complete
1bc5dc8b475d: Verifying Checksum
1bc5dc8b475d: Download complete
dad67da3f26b: Verifying Checksum
dad67da3f26b: Download complete
979e6233a40a: Download complete
d2a7ba8dbfee: Verifying Checksum
d2a7ba8dbfee: Download complete
32e44235e1d5: Download complete
3b00567da964: Verifying Checksum
3b00567da964: Download complete
dad67da3f26b: Pull complete
3b00567da964: Pull complete
56b81cfa547d: Pull complete
1bc5dc8b475d: Pull complete
979e6233a40a: Pull complete
d2a7ba8dbfee: Pull complete
32e44235e1d5: Pull complete
Digest: sha256:6784fb0834aa7dbbe12e3d7471e69c290df3e6ba810dc38b34ae33d3c1c05f7d
Status: Downloaded newer image for nginx:latest
docker.io/library/nginx:latest
Starting container my-nginx
3991d1558695a1850e27d08e755b9d658b6605b872867d3591be35e166c066f2
2025-06-13 10:27:37 - Setup complete
2025-06-13 11:21:26 - Starting setup
Docker already installed
Creating disk file docker_data/disk.img
Pulling Docker image nginx:latest
latest: Pulling from library/nginx
dad67da3f26b: Pulling fs layer
3b00567da964: Pulling fs layer
56b81cfa547d: Pulling fs layer
1bc5dc8b475d: Pulling fs layer
979e6233a40a: Pulling fs layer
d2a7ba8dbfee: Pulling fs layer
32e44235e1d5: Pulling fs layer
979e6233a40a: Waiting
d2a7ba8dbfee: Waiting
32e44235e1d5: Waiting
1bc5dc8b475d: Waiting
56b81cfa547d: Verifying Checksum
56b81cfa547d: Download complete
1bc5dc8b475d: Download complete
dad67da3f26b: Verifying Checksum
dad67da3f26b: Download complete
979e6233a40a: Verifying Checksum
979e6233a40a: Download complete
d2a7ba8dbfee: Verifying Checksum
d2a7ba8dbfee: Download complete
3b00567da964: Verifying Checksum
3b00567da964: Download complete
32e44235e1d5: Verifying Checksum
32e44235e1d5: Download complete
dad67da3f26b: Pull complete
3b00567da964: Pull complete
56b81cfa547d: Pull complete
1bc5dc8b475d: Pull complete
979e6233a40a: Pull complete
d2a7ba8dbfee: Pull complete
32e44235e1d5: Pull complete
Digest: sha256:6784fb0834aa7dbbe12e3d7471e69c290df3e6ba810dc38b34ae33d3c1c05f7d
Status: Downloaded newer image for nginx:latest
docker.io/library/nginx:latest
Starting container my-nginx
f42e87600b9036899a37a5a93f0693aea0934986940ce4827f9bb7f83e0c1818
2025-06-13 11:21:30 - Setup complete
2025-06-13 12:51:36 - Starting setup
Docker already installed
Creating disk file docker_data/disk.img
Pulling Docker image nginx:latest
latest: Pulling from library/nginx
dad67da3f26b: Pulling fs layer
3b00567da964: Pulling fs layer
56b81cfa547d: Pulling fs layer
1bc5dc8b475d: Pulling fs layer
979e6233a40a: Pulling fs layer
d2a7ba8dbfee: Pulling fs layer
32e44235e1d5: Pulling fs layer
1bc5dc8b475d: Waiting
d2a7ba8dbfee: Waiting
979e6233a40a: Waiting
56b81cfa547d: Verifying Checksum
56b81cfa547d: Download complete
1bc5dc8b475d: Verifying Checksum
dad67da3f26b: Verifying Checksum
dad67da3f26b: Download complete
1bc5dc8b475d: Download complete
979e6233a40a: Verifying Checksum
979e6233a40a: Download complete
d2a7ba8dbfee: Verifying Checksum
d2a7ba8dbfee: Download complete
3b00567da964: Verifying Checksum
3b00567da964: Download complete
32e44235e1d5: Verifying Checksum
32e44235e1d5: Download complete
dad67da3f26b: Pull complete
3b00567da964: Pull complete
56b81cfa547d: Pull complete
1bc5dc8b475d: Pull complete
979e6233a40a: Pull complete
d2a7ba8dbfee: Pull complete
32e44235e1d5: Pull complete
Digest: sha256:6784fb0834aa7dbbe12e3d7471e69c290df3e6ba810dc38b34ae33d3c1c05f7d
Status: Downloaded newer image for nginx:latest
docker.io/library/nginx:latest
Starting container my-nginx
896cb7270914802d63104b0699b977b6110901ae61fd0e21fb6ab8886d741542
2025-06-13 12:51:40 - Setup complete
2025-06-13 13:35:28 - Starting setup
Docker already installed
Creating disk file docker_data/disk.img
Pulling Docker image nginx:latest
latest: Pulling from library/nginx
dad67da3f26b: Pulling fs layer
3b00567da964: Pulling fs layer
56b81cfa547d: Pulling fs layer
1bc5dc8b475d: Pulling fs layer
979e6233a40a: Pulling fs layer
d2a7ba8dbfee: Pulling fs layer
32e44235e1d5: Pulling fs layer
979e6233a40a: Waiting
d2a7ba8dbfee: Waiting
32e44235e1d5: Waiting
1bc5dc8b475d: Waiting
56b81cfa547d: Verifying Checksum
56b81cfa547d: Download complete
1bc5dc8b475d: Verifying Checksum
1bc5dc8b475d: Download complete
dad67da3f26b: Download complete
979e6233a40a: Verifying Checksum
979e6233a40a: Download complete
d2a7ba8dbfee: Download complete
32e44235e1d5: Verifying Checksum
32e44235e1d5: Download complete
3b00567da964: Verifying Checksum
3b00567da964: Download complete
dad67da3f26b: Pull complete
3b00567da964: Pull complete
56b81cfa547d: Pull complete
1bc5dc8b475d: Pull complete
979e6233a40a: Pull complete
d2a7ba8dbfee: Pull complete
32e44235e1d5: Pull complete
Digest: sha256:6784fb0834aa7dbbe12e3d7471e69c290df3e6ba810dc38b34ae33d3c1c05f7d
Status: Downloaded newer image for nginx:latest
docker.io/library/nginx:latest
Starting container my-nginx
5ad63e18b08efda55a1ff4085df8aa68b4674061b0a4fc512d276665f66b9812
2025-06-13 13:35:32 - Setup complete
2025-06-13 14:24:35 - Starting setup
Docker already installed
Creating disk file docker_data/disk.img
Pulling Docker image nginx:latest
latest: Pulling from library/nginx
dad67da3f26b: Pulling fs layer
3b00567da964: Pulling fs layer
56b81cfa547d: Pulling fs layer
1bc5dc8b475d: Pulling fs layer
979e6233a40a: Pulling fs layer
d2a7ba8dbfee: Pulling fs layer
32e44235e1d5: Pulling fs layer
979e6233a40a: Waiting
d2a7ba8dbfee: Waiting
32e44235e1d5: Waiting
1bc5dc8b475d: Waiting
56b81cfa547d: Verifying Checksum
56b81cfa547d: Download complete
1bc5dc8b475d: Verifying Checksum
1bc5dc8b475d: Download complete
dad67da3f26b: Verifying Checksum
dad67da3f26b: Download complete
979e6233a40a: Verifying Checksum
979e6233a40a: Download complete
3b00567da964: Verifying Checksum
3b00567da964: Download complete
d2a7ba8dbfee: Verifying Checksum
d2a7ba8dbfee: Download complete
32e44235e1d5: Verifying Checksum
32e44235e1d5: Download complete
dad67da3f26b: Pull complete
3b00567da964: Pull complete
56b81cfa547d: Pull complete
1bc5dc8b475d: Pull complete
979e6233a40a: Pull complete
d2a7ba8dbfee: Pull complete
32e44235e1d5: Pull complete
Digest: sha256:6784fb0834aa7dbbe12e3d7471e69c290df3e6ba810dc38b34ae33d3c1c05f7d
Status: Downloaded newer image for nginx:latest
docker.io/library/nginx:latest
Starting container my-nginx
9aca6c3e6cbe16062597fca7109d29301c730ccdf3834167833d7af68e50d34b
2025-06-13 14:24:39 - Setup complete
2025-06-13 15:26:53 - Starting setup
Docker already installed
Creating disk file docker_data/disk.img
Pulling Docker image nginx:latest
latest: Pulling from library/nginx
dad67da3f26b: Pulling fs layer
3b00567da964: Pulling fs layer
56b81cfa547d: Pulling fs layer
1bc5dc8b475d: Pulling fs layer
979e6233a40a: Pulling fs layer
d2a7ba8dbfee: Pulling fs layer
32e44235e1d5: Pulling fs layer
1bc5dc8b475d: Waiting
979e6233a40a: Waiting
d2a7ba8dbfee: Waiting
56b81cfa547d: Verifying Checksum
56b81cfa547d: Download complete
1bc5dc8b475d: Verifying Checksum
1bc5dc8b475d: Download complete
dad67da3f26b: Verifying Checksum
dad67da3f26b: Download complete
979e6233a40a: Download complete
d2a7ba8dbfee: Verifying Checksum
d2a7ba8dbfee: Download complete
32e44235e1d5: Verifying Checksum
32e44235e1d5: Download complete
3b00567da964: Verifying Checksum
3b00567da964: Download complete
dad67da3f26b: Pull complete
3b00567da964: Pull complete
56b81cfa547d: Pull complete
1bc5dc8b475d: Pull complete
979e6233a40a: Pull complete
d2a7ba8dbfee: Pull complete
32e44235e1d5: Pull complete
Digest: sha256:6784fb0834aa7dbbe12e3d7471e69c290df3e6ba810dc38b34ae33d3c1c05f7d
Status: Downloaded newer image for nginx:latest
docker.io/library/nginx:latest
Starting container my-nginx
b60efa85836ed2058baeb54b4e7f80dc61581f5be9fb0797ad5427850d46d6db
2025-06-13 15:26:58 - Setup complete
2025-06-13 16:31:25 - Starting setup
Docker already installed
Creating disk file docker_data/disk.img
Pulling Docker image nginx:latest
latest: Pulling from library/nginx
dad67da3f26b: Pulling fs layer
3b00567da964: Pulling fs layer
56b81cfa547d: Pulling fs layer
1bc5dc8b475d: Pulling fs layer
979e6233a40a: Pulling fs layer
d2a7ba8dbfee: Pulling fs layer
32e44235e1d5: Pulling fs layer
979e6233a40a: Waiting
32e44235e1d5: Waiting
d2a7ba8dbfee: Waiting
1bc5dc8b475d: Waiting
56b81cfa547d: Verifying Checksum
56b81cfa547d: Download complete
1bc5dc8b475d: Verifying Checksum
1bc5dc8b475d: Download complete
dad67da3f26b: Verifying Checksum
dad67da3f26b: Download complete
979e6233a40a: Download complete
d2a7ba8dbfee: Verifying Checksum
d2a7ba8dbfee: Download complete
32e44235e1d5: Verifying Checksum
32e44235e1d5: Download complete
3b00567da964: Verifying Checksum
3b00567da964: Download complete
dad67da3f26b: Pull complete
3b00567da964: Pull complete
56b81cfa547d: Pull complete
1bc5dc8b475d: Pull complete
979e6233a40a: Pull complete
d2a7ba8dbfee: Pull complete
32e44235e1d5: Pull complete
Digest: sha256:6784fb0834aa7dbbe12e3d7471e69c290df3e6ba810dc38b34ae33d3c1c05f7d
Status: Downloaded newer image for nginx:latest
docker.io/library/nginx:latest
Starting container my-nginx
f117ed66049c5ece4d487f1c175822b2ecbee395fbb462e5516195e5eb5a1c81
2025-06-13 16:31:30 - Setup complete
2025-06-13 17:22:06 - Starting setup
Docker already installed
Creating disk file docker_data/disk.img
Pulling Docker image nginx:latest
latest: Pulling from library/nginx
dad67da3f26b: Pulling fs layer
3b00567da964: Pulling fs layer
56b81cfa547d: Pulling fs layer
1bc5dc8b475d: Pulling fs layer
979e6233a40a: Pulling fs layer
d2a7ba8dbfee: Pulling fs layer
1bc5dc8b475d: Waiting
979e6233a40a: Waiting
d2a7ba8dbfee: Waiting
32e44235e1d5: Pulling fs layer
32e44235e1d5: Waiting
56b81cfa547d: Verifying Checksum
1bc5dc8b475d: Verifying Checksum
1bc5dc8b475d: Download complete
979e6233a40a: Verifying Checksum
979e6233a40a: Download complete
dad67da3f26b: Verifying Checksum
dad67da3f26b: Download complete
d2a7ba8dbfee: Verifying Checksum
d2a7ba8dbfee: Download complete
32e44235e1d5: Verifying Checksum
32e44235e1d5: Download complete
3b00567da964: Verifying Checksum
3b00567da964: Download complete
dad67da3f26b: Pull complete
3b00567da964: Pull complete
56b81cfa547d: Pull complete
1bc5dc8b475d: Pull complete
979e6233a40a: Pull complete
d2a7ba8dbfee: Pull complete
32e44235e1d5: Pull complete
Digest: sha256:6784fb0834aa7dbbe12e3d7471e69c290df3e6ba810dc38b34ae33d3c1c05f7d
Status: Downloaded newer image for nginx:latest
docker.io/library/nginx:latest
Starting container my-nginx
9e3b728ecb2ee872d2e73b7ff9e55782393ad2c96fc2660ffb6a8c0e2dec36dc
2025-06-13 17:22:10 - Setup complete
2025-06-13 18:35:01 - Starting setup
Docker already installed
Creating disk file docker_data/disk.img
Pulling Docker image nginx:latest
latest: Pulling from library/nginx
dad67da3f26b: Pulling fs layer
3b00567da964: Pulling fs layer
56b81cfa547d: Pulling fs layer
1bc5dc8b475d: Pulling fs layer
979e6233a40a: Pulling fs layer
d2a7ba8dbfee: Pulling fs layer
32e44235e1d5: Pulling fs layer
d2a7ba8dbfee: Waiting
1bc5dc8b475d: Waiting
979e6233a40a: Waiting
56b81cfa547d: Download complete
1bc5dc8b475d: Verifying Checksum
1bc5dc8b475d: Download complete
979e6233a40a: Verifying Checksum
979e6233a40a: Download complete
d2a7ba8dbfee: Verifying Checksum
d2a7ba8dbfee: Download complete
32e44235e1d5: Verifying Checksum
32e44235e1d5: Download complete
dad67da3f26b: Verifying Checksum
dad67da3f26b: Download complete
3b00567da964: Verifying Checksum
3b00567da964: Download complete
dad67da3f26b: Pull complete
3b00567da964: Pull complete
56b81cfa547d: Pull complete
1bc5dc8b475d: Pull complete
979e6233a40a: Pull complete
d2a7ba8dbfee: Pull complete
32e44235e1d5: Pull complete
Digest: sha256:6784fb0834aa7dbbe12e3d7471e69c290df3e6ba810dc38b34ae33d3c1c05f7d
Status: Downloaded newer image for nginx:latest
docker.io/library/nginx:latest
Starting container my-nginx
926df34b8130b480a36a7d9d3adec750fc3d426b7ae67bb90b4d6d62bd4ef159
2025-06-13 18:35:07 - Setup complete
2025-06-13 19:19:45 - Starting setup
Docker already installed
Creating disk file docker_data/disk.img
Pulling Docker image nginx:latest
latest: Pulling from library/nginx
dad67da3f26b: Pulling fs layer
3b00567da964: Pulling fs layer
56b81cfa547d: Pulling fs layer
1bc5dc8b475d: Pulling fs layer
979e6233a40a: Pulling fs layer
d2a7ba8dbfee: Pulling fs layer
32e44235e1d5: Pulling fs layer
1bc5dc8b475d: Waiting
979e6233a40a: Waiting
d2a7ba8dbfee: Waiting
32e44235e1d5: Waiting
56b81cfa547d: Verifying Checksum
dad67da3f26b: Verifying Checksum
dad67da3f26b: Download complete
3b00567da964: Verifying Checksum
3b00567da964: Download complete
1bc5dc8b475d: Download complete
979e6233a40a: Download complete
d2a7ba8dbfee: Verifying Checksum
d2a7ba8dbfee: Download complete
32e44235e1d5: Verifying Checksum
32e44235e1d5: Download complete
dad67da3f26b: Pull complete
3b00567da964: Pull complete
56b81cfa547d: Pull complete
1bc5dc8b475d: Pull complete
979e6233a40a: Pull complete
d2a7ba8dbfee: Pull complete
32e44235e1d5: Pull complete
Digest: sha256:6784fb0834aa7dbbe12e3d7471e69c290df3e6ba810dc38b34ae33d3c1c05f7d
Status: Downloaded newer image for nginx:latest
docker.io/library/nginx:latest
Starting container my-nginx
c69376a6fc82d86e143968fa87f1726b5fd816fc5b6a126db71747221f60af62
2025-06-13 19:19:50 - Setup complete
2025-06-13 20:27:34 - Starting setup
Docker already installed
Creating disk file docker_data/disk.img
Pulling Docker image nginx:latest
latest: Pulling from library/nginx
dad67da3f26b: Pulling fs layer
3b00567da964: Pulling fs layer
56b81cfa547d: Pulling fs layer
1bc5dc8b475d: Pulling fs layer
979e6233a40a: Pulling fs layer
d2a7ba8dbfee: Pulling fs layer
32e44235e1d5: Pulling fs layer
1bc5dc8b475d: Waiting
979e6233a40a: Waiting
d2a7ba8dbfee: Waiting
32e44235e1d5: Waiting
56b81cfa547d: Download complete
1bc5dc8b475d: Download complete
979e6233a40a: Verifying Checksum
979e6233a40a: Download complete
d2a7ba8dbfee: Verifying Checksum
d2a7ba8dbfee: Download complete
dad67da3f26b: Verifying Checksum
dad67da3f26b: Download complete
32e44235e1d5: Verifying Checksum
32e44235e1d5: Download complete
3b00567da964: Verifying Checksum
3b00567da964: Download complete
dad67da3f26b: Pull complete
3b00567da964: Pull complete
56b81cfa547d: Pull complete
1bc5dc8b475d: Pull complete
979e6233a40a: Pull complete
d2a7ba8dbfee: Pull complete
32e44235e1d5: Pull complete
Digest: sha256:6784fb0834aa7dbbe12e3d7471e69c290df3e6ba810dc38b34ae33d3c1c05f7d
Status: Downloaded newer image for nginx:latest
docker.io/library/nginx:latest
Starting container my-nginx
5602131a50bcb60e21fb857962755fba84b24aaba6d843e84452d7cbdc54ba30
2025-06-13 20:27:37 - Setup complete
2025-06-13 21:23:07 - Starting setup
Docker already installed
Creating disk file docker_data/disk.img
Pulling Docker image nginx:latest
latest: Pulling from library/nginx
dad67da3f26b: Pulling fs layer
3b00567da964: Pulling fs layer
56b81cfa547d: Pulling fs layer
1bc5dc8b475d: Pulling fs layer
979e6233a40a: Pulling fs layer
d2a7ba8dbfee: Pulling fs layer
32e44235e1d5: Pulling fs layer
1bc5dc8b475d: Waiting
979e6233a40a: Waiting
d2a7ba8dbfee: Waiting
32e44235e1d5: Waiting
56b81cfa547d: Verifying Checksum
56b81cfa547d: Download complete
1bc5dc8b475d: Verifying Checksum
1bc5dc8b475d: Download complete
dad67da3f26b: Verifying Checksum
dad67da3f26b: Download complete
979e6233a40a: Verifying Checksum
979e6233a40a: Download complete
3b00567da964: Verifying Checksum
3b00567da964: Download complete
d2a7ba8dbfee: Verifying Checksum
d2a7ba8dbfee: Download complete
32e44235e1d5: Verifying Checksum
32e44235e1d5: Download complete
dad67da3f26b: Pull complete
3b00567da964: Pull complete
56b81cfa547d: Pull complete
1bc5dc8b475d: Pull complete
979e6233a40a: Pull complete
d2a7ba8dbfee: Pull complete
32e44235e1d5: Pull complete
Digest: sha256:6784fb0834aa7dbbe12e3d7471e69c290df3e6ba810dc38b34ae33d3c1c05f7d
Status: Downloaded newer image for nginx:latest
docker.io/library/nginx:latest
Starting container my-nginx
92d18771425c031dca14590ce4e8b014e22e20e72478953f6b8bcb0bd061afa7
2025-06-13 21:23:11 - Setup complete
2025-06-13 22:23:51 - Starting setup
Docker already installed
Creating disk file docker_data/disk.img
Pulling Docker image nginx:latest
latest: Pulling from library/nginx
dad67da3f26b: Pulling fs layer
3b00567da964: Pulling fs layer
56b81cfa547d: Pulling fs layer
1bc5dc8b475d: Pulling fs layer
979e6233a40a: Pulling fs layer
d2a7ba8dbfee: Pulling fs layer
32e44235e1d5: Pulling fs layer
979e6233a40a: Waiting
32e44235e1d5: Waiting
d2a7ba8dbfee: Waiting
1bc5dc8b475d: Waiting
56b81cfa547d: Verifying Checksum
56b81cfa547d: Download complete
1bc5dc8b475d: Download complete
979e6233a40a: Download complete
d2a7ba8dbfee: Verifying Checksum
d2a7ba8dbfee: Download complete
3b00567da964: Verifying Checksum
3b00567da964: Download complete
32e44235e1d5: Verifying Checksum
32e44235e1d5: Download complete
dad67da3f26b: Verifying Checksum
dad67da3f26b: Download complete
dad67da3f26b: Pull complete
3b00567da964: Pull complete
56b81cfa547d: Pull complete
1bc5dc8b475d: Pull complete
979e6233a40a: Pull complete
d2a7ba8dbfee: Pull complete
32e44235e1d5: Pull complete
Digest: sha256:6784fb0834aa7dbbe12e3d7471e69c290df3e6ba810dc38b34ae33d3c1c05f7d
Status: Downloaded newer image for nginx:latest
docker.io/library/nginx:latest
Starting container my-nginx
75ed22b9e427663662e26106ab8b4f91b4827c7e45defb8d31708de322f86982
2025-06-13 22:23:54 - Setup complete
2025-06-13 23:24:53 - Starting setup
Docker already installed
Creating disk file docker_data/disk.img
Pulling Docker image nginx:latest
latest: Pulling from library/nginx
dad67da3f26b: Pulling fs layer
3b00567da964: Pulling fs layer
56b81cfa547d: Pulling fs layer
1bc5dc8b475d: Pulling fs layer
979e6233a40a: Pulling fs layer
d2a7ba8dbfee: Pulling fs layer
32e44235e1d5: Pulling fs layer
979e6233a40a: Waiting
1bc5dc8b475d: Waiting
d2a7ba8dbfee: Waiting
32e44235e1d5: Waiting
56b81cfa547d: Verifying Checksum
56b81cfa547d: Download complete
dad67da3f26b: Verifying Checksum
dad67da3f26b: Download complete
1bc5dc8b475d: Download complete
979e6233a40a: Verifying Checksum
979e6233a40a: Download complete
d2a7ba8dbfee: Verifying Checksum
d2a7ba8dbfee: Download complete
3b00567da964: Verifying Checksum
3b00567da964: Download complete
32e44235e1d5: Verifying Checksum
32e44235e1d5: Download complete
dad67da3f26b: Pull complete
3b00567da964: Pull complete
56b81cfa547d: Pull complete
1bc5dc8b475d: Pull complete
979e6233a40a: Pull complete
d2a7ba8dbfee: Pull complete
32e44235e1d5: Pull complete
Digest: sha256:6784fb0834aa7dbbe12e3d7471e69c290df3e6ba810dc38b34ae33d3c1c05f7d
Status: Downloaded newer image for nginx:latest
docker.io/library/nginx:latest
Starting container my-nginx
f089d2190dcfecfaf6412a94c8c3de85a3126d962e6976567976231b9f56d410
2025-06-13 23:24:58 - Setup complete
2025-06-14 01:59:20 - Starting setup
Docker already installed
Creating disk file docker_data/disk.img
Pulling Docker image nginx:latest
latest: Pulling from library/nginx
dad67da3f26b: Pulling fs layer
3b00567da964: Pulling fs layer
56b81cfa547d: Pulling fs layer
1bc5dc8b475d: Pulling fs layer
979e6233a40a: Pulling fs layer
d2a7ba8dbfee: Pulling fs layer
32e44235e1d5: Pulling fs layer
1bc5dc8b475d: Waiting
d2a7ba8dbfee: Waiting
32e44235e1d5: Waiting
979e6233a40a: Waiting
56b81cfa547d: Verifying Checksum
56b81cfa547d: Download complete
1bc5dc8b475d: Verifying Checksum
1bc5dc8b475d: Download complete
dad67da3f26b: Verifying Checksum
dad67da3f26b: Download complete
979e6233a40a: Verifying Checksum
979e6233a40a: Download complete
3b00567da964: Verifying Checksum
d2a7ba8dbfee: Verifying Checksum
d2a7ba8dbfee: Download complete
32e44235e1d5: Verifying Checksum
32e44235e1d5: Download complete
dad67da3f26b: Pull complete
3b00567da964: Pull complete
56b81cfa547d: Pull complete
1bc5dc8b475d: Pull complete
979e6233a40a: Pull complete
d2a7ba8dbfee: Pull complete
32e44235e1d5: Pull complete
Digest: sha256:6784fb0834aa7dbbe12e3d7471e69c290df3e6ba810dc38b34ae33d3c1c05f7d
Status: Downloaded newer image for nginx:latest
docker.io/library/nginx:latest
Starting container my-nginx
c06e9537a382497ba01dfd9b83da63b3404cccd86cacc26be87f580f57bccf38
2025-06-14 01:59:25 - Setup complete
2025-06-14 03:16:03 - Starting setup
Docker already installed
Creating disk file docker_data/disk.img
Pulling Docker image nginx:latest
latest: Pulling from library/nginx
dad67da3f26b: Pulling fs layer
3b00567da964: Pulling fs layer
56b81cfa547d: Pulling fs layer
1bc5dc8b475d: Pulling fs layer
979e6233a40a: Pulling fs layer
d2a7ba8dbfee: Pulling fs layer
32e44235e1d5: Pulling fs layer
979e6233a40a: Waiting
d2a7ba8dbfee: Waiting
32e44235e1d5: Waiting
1bc5dc8b475d: Waiting
56b81cfa547d: Verifying Checksum
56b81cfa547d: Download complete
1bc5dc8b475d: Verifying Checksum
1bc5dc8b475d: Download complete
dad67da3f26b: Verifying Checksum
dad67da3f26b: Download complete
979e6233a40a: Verifying Checksum
979e6233a40a: Download complete
d2a7ba8dbfee: Verifying Checksum
d2a7ba8dbfee: Download complete
32e44235e1d5: Verifying Checksum
32e44235e1d5: Download complete
3b00567da964: Verifying Checksum
3b00567da964: Download complete
dad67da3f26b: Pull complete
3b00567da964: Pull complete
56b81cfa547d: Pull complete
1bc5dc8b475d: Pull complete
979e6233a40a: Pull complete
d2a7ba8dbfee: Pull complete
32e44235e1d5: Pull complete
Digest: sha256:6784fb0834aa7dbbe12e3d7471e69c290df3e6ba810dc38b34ae33d3c1c05f7d
Status: Downloaded newer image for nginx:latest
docker.io/library/nginx:latest
Starting container my-nginx
27044469e30b5328dfda9f948d8aee62f34a97cc84df2a970db33f164eb30262
2025-06-14 03:16:07 - Setup complete
2025-06-14 04:29:41 - Starting setup
Docker already installed
Creating disk file docker_data/disk.img
Pulling Docker image nginx:latest
latest: Pulling from library/nginx
dad67da3f26b: Pulling fs layer
3b00567da964: Pulling fs layer
56b81cfa547d: Pulling fs layer
1bc5dc8b475d: Pulling fs layer
979e6233a40a: Pulling fs layer
d2a7ba8dbfee: Pulling fs layer
32e44235e1d5: Pulling fs layer
979e6233a40a: Waiting
d2a7ba8dbfee: Waiting
32e44235e1d5: Waiting
1bc5dc8b475d: Waiting
56b81cfa547d: Download complete
1bc5dc8b475d: Verifying Checksum
1bc5dc8b475d: Download complete
dad67da3f26b: Verifying Checksum
dad67da3f26b: Download complete
979e6233a40a: Verifying Checksum
979e6233a40a: Download complete
d2a7ba8dbfee: Verifying Checksum
d2a7ba8dbfee: Download complete
32e44235e1d5: Download complete
3b00567da964: Verifying Checksum
3b00567da964: Download complete
dad67da3f26b: Pull complete
3b00567da964: Pull complete
56b81cfa547d: Pull complete
1bc5dc8b475d: Pull complete
979e6233a40a: Pull complete
d2a7ba8dbfee: Pull complete
32e44235e1d5: Pull complete
Digest: sha256:6784fb0834aa7dbbe12e3d7471e69c290df3e6ba810dc38b34ae33d3c1c05f7d
Status: Downloaded newer image for nginx:latest
docker.io/library/nginx:latest
Starting container my-nginx
6a9a37f7b589de0f16a5a2b6e80b18f3c1d1649023544b30d396be17bef8ee15
2025-06-14 04:29:47 - Setup complete
2025-06-14 05:24:57 - Starting setup
Docker already installed
Creating disk file docker_data/disk.img
Pulling Docker image nginx:latest
latest: Pulling from library/nginx
dad67da3f26b: Pulling fs layer
3b00567da964: Pulling fs layer
56b81cfa547d: Pulling fs layer
1bc5dc8b475d: Pulling fs layer
979e6233a40a: Pulling fs layer
d2a7ba8dbfee: Pulling fs layer
32e44235e1d5: Pulling fs layer
979e6233a40a: Waiting
d2a7ba8dbfee: Waiting
32e44235e1d5: Waiting
1bc5dc8b475d: Waiting
56b81cfa547d: Verifying Checksum
56b81cfa547d: Download complete
1bc5dc8b475d: Verifying Checksum
1bc5dc8b475d: Download complete
dad67da3f26b: Verifying Checksum
dad67da3f26b: Download complete
3b00567da964: Verifying Checksum
3b00567da964: Download complete
979e6233a40a: Verifying Checksum
979e6233a40a: Download complete
d2a7ba8dbfee: Verifying Checksum
d2a7ba8dbfee: Download complete
32e44235e1d5: Verifying Checksum
32e44235e1d5: Download complete
dad67da3f26b: Pull complete
3b00567da964: Pull complete
56b81cfa547d: Pull complete
1bc5dc8b475d: Pull complete
979e6233a40a: Pull complete
d2a7ba8dbfee: Pull complete
32e44235e1d5: Pull complete
Digest: sha256:6784fb0834aa7dbbe12e3d7471e69c290df3e6ba810dc38b34ae33d3c1c05f7d
Status: Downloaded newer image for nginx:latest
docker.io/library/nginx:latest
Starting container my-nginx
5616a6976b0d918522d3220819c9e5c6da41713be78de27a8698765af4b90fe1
2025-06-14 05:25:01 - Setup complete
2025-06-14 06:32:58 - Starting setup
Docker already installed
Creating disk file docker_data/disk.img
Pulling Docker image nginx:latest
latest: Pulling from library/nginx
dad67da3f26b: Pulling fs layer
3b00567da964: Pulling fs layer
56b81cfa547d: Pulling fs layer
1bc5dc8b475d: Pulling fs layer
979e6233a40a: Pulling fs layer
d2a7ba8dbfee: Pulling fs layer
32e44235e1d5: Pulling fs layer
979e6233a40a: Waiting
d2a7ba8dbfee: Waiting
32e44235e1d5: Waiting
1bc5dc8b475d: Waiting
56b81cfa547d: Verifying Checksum
56b81cfa547d: Download complete
1bc5dc8b475d: Download complete
3b00567da964: Verifying Checksum
3b00567da964: Download complete
dad67da3f26b: Verifying Checksum
dad67da3f26b: Download complete
979e6233a40a: Verifying Checksum
979e6233a40a: Download complete
d2a7ba8dbfee: Download complete
32e44235e1d5: Verifying Checksum
32e44235e1d5: Download complete
dad67da3f26b: Pull complete
3b00567da964: Pull complete
56b81cfa547d: Pull complete
1bc5dc8b475d: Pull complete
979e6233a40a: Pull complete
d2a7ba8dbfee: Pull complete
32e44235e1d5: Pull complete
Digest: sha256:6784fb0834aa7dbbe12e3d7471e69c290df3e6ba810dc38b34ae33d3c1c05f7d
Status: Downloaded newer image for nginx:latest
docker.io/library/nginx:latest
Starting container my-nginx
c54391bd7fb782de3ef03e1f33c1a75228e6f56fe356668d2367464817c4a0a3
2025-06-14 06:33:04 - Setup complete
2025-06-14 07:21:51 - Starting setup
Docker already installed
Creating disk file docker_data/disk.img
Pulling Docker image nginx:latest
latest: Pulling from library/nginx
dad67da3f26b: Pulling fs layer
3b00567da964: Pulling fs layer
56b81cfa547d: Pulling fs layer
1bc5dc8b475d: Pulling fs layer
979e6233a40a: Pulling fs layer
d2a7ba8dbfee: Pulling fs layer
32e44235e1d5: Pulling fs layer
979e6233a40a: Waiting
d2a7ba8dbfee: Waiting
32e44235e1d5: Waiting
1bc5dc8b475d: Waiting
56b81cfa547d: Verifying Checksum
56b81cfa547d: Download complete
1bc5dc8b475d: Download complete
dad67da3f26b: Verifying Checksum
dad67da3f26b: Download complete
979e6233a40a: Verifying Checksum
979e6233a40a: Download complete
d2a7ba8dbfee: Verifying Checksum
d2a7ba8dbfee: Download complete
32e44235e1d5: Verifying Checksum
32e44235e1d5: Download complete
3b00567da964: Verifying Checksum
3b00567da964: Download complete
dad67da3f26b: Pull complete
3b00567da964: Pull complete
56b81cfa547d: Pull complete
1bc5dc8b475d: Pull complete
979e6233a40a: Pull complete
d2a7ba8dbfee: Pull complete
32e44235e1d5: Pull complete
Digest: sha256:6784fb0834aa7dbbe12e3d7471e69c290df3e6ba810dc38b34ae33d3c1c05f7d
Status: Downloaded newer image for nginx:latest
docker.io/library/nginx:latest
Starting container my-nginx
4316bdab43e6773bfb2389ad030f58e57f748dfe05d62fd29c960e33b28e2961
2025-06-14 07:21:56 - Setup complete
2025-06-14 08:29:25 - Starting setup
Docker already installed
Creating disk file docker_data/disk.img
Pulling Docker image nginx:latest
latest: Pulling from library/nginx
dad67da3f26b: Pulling fs layer
3b00567da964: Pulling fs layer
56b81cfa547d: Pulling fs layer
1bc5dc8b475d: Pulling fs layer
979e6233a40a: Pulling fs layer
d2a7ba8dbfee: Pulling fs layer
32e44235e1d5: Pulling fs layer
1bc5dc8b475d: Waiting
979e6233a40a: Waiting
d2a7ba8dbfee: Waiting
32e44235e1d5: Waiting
56b81cfa547d: Verifying Checksum
56b81cfa547d: Download complete
dad67da3f26b: Verifying Checksum
dad67da3f26b: Download complete
1bc5dc8b475d: Verifying Checksum
1bc5dc8b475d: Download complete
979e6233a40a: Verifying Checksum
d2a7ba8dbfee: Verifying Checksum
d2a7ba8dbfee: Download complete
32e44235e1d5: Verifying Checksum
32e44235e1d5: Download complete
3b00567da964: Verifying Checksum
3b00567da964: Download complete
dad67da3f26b: Pull complete
3b00567da964: Pull complete
56b81cfa547d: Pull complete
1bc5dc8b475d: Pull complete
979e6233a40a: Pull complete
d2a7ba8dbfee: Pull complete
32e44235e1d5: Pull complete
Digest: sha256:6784fb0834aa7dbbe12e3d7471e69c290df3e6ba810dc38b34ae33d3c1c05f7d
Status: Downloaded newer image for nginx:latest
docker.io/library/nginx:latest
Starting container my-nginx
b5249f17527ab419cd0a46d6536fde7031ea28588b3bd1e16713dd36032d7367
2025-06-14 08:29:28 - Setup complete
2025-06-14 09:25:44 - Starting setup
Docker already installed
Creating disk file docker_data/disk.img
Pulling Docker image nginx:latest
latest: Pulling from library/nginx
dad67da3f26b: Pulling fs layer
3b00567da964: Pulling fs layer
56b81cfa547d: Pulling fs layer
1bc5dc8b475d: Pulling fs layer
979e6233a40a: Pulling fs layer
d2a7ba8dbfee: Pulling fs layer
32e44235e1d5: Pulling fs layer
1bc5dc8b475d: Waiting
979e6233a40a: Waiting
d2a7ba8dbfee: Waiting
32e44235e1d5: Waiting
56b81cfa547d: Verifying Checksum
56b81cfa547d: Download complete
1bc5dc8b475d: Verifying Checksum
1bc5dc8b475d: Download complete
dad67da3f26b: Verifying Checksum
dad67da3f26b: Download complete
979e6233a40a: Download complete
3b00567da964: Verifying Checksum
3b00567da964: Download complete
d2a7ba8dbfee: Verifying Checksum
d2a7ba8dbfee: Download complete
32e44235e1d5: Verifying Checksum
32e44235e1d5: Download complete
dad67da3f26b: Pull complete
3b00567da964: Pull complete
56b81cfa547d: Pull complete
1bc5dc8b475d: Pull complete
979e6233a40a: Pull complete
d2a7ba8dbfee: Pull complete
32e44235e1d5: Pull complete
Digest: sha256:6784fb0834aa7dbbe12e3d7471e69c290df3e6ba810dc38b34ae33d3c1c05f7d
Status: Downloaded newer image for nginx:latest
docker.io/library/nginx:latest
Starting container my-nginx
ba4e5bf977944ca5bece06de5d96e32bced2da48fb6b4e2de88c0468fd25aa85
2025-06-14 09:25:49 - Setup complete
2025-06-14 10:24:37 - Starting setup
Docker already installed
Creating disk file docker_data/disk.img
Pulling Docker image nginx:latest
latest: Pulling from library/nginx
dad67da3f26b: Pulling fs layer
3b00567da964: Pulling fs layer
56b81cfa547d: Pulling fs layer
1bc5dc8b475d: Pulling fs layer
979e6233a40a: Pulling fs layer
d2a7ba8dbfee: Pulling fs layer
32e44235e1d5: Pulling fs layer
1bc5dc8b475d: Waiting
979e6233a40a: Waiting
d2a7ba8dbfee: Waiting
32e44235e1d5: Waiting
56b81cfa547d: Verifying Checksum
56b81cfa547d: Download complete
dad67da3f26b: Verifying Checksum
dad67da3f26b: Download complete
3b00567da964: Verifying Checksum
3b00567da964: Download complete
1bc5dc8b475d: Download complete
979e6233a40a: Verifying Checksum
979e6233a40a: Download complete
d2a7ba8dbfee: Verifying Checksum
d2a7ba8dbfee: Download complete
32e44235e1d5: Verifying Checksum
32e44235e1d5: Download complete
dad67da3f26b: Pull complete
3b00567da964: Pull complete
56b81cfa547d: Pull complete
1bc5dc8b475d: Pull complete
979e6233a40a: Pull complete
d2a7ba8dbfee: Pull complete
32e44235e1d5: Pull complete
Digest: sha256:6784fb0834aa7dbbe12e3d7471e69c290df3e6ba810dc38b34ae33d3c1c05f7d
Status: Downloaded newer image for nginx:latest
docker.io/library/nginx:latest
Starting container my-nginx
a9daa513a7cd13aa31a68b728aa8e94effe00e9f5bf02fcca2f0e99ea3902502
2025-06-14 10:24:43 - Setup complete
2025-06-14 11:18:30 - Starting setup
Docker already installed
Creating disk file docker_data/disk.img
Pulling Docker image nginx:latest
latest: Pulling from library/nginx
dad67da3f26b: Pulling fs layer
3b00567da964: Pulling fs layer
56b81cfa547d: Pulling fs layer
1bc5dc8b475d: Pulling fs layer
979e6233a40a: Pulling fs layer
d2a7ba8dbfee: Pulling fs layer
32e44235e1d5: Pulling fs layer
1bc5dc8b475d: Waiting
979e6233a40a: Waiting
d2a7ba8dbfee: Waiting
32e44235e1d5: Waiting
56b81cfa547d: Verifying Checksum
56b81cfa547d: Download complete
1bc5dc8b475d: Verifying Checksum
1bc5dc8b475d: Download complete
dad67da3f26b: Verifying Checksum
dad67da3f26b: Download complete
3b00567da964: Verifying Checksum
3b00567da964: Download complete
979e6233a40a: Verifying Checksum
979e6233a40a: Download complete
d2a7ba8dbfee: Verifying Checksum
d2a7ba8dbfee: Download complete
32e44235e1d5: Verifying Checksum
dad67da3f26b: Pull complete
3b00567da964: Pull complete
56b81cfa547d: Pull complete
1bc5dc8b475d: Pull complete
979e6233a40a: Pull complete
d2a7ba8dbfee: Pull complete
32e44235e1d5: Pull complete
Digest: sha256:6784fb0834aa7dbbe12e3d7471e69c290df3e6ba810dc38b34ae33d3c1c05f7d
Status: Downloaded newer image for nginx:latest
docker.io/library/nginx:latest
Starting container my-nginx
e5938e1565fe4702d031f1fb78ffa457cc1c8393acf55ae41412e54424e182cf
2025-06-14 11:18:35 - Setup complete
2025-06-14 12:47:10 - Starting setup
Docker already installed
Creating disk file docker_data/disk.img
Pulling Docker image nginx:latest
latest: Pulling from library/nginx
dad67da3f26b: Pulling fs layer
3b00567da964: Pulling fs layer
56b81cfa547d: Pulling fs layer
1bc5dc8b475d: Pulling fs layer
979e6233a40a: Pulling fs layer
d2a7ba8dbfee: Pulling fs layer
32e44235e1d5: Pulling fs layer
979e6233a40a: Waiting
d2a7ba8dbfee: Waiting
32e44235e1d5: Waiting
1bc5dc8b475d: Waiting
56b81cfa547d: Verifying Checksum
56b81cfa547d: Download complete
dad67da3f26b: Download complete
1bc5dc8b475d: Verifying Checksum
1bc5dc8b475d: Download complete
3b00567da964: Verifying Checksum
3b00567da964: Download complete
979e6233a40a: Verifying Checksum
979e6233a40a: Download complete
d2a7ba8dbfee: Download complete
32e44235e1d5: Verifying Checksum
32e44235e1d5: Download complete
dad67da3f26b: Pull complete
3b00567da964: Pull complete
56b81cfa547d: Pull complete
1bc5dc8b475d: Pull complete
979e6233a40a: Pull complete
d2a7ba8dbfee: Pull complete
32e44235e1d5: Pull complete
Digest: sha256:6784fb0834aa7dbbe12e3d7471e69c290df3e6ba810dc38b34ae33d3c1c05f7d
Status: Downloaded newer image for nginx:latest
docker.io/library/nginx:latest
Starting container my-nginx
a1f4352c7876755485c5316649b5acc14394247ee85650ee83b84c33ca7dbcd9
2025-06-14 12:47:17 - Setup complete
2025-06-14 13:30:54 - Starting setup
Docker already installed
Creating disk file docker_data/disk.img
Pulling Docker image nginx:latest
latest: Pulling from library/nginx
dad67da3f26b: Pulling fs layer
3b00567da964: Pulling fs layer
56b81cfa547d: Pulling fs layer
1bc5dc8b475d: Pulling fs layer
979e6233a40a: Pulling fs layer
d2a7ba8dbfee: Pulling fs layer
32e44235e1d5: Pulling fs layer
979e6233a40a: Waiting
d2a7ba8dbfee: Waiting
32e44235e1d5: Waiting
1bc5dc8b475d: Waiting
56b81cfa547d: Verifying Checksum
56b81cfa547d: Download complete
1bc5dc8b475d: Verifying Checksum
1bc5dc8b475d: Download complete
dad67da3f26b: Verifying Checksum
dad67da3f26b: Download complete
3b00567da964: Verifying Checksum
3b00567da964: Download complete
979e6233a40a: Download complete
d2a7ba8dbfee: Verifying Checksum
d2a7ba8dbfee: Download complete
32e44235e1d5: Download complete
dad67da3f26b: Pull complete
3b00567da964: Pull complete
56b81cfa547d: Pull complete
1bc5dc8b475d: Pull complete
979e6233a40a: Pull complete
d2a7ba8dbfee: Pull complete
32e44235e1d5: Pull complete
Digest: sha256:6784fb0834aa7dbbe12e3d7471e69c290df3e6ba810dc38b34ae33d3c1c05f7d
Status: Downloaded newer image for nginx:latest
docker.io/library/nginx:latest
Starting container my-nginx
31355bf586d29d26de83d659706eea17ff68532232e840403900e395de4823b1
2025-06-14 13:31:00 - Setup complete
2025-06-14 14:21:04 - Starting setup
Docker already installed
Creating disk file docker_data/disk.img
Pulling Docker image nginx:latest
latest: Pulling from library/nginx
dad67da3f26b: Pulling fs layer
3b00567da964: Pulling fs layer
56b81cfa547d: Pulling fs layer
1bc5dc8b475d: Pulling fs layer
979e6233a40a: Pulling fs layer
d2a7ba8dbfee: Pulling fs layer
32e44235e1d5: Pulling fs layer
1bc5dc8b475d: Waiting
d2a7ba8dbfee: Waiting
979e6233a40a: Waiting
32e44235e1d5: Waiting
56b81cfa547d: Download complete
1bc5dc8b475d: Verifying Checksum
1bc5dc8b475d: Download complete
dad67da3f26b: Verifying Checksum
dad67da3f26b: Download complete
979e6233a40a: Verifying Checksum
979e6233a40a: Download complete
3b00567da964: Verifying Checksum
3b00567da964: Download complete
d2a7ba8dbfee: Verifying Checksum
d2a7ba8dbfee: Download complete
32e44235e1d5: Download complete
dad67da3f26b: Pull complete
3b00567da964: Pull complete
56b81cfa547d: Pull complete
1bc5dc8b475d: Pull complete
979e6233a40a: Pull complete
d2a7ba8dbfee: Pull complete
32e44235e1d5: Pull complete
Digest: sha256:6784fb0834aa7dbbe12e3d7471e69c290df3e6ba810dc38b34ae33d3c1c05f7d
Status: Downloaded newer image for nginx:latest
docker.io/library/nginx:latest
Starting container my-nginx
870ff1daf667d7690800f02f3275a35b8d67b7a601c5b3460a48f11f575d7b94
2025-06-14 14:21:11 - Setup complete
2025-06-14 15:23:28 - Starting setup
Docker already installed
Creating disk file docker_data/disk.img
Pulling Docker image nginx:latest
latest: Pulling from library/nginx
dad67da3f26b: Pulling fs layer
3b00567da964: Pulling fs layer
56b81cfa547d: Pulling fs layer
1bc5dc8b475d: Pulling fs layer
979e6233a40a: Pulling fs layer
d2a7ba8dbfee: Pulling fs layer
32e44235e1d5: Pulling fs layer
1bc5dc8b475d: Waiting
979e6233a40a: Waiting
d2a7ba8dbfee: Waiting
32e44235e1d5: Waiting
56b81cfa547d: Verifying Checksum
56b81cfa547d: Download complete
1bc5dc8b475d: Verifying Checksum
1bc5dc8b475d: Download complete
979e6233a40a: Verifying Checksum
979e6233a40a: Download complete
3b00567da964: Verifying Checksum
3b00567da964: Download complete
dad67da3f26b: Verifying Checksum
dad67da3f26b: Download complete
d2a7ba8dbfee: Verifying Checksum
d2a7ba8dbfee: Download complete
32e44235e1d5: Verifying Checksum
32e44235e1d5: Download complete
dad67da3f26b: Pull complete
3b00567da964: Pull complete
56b81cfa547d: Pull complete
1bc5dc8b475d: Pull complete
979e6233a40a: Pull complete
d2a7ba8dbfee: Pull complete
32e44235e1d5: Pull complete
Digest: sha256:6784fb0834aa7dbbe12e3d7471e69c290df3e6ba810dc38b34ae33d3c1c05f7d
Status: Downloaded newer image for nginx:latest
docker.io/library/nginx:latest
Starting container my-nginx
28ac55652b93408eb52a8cba4eb9edc1aa8f9423ecf42ec32852613b72aecc0c
2025-06-14 15:23:33 - Setup complete
2025-06-14 16:28:37 - Starting setup
Docker already installed
Creating disk file docker_data/disk.img
Pulling Docker image nginx:latest
latest: Pulling from library/nginx
dad67da3f26b: Pulling fs layer
3b00567da964: Pulling fs layer
56b81cfa547d: Pulling fs layer
1bc5dc8b475d: Pulling fs layer
979e6233a40a: Pulling fs layer
d2a7ba8dbfee: Pulling fs layer
32e44235e1d5: Pulling fs layer
1bc5dc8b475d: Waiting
d2a7ba8dbfee: Waiting
979e6233a40a: Waiting
32e44235e1d5: Waiting
56b81cfa547d: Verifying Checksum
56b81cfa547d: Download complete
1bc5dc8b475d: Verifying Checksum
1bc5dc8b475d: Download complete
dad67da3f26b: Verifying Checksum
dad67da3f26b: Download complete
979e6233a40a: Download complete
3b00567da964: Verifying Checksum
3b00567da964: Download complete
32e44235e1d5: Verifying Checksum
32e44235e1d5: Download complete
d2a7ba8dbfee: Verifying Checksum
d2a7ba8dbfee: Download complete
dad67da3f26b: Pull complete
3b00567da964: Pull complete
56b81cfa547d: Pull complete
1bc5dc8b475d: Pull complete
979e6233a40a: Pull complete
d2a7ba8dbfee: Pull complete
32e44235e1d5: Pull complete
Digest: sha256:6784fb0834aa7dbbe12e3d7471e69c290df3e6ba810dc38b34ae33d3c1c05f7d
Status: Downloaded newer image for nginx:latest
docker.io/library/nginx:latest
Starting container my-nginx
9d1238179e9298fc87cf39a353af9a8fd490794857b7582017864a780596df31
2025-06-14 16:28:41 - Setup complete
2025-06-14 17:19:58 - Starting setup
Docker already installed
Creating disk file docker_data/disk.img
Pulling Docker image nginx:latest
latest: Pulling from library/nginx
dad67da3f26b: Pulling fs layer
3b00567da964: Pulling fs layer
56b81cfa547d: Pulling fs layer
1bc5dc8b475d: Pulling fs layer
979e6233a40a: Pulling fs layer
d2a7ba8dbfee: Pulling fs layer
32e44235e1d5: Pulling fs layer
1bc5dc8b475d: Waiting
979e6233a40a: Waiting
d2a7ba8dbfee: Waiting
32e44235e1d5: Waiting
56b81cfa547d: Verifying Checksum
56b81cfa547d: Download complete
1bc5dc8b475d: Verifying Checksum
1bc5dc8b475d: Download complete
979e6233a40a: Download complete
dad67da3f26b: Verifying Checksum
dad67da3f26b: Download complete
d2a7ba8dbfee: Verifying Checksum
d2a7ba8dbfee: Download complete
32e44235e1d5: Verifying Checksum
32e44235e1d5: Download complete
3b00567da964: Verifying Checksum
3b00567da964: Download complete
dad67da3f26b: Pull complete
3b00567da964: Pull complete
56b81cfa547d: Pull complete
1bc5dc8b475d: Pull complete
979e6233a40a: Pull complete
d2a7ba8dbfee: Pull complete
32e44235e1d5: Pull complete
Digest: sha256:6784fb0834aa7dbbe12e3d7471e69c290df3e6ba810dc38b34ae33d3c1c05f7d
Status: Downloaded newer image for nginx:latest
docker.io/library/nginx:latest
Starting container my-nginx
95e20364669600336786c5ad77e929eb9080e575899286660f4575e7141d4f39
2025-06-14 17:20:01 - Setup complete
2025-06-14 18:31:21 - Starting setup
Docker already installed
Creating disk file docker_data/disk.img
Pulling Docker image nginx:latest
latest: Pulling from library/nginx
dad67da3f26b: Pulling fs layer
3b00567da964: Pulling fs layer
56b81cfa547d: Pulling fs layer
1bc5dc8b475d: Pulling fs layer
979e6233a40a: Pulling fs layer
d2a7ba8dbfee: Pulling fs layer
32e44235e1d5: Pulling fs layer
1bc5dc8b475d: Waiting
d2a7ba8dbfee: Waiting
979e6233a40a: Waiting
32e44235e1d5: Waiting
56b81cfa547d: Verifying Checksum
56b81cfa547d: Download complete
1bc5dc8b475d: Verifying Checksum
1bc5dc8b475d: Download complete
979e6233a40a: Verifying Checksum
979e6233a40a: Download complete
dad67da3f26b: Verifying Checksum
dad67da3f26b: Download complete
d2a7ba8dbfee: Verifying Checksum
d2a7ba8dbfee: Download complete
32e44235e1d5: Verifying Checksum
32e44235e1d5: Download complete
3b00567da964: Verifying Checksum
3b00567da964: Download complete
dad67da3f26b: Pull complete
3b00567da964: Pull complete
56b81cfa547d: Pull complete
1bc5dc8b475d: Pull complete
979e6233a40a: Pull complete
d2a7ba8dbfee: Pull complete
32e44235e1d5: Pull complete
Digest: sha256:6784fb0834aa7dbbe12e3d7471e69c290df3e6ba810dc38b34ae33d3c1c05f7d
Status: Downloaded newer image for nginx:latest
docker.io/library/nginx:latest
Starting container my-nginx
2ed3419dc457bb4c4816cef311b1452f8a23e90992307af60748c834ddb44c06
2025-06-14 18:31:26 - Setup complete
2025-06-14 19:18:09 - Starting setup
Docker already installed
Creating disk file docker_data/disk.img
Pulling Docker image nginx:latest
latest: Pulling from library/nginx
dad67da3f26b: Pulling fs layer
3b00567da964: Pulling fs layer
56b81cfa547d: Pulling fs layer
1bc5dc8b475d: Pulling fs layer
979e6233a40a: Pulling fs layer
d2a7ba8dbfee: Pulling fs layer
32e44235e1d5: Pulling fs layer
1bc5dc8b475d: Waiting
979e6233a40a: Waiting
d2a7ba8dbfee: Waiting
32e44235e1d5: Waiting
56b81cfa547d: Verifying Checksum
56b81cfa547d: Download complete
1bc5dc8b475d: Verifying Checksum
1bc5dc8b475d: Download complete
979e6233a40a: Verifying Checksum
979e6233a40a: Download complete
d2a7ba8dbfee: Verifying Checksum
d2a7ba8dbfee: Download complete
dad67da3f26b: Verifying Checksum
dad67da3f26b: Download complete
32e44235e1d5: Verifying Checksum
32e44235e1d5: Download complete
3b00567da964: Verifying Checksum
3b00567da964: Download complete
dad67da3f26b: Pull complete
3b00567da964: Pull complete
56b81cfa547d: Pull complete
1bc5dc8b475d: Pull complete
979e6233a40a: Pull complete
d2a7ba8dbfee: Pull complete
32e44235e1d5: Pull complete
Digest: sha256:6784fb0834aa7dbbe12e3d7471e69c290df3e6ba810dc38b34ae33d3c1c05f7d
Status: Downloaded newer image for nginx:latest
docker.io/library/nginx:latest
Starting container my-nginx
de27fee4eb6245e04d9b92a6de832238d82f098f3113dc30c668e7b42e278842
2025-06-14 19:18:13 - Setup complete
2025-06-14 20:25:02 - Starting setup
Docker already installed
Creating disk file docker_data/disk.img
Pulling Docker image nginx:latest
latest: Pulling from library/nginx
dad67da3f26b: Pulling fs layer
3b00567da964: Pulling fs layer
56b81cfa547d: Pulling fs layer
1bc5dc8b475d: Pulling fs layer
979e6233a40a: Pulling fs layer
d2a7ba8dbfee: Pulling fs layer
32e44235e1d5: Pulling fs layer
1bc5dc8b475d: Waiting
d2a7ba8dbfee: Waiting
979e6233a40a: Waiting
56b81cfa547d: Verifying Checksum
56b81cfa547d: Download complete
3b00567da964: Verifying Checksum
3b00567da964: Download complete
1bc5dc8b475d: Verifying Checksum
1bc5dc8b475d: Download complete
dad67da3f26b: Verifying Checksum
dad67da3f26b: Download complete
979e6233a40a: Verifying Checksum
979e6233a40a: Download complete
d2a7ba8dbfee: Verifying Checksum
d2a7ba8dbfee: Download complete
32e44235e1d5: Verifying Checksum
32e44235e1d5: Download complete
dad67da3f26b: Pull complete
3b00567da964: Pull complete
56b81cfa547d: Pull complete
1bc5dc8b475d: Pull complete
979e6233a40a: Pull complete
d2a7ba8dbfee: Pull complete
32e44235e1d5: Pull complete
Digest: sha256:6784fb0834aa7dbbe12e3d7471e69c290df3e6ba810dc38b34ae33d3c1c05f7d
Status: Downloaded newer image for nginx:latest
docker.io/library/nginx:latest
Starting container my-nginx
485c12c0a5edd4b72fb0214b897a430d34dc6b4ce76599300c7faffa8258c48a
2025-06-14 20:25:07 - Setup complete
2025-06-14 21:21:39 - Starting setup
Docker already installed
Creating disk file docker_data/disk.img
Pulling Docker image nginx:latest
latest: Pulling from library/nginx
dad67da3f26b: Pulling fs layer
3b00567da964: Pulling fs layer
56b81cfa547d: Pulling fs layer
1bc5dc8b475d: Pulling fs layer
979e6233a40a: Pulling fs layer
d2a7ba8dbfee: Pulling fs layer
32e44235e1d5: Pulling fs layer
979e6233a40a: Waiting
d2a7ba8dbfee: Waiting
32e44235e1d5: Waiting
1bc5dc8b475d: Waiting
56b81cfa547d: Download complete
1bc5dc8b475d: Verifying Checksum
1bc5dc8b475d: Download complete
979e6233a40a: Verifying Checksum
979e6233a40a: Download complete
dad67da3f26b: Verifying Checksum
dad67da3f26b: Download complete
d2a7ba8dbfee: Verifying Checksum
d2a7ba8dbfee: Download complete
32e44235e1d5: Verifying Checksum
32e44235e1d5: Download complete
3b00567da964: Verifying Checksum
3b00567da964: Download complete
dad67da3f26b: Pull complete
3b00567da964: Pull complete
56b81cfa547d: Pull complete
1bc5dc8b475d: Pull complete
979e6233a40a: Pull complete
d2a7ba8dbfee: Pull complete
32e44235e1d5: Pull complete
Digest: sha256:6784fb0834aa7dbbe12e3d7471e69c290df3e6ba810dc38b34ae33d3c1c05f7d
Status: Downloaded newer image for nginx:latest
docker.io/library/nginx:latest
Starting container my-nginx
d78cd9f4802e05fe3dee03c1efc7349592eb64cff47fe67b4c7b116b90cc1843
2025-06-14 21:21:43 - Setup complete
2025-06-14 22:23:08 - Starting setup
Docker already installed
Creating disk file docker_data/disk.img
Pulling Docker image nginx:latest
latest: Pulling from library/nginx
dad67da3f26b: Pulling fs layer
3b00567da964: Pulling fs layer
56b81cfa547d: Pulling fs layer
1bc5dc8b475d: Pulling fs layer
979e6233a40a: Pulling fs layer
d2a7ba8dbfee: Pulling fs layer
32e44235e1d5: Pulling fs layer
1bc5dc8b475d: Waiting
979e6233a40a: Waiting
d2a7ba8dbfee: Waiting
56b81cfa547d: Verifying Checksum
56b81cfa547d: Download complete
dad67da3f26b: Verifying Checksum
dad67da3f26b: Download complete
1bc5dc8b475d: Verifying Checksum
1bc5dc8b475d: Download complete
3b00567da964: Verifying Checksum
3b00567da964: Download complete
979e6233a40a: Verifying Checksum
979e6233a40a: Download complete
d2a7ba8dbfee: Download complete
32e44235e1d5: Verifying Checksum
32e44235e1d5: Download complete
dad67da3f26b: Pull complete
3b00567da964: Pull complete
56b81cfa547d: Pull complete
1bc5dc8b475d: Pull complete
979e6233a40a: Pull complete
d2a7ba8dbfee: Pull complete
32e44235e1d5: Pull complete
Digest: sha256:6784fb0834aa7dbbe12e3d7471e69c290df3e6ba810dc38b34ae33d3c1c05f7d
Status: Downloaded newer image for nginx:latest
docker.io/library/nginx:latest
Starting container my-nginx
0218f9389f41a0790d8a6220d37b614b1073a9f0e69faad1fc98d6ecec003358
2025-06-14 22:23:12 - Setup complete
2025-06-15 02:19:13 - Starting setup
Docker already installed
Creating disk file docker_data/disk.img
Pulling Docker image nginx:latest
latest: Pulling from library/nginx
dad67da3f26b: Pulling fs layer
3b00567da964: Pulling fs layer
56b81cfa547d: Pulling fs layer
1bc5dc8b475d: Pulling fs layer
979e6233a40a: Pulling fs layer
d2a7ba8dbfee: Pulling fs layer
32e44235e1d5: Pulling fs layer
979e6233a40a: Waiting
d2a7ba8dbfee: Waiting
32e44235e1d5: Waiting
1bc5dc8b475d: Waiting
56b81cfa547d: Verifying Checksum
56b81cfa547d: Download complete
dad67da3f26b: Verifying Checksum
dad67da3f26b: Download complete
1bc5dc8b475d: Verifying Checksum
1bc5dc8b475d: Download complete
d2a7ba8dbfee: Verifying Checksum
d2a7ba8dbfee: Download complete
3b00567da964: Verifying Checksum
3b00567da964: Download complete
979e6233a40a: Download complete
32e44235e1d5: Verifying Checksum
32e44235e1d5: Download complete
dad67da3f26b: Pull complete
3b00567da964: Pull complete
56b81cfa547d: Pull complete
1bc5dc8b475d: Pull complete
979e6233a40a: Pull complete
d2a7ba8dbfee: Pull complete
32e44235e1d5: Pull complete
Digest: sha256:6784fb0834aa7dbbe12e3d7471e69c290df3e6ba810dc38b34ae33d3c1c05f7d
Status: Downloaded newer image for nginx:latest
docker.io/library/nginx:latest
Starting container my-nginx
a70567129858c176c8d4c3ec4e57206c478410b4ff172a208c617899d6277225
2025-06-15 02:19:17 - Setup complete
2025-06-15 03:53:50 - Starting setup
Docker already installed
Creating disk file docker_data/disk.img
Pulling Docker image nginx:latest
latest: Pulling from library/nginx
dad67da3f26b: Pulling fs layer
3b00567da964: Pulling fs layer
56b81cfa547d: Pulling fs layer
1bc5dc8b475d: Pulling fs layer
979e6233a40a: Pulling fs layer
d2a7ba8dbfee: Pulling fs layer
32e44235e1d5: Pulling fs layer
d2a7ba8dbfee: Waiting
979e6233a40a: Waiting
32e44235e1d5: Waiting
1bc5dc8b475d: Waiting
56b81cfa547d: Verifying Checksum
56b81cfa547d: Download complete
1bc5dc8b475d: Verifying Checksum
1bc5dc8b475d: Download complete
dad67da3f26b: Verifying Checksum
dad67da3f26b: Download complete
3b00567da964: Verifying Checksum
3b00567da964: Download complete
979e6233a40a: Verifying Checksum
979e6233a40a: Download complete
d2a7ba8dbfee: Verifying Checksum
d2a7ba8dbfee: Download complete
32e44235e1d5: Verifying Checksum
32e44235e1d5: Download complete
dad67da3f26b: Pull complete
3b00567da964: Pull complete
56b81cfa547d: Pull complete
1bc5dc8b475d: Pull complete
979e6233a40a: Pull complete
d2a7ba8dbfee: Pull complete
32e44235e1d5: Pull complete
Digest: sha256:6784fb0834aa7dbbe12e3d7471e69c290df3e6ba810dc38b34ae33d3c1c05f7d
Status: Downloaded newer image for nginx:latest
docker.io/library/nginx:latest
Starting container my-nginx
3d419509bb4253ad2cc2e6c44e6672901992099e3a691341fa71b08a88e4ca30
2025-06-15 03:53:53 - Setup complete
2025-06-15 04:35:12 - Starting setup
Docker already installed
Creating disk file docker_data/disk.img
Pulling Docker image nginx:latest
latest: Pulling from library/nginx
dad67da3f26b: Pulling fs layer
3b00567da964: Pulling fs layer
56b81cfa547d: Pulling fs layer
1bc5dc8b475d: Pulling fs layer
979e6233a40a: Pulling fs layer
d2a7ba8dbfee: Pulling fs layer
32e44235e1d5: Pulling fs layer
979e6233a40a: Waiting
d2a7ba8dbfee: Waiting
32e44235e1d5: Waiting
1bc5dc8b475d: Waiting
56b81cfa547d: Verifying Checksum
56b81cfa547d: Download complete
1bc5dc8b475d: Verifying Checksum
1bc5dc8b475d: Download complete
979e6233a40a: Verifying Checksum
979e6233a40a: Download complete
d2a7ba8dbfee: Verifying Checksum
d2a7ba8dbfee: Download complete
32e44235e1d5: Verifying Checksum
32e44235e1d5: Download complete
dad67da3f26b: Download complete
3b00567da964: Verifying Checksum
3b00567da964: Download complete
dad67da3f26b: Pull complete
3b00567da964: Pull complete
56b81cfa547d: Pull complete
1bc5dc8b475d: Pull complete
979e6233a40a: Pull complete
d2a7ba8dbfee: Pull complete
32e44235e1d5: Pull complete
Digest: sha256:6784fb0834aa7dbbe12e3d7471e69c290df3e6ba810dc38b34ae33d3c1c05f7d
Status: Downloaded newer image for nginx:latest
docker.io/library/nginx:latest
Starting container my-nginx
35c0a645fcd81b149ef38426c3e840a7a81b39237615bf40755aaa7cf1a24f03
2025-06-15 04:35:16 - Setup complete
2025-06-15 05:23:42 - Starting setup
Docker already installed
Creating disk file docker_data/disk.img
Pulling Docker image nginx:latest
latest: Pulling from library/nginx
dad67da3f26b: Pulling fs layer
3b00567da964: Pulling fs layer
56b81cfa547d: Pulling fs layer
1bc5dc8b475d: Pulling fs layer
979e6233a40a: Pulling fs layer
d2a7ba8dbfee: Pulling fs layer
32e44235e1d5: Pulling fs layer
1bc5dc8b475d: Waiting
979e6233a40a: Waiting
d2a7ba8dbfee: Waiting
32e44235e1d5: Waiting
56b81cfa547d: Verifying Checksum
56b81cfa547d: Download complete
1bc5dc8b475d: Verifying Checksum
1bc5dc8b475d: Download complete
dad67da3f26b: Verifying Checksum
dad67da3f26b: Download complete
3b00567da964: Verifying Checksum
3b00567da964: Download complete
979e6233a40a: Download complete
d2a7ba8dbfee: Download complete
32e44235e1d5: Download complete
dad67da3f26b: Pull complete
3b00567da964: Pull complete
56b81cfa547d: Pull complete
1bc5dc8b475d: Pull complete
979e6233a40a: Pull complete
d2a7ba8dbfee: Pull complete
32e44235e1d5: Pull complete
Digest: sha256:6784fb0834aa7dbbe12e3d7471e69c290df3e6ba810dc38b34ae33d3c1c05f7d
Status: Downloaded newer image for nginx:latest
docker.io/library/nginx:latest
Starting container my-nginx
86924a4251d064c9c07b764944eea4fcf1dafeb7cd846734d51ae01fadf166b9
2025-06-15 05:23:47 - Setup complete
2025-06-15 06:33:24 - Starting setup
Docker already installed
Creating disk file docker_data/disk.img
Pulling Docker image nginx:latest
latest: Pulling from library/nginx
dad67da3f26b: Pulling fs layer
3b00567da964: Pulling fs layer
56b81cfa547d: Pulling fs layer
1bc5dc8b475d: Pulling fs layer
979e6233a40a: Pulling fs layer
d2a7ba8dbfee: Pulling fs layer
32e44235e1d5: Pulling fs layer
979e6233a40a: Waiting
d2a7ba8dbfee: Waiting
32e44235e1d5: Waiting
1bc5dc8b475d: Waiting
56b81cfa547d: Verifying Checksum
56b81cfa547d: Download complete
1bc5dc8b475d: Download complete
dad67da3f26b: Verifying Checksum
dad67da3f26b: Download complete
979e6233a40a: Verifying Checksum
979e6233a40a: Download complete
d2a7ba8dbfee: Verifying Checksum
d2a7ba8dbfee: Download complete
32e44235e1d5: Verifying Checksum
32e44235e1d5: Download complete
3b00567da964: Verifying Checksum
3b00567da964: Download complete
dad67da3f26b: Pull complete
3b00567da964: Pull complete
56b81cfa547d: Pull complete
1bc5dc8b475d: Pull complete
979e6233a40a: Pull complete
d2a7ba8dbfee: Pull complete
32e44235e1d5: Pull complete
Digest: sha256:6784fb0834aa7dbbe12e3d7471e69c290df3e6ba810dc38b34ae33d3c1c05f7d
Status: Downloaded newer image for nginx:latest
docker.io/library/nginx:latest
Starting container my-nginx
8c47a575f067d623be274b9602c0984919a3cdf9bc506e2a356bcfd77c14e5e4
2025-06-15 06:33:27 - Setup complete
2025-06-15 07:22:51 - Starting setup
Docker already installed
Creating disk file docker_data/disk.img
Pulling Docker image nginx:latest
latest: Pulling from library/nginx
dad67da3f26b: Pulling fs layer
3b00567da964: Pulling fs layer
56b81cfa547d: Pulling fs layer
1bc5dc8b475d: Pulling fs layer
979e6233a40a: Pulling fs layer
d2a7ba8dbfee: Pulling fs layer
32e44235e1d5: Pulling fs layer
979e6233a40a: Waiting
d2a7ba8dbfee: Waiting
32e44235e1d5: Waiting
1bc5dc8b475d: Waiting
56b81cfa547d: Download complete
1bc5dc8b475d: Download complete
dad67da3f26b: Verifying Checksum
dad67da3f26b: Download complete
979e6233a40a: Download complete
3b00567da964: Download complete
d2a7ba8dbfee: Download complete
32e44235e1d5: Verifying Checksum
32e44235e1d5: Download complete
dad67da3f26b: Pull complete
3b00567da964: Pull complete
56b81cfa547d: Pull complete
1bc5dc8b475d: Pull complete
979e6233a40a: Pull complete
d2a7ba8dbfee: Pull complete
32e44235e1d5: Pull complete
Digest: sha256:6784fb0834aa7dbbe12e3d7471e69c290df3e6ba810dc38b34ae33d3c1c05f7d
Status: Downloaded newer image for nginx:latest
docker.io/library/nginx:latest
Starting container my-nginx
08dc4ff1074a817e9e8cc60c3d0d2520c879b3105bd888a94fa4722d0aeb881f
2025-06-15 07:22:55 - Setup complete
2025-06-15 08:29:36 - Starting setup
Docker already installed
Creating disk file docker_data/disk.img
Pulling Docker image nginx:latest
latest: Pulling from library/nginx
dad67da3f26b: Pulling fs layer
3b00567da964: Pulling fs layer
56b81cfa547d: Pulling fs layer
1bc5dc8b475d: Pulling fs layer
979e6233a40a: Pulling fs layer
d2a7ba8dbfee: Pulling fs layer
32e44235e1d5: Pulling fs layer
1bc5dc8b475d: Waiting
979e6233a40a: Waiting
d2a7ba8dbfee: Waiting
32e44235e1d5: Waiting
56b81cfa547d: Download complete
1bc5dc8b475d: Verifying Checksum
1bc5dc8b475d: Download complete
979e6233a40a: Verifying Checksum
979e6233a40a: Download complete
3b00567da964: Download complete
d2a7ba8dbfee: Verifying Checksum
d2a7ba8dbfee: Download complete
dad67da3f26b: Verifying Checksum
dad67da3f26b: Download complete
32e44235e1d5: Verifying Checksum
32e44235e1d5: Download complete
dad67da3f26b: Pull complete
3b00567da964: Pull complete
56b81cfa547d: Pull complete
1bc5dc8b475d: Pull complete
979e6233a40a: Pull complete
d2a7ba8dbfee: Pull complete
32e44235e1d5: Pull complete
Digest: sha256:6784fb0834aa7dbbe12e3d7471e69c290df3e6ba810dc38b34ae33d3c1c05f7d
Status: Downloaded newer image for nginx:latest
docker.io/library/nginx:latest
Starting container my-nginx
7e563c3217f4d46f5a1e0a19d366bd1addfceddaa9b343b7ddd2f6c82b0ad39b
2025-06-15 08:29:41 - Setup complete
2025-06-15 09:24:23 - Starting setup
Docker already installed
Creating disk file docker_data/disk.img
Pulling Docker image nginx:latest
latest: Pulling from library/nginx
dad67da3f26b: Pulling fs layer
3b00567da964: Pulling fs layer
56b81cfa547d: Pulling fs layer
1bc5dc8b475d: Pulling fs layer
979e6233a40a: Pulling fs layer
d2a7ba8dbfee: Pulling fs layer
32e44235e1d5: Pulling fs layer
979e6233a40a: Waiting
d2a7ba8dbfee: Waiting
32e44235e1d5: Waiting
1bc5dc8b475d: Waiting
56b81cfa547d: Verifying Checksum
56b81cfa547d: Download complete
1bc5dc8b475d: Verifying Checksum
1bc5dc8b475d: Download complete
dad67da3f26b: Verifying Checksum
dad67da3f26b: Download complete
979e6233a40a: Verifying Checksum
979e6233a40a: Download complete
3b00567da964: Verifying Checksum
3b00567da964: Download complete
32e44235e1d5: Verifying Checksum
32e44235e1d5: Download complete
d2a7ba8dbfee: Verifying Checksum
d2a7ba8dbfee: Download complete
dad67da3f26b: Pull complete
3b00567da964: Pull complete
56b81cfa547d: Pull complete
1bc5dc8b475d: Pull complete
979e6233a40a: Pull complete
d2a7ba8dbfee: Pull complete
32e44235e1d5: Pull complete
Digest: sha256:6784fb0834aa7dbbe12e3d7471e69c290df3e6ba810dc38b34ae33d3c1c05f7d
Status: Downloaded newer image for nginx:latest
docker.io/library/nginx:latest
Starting container my-nginx
12c49657a84a40deadbb59f2f76d5932efbb880143e9cb82b8cb101616bf1cf6
2025-06-15 09:24:26 - Setup complete
2025-06-15 10:26:14 - Starting setup
Docker already installed
Creating disk file docker_data/disk.img
Pulling Docker image nginx:latest
latest: Pulling from library/nginx
dad67da3f26b: Pulling fs layer
3b00567da964: Pulling fs layer
56b81cfa547d: Pulling fs layer
1bc5dc8b475d: Pulling fs layer
979e6233a40a: Pulling fs layer
d2a7ba8dbfee: Pulling fs layer
32e44235e1d5: Pulling fs layer
1bc5dc8b475d: Waiting
979e6233a40a: Waiting
d2a7ba8dbfee: Waiting
32e44235e1d5: Waiting
56b81cfa547d: Download complete
1bc5dc8b475d: Verifying Checksum
1bc5dc8b475d: Download complete
979e6233a40a: Verifying Checksum
979e6233a40a: Download complete
dad67da3f26b: Verifying Checksum
dad67da3f26b: Download complete
d2a7ba8dbfee: Verifying Checksum
d2a7ba8dbfee: Download complete
32e44235e1d5: Verifying Checksum
32e44235e1d5: Download complete
3b00567da964: Verifying Checksum
3b00567da964: Download complete
dad67da3f26b: Pull complete
3b00567da964: Pull complete
56b81cfa547d: Pull complete
1bc5dc8b475d: Pull complete
979e6233a40a: Pull complete
d2a7ba8dbfee: Pull complete
32e44235e1d5: Pull complete
Digest: sha256:6784fb0834aa7dbbe12e3d7471e69c290df3e6ba810dc38b34ae33d3c1c05f7d
Status: Downloaded newer image for nginx:latest
docker.io/library/nginx:latest
Starting container my-nginx
c002372a9d783d8e0f053f8a242a813856d11414c1844eb521607cafa1244209
2025-06-15 10:26:17 - Setup complete
2025-06-15 11:18:59 - Starting setup
Docker already installed
Creating disk file docker_data/disk.img
Pulling Docker image nginx:latest
latest: Pulling from library/nginx
dad67da3f26b: Pulling fs layer
3b00567da964: Pulling fs layer
56b81cfa547d: Pulling fs layer
1bc5dc8b475d: Pulling fs layer
979e6233a40a: Pulling fs layer
d2a7ba8dbfee: Pulling fs layer
32e44235e1d5: Pulling fs layer
979e6233a40a: Waiting
d2a7ba8dbfee: Waiting
1bc5dc8b475d: Waiting
32e44235e1d5: Waiting
56b81cfa547d: Verifying Checksum
56b81cfa547d: Download complete
1bc5dc8b475d: Verifying Checksum
1bc5dc8b475d: Download complete
dad67da3f26b: Verifying Checksum
dad67da3f26b: Download complete
979e6233a40a: Verifying Checksum
979e6233a40a: Download complete
d2a7ba8dbfee: Verifying Checksum
d2a7ba8dbfee: Download complete
3b00567da964: Verifying Checksum
3b00567da964: Download complete
32e44235e1d5: Verifying Checksum
32e44235e1d5: Download complete
dad67da3f26b: Pull complete
3b00567da964: Pull complete
56b81cfa547d: Pull complete
1bc5dc8b475d: Pull complete
979e6233a40a: Pull complete
d2a7ba8dbfee: Pull complete
32e44235e1d5: Pull complete
Digest: sha256:6784fb0834aa7dbbe12e3d7471e69c290df3e6ba810dc38b34ae33d3c1c05f7d
Status: Downloaded newer image for nginx:latest
docker.io/library/nginx:latest
Starting container my-nginx
e0f542e9f4357166334e7b615a59389c07b9460f90c4249e75ba88f3922c7466
2025-06-15 11:19:03 - Setup complete
2025-06-15 12:47:57 - Starting setup
Docker already installed
Creating disk file docker_data/disk.img
Pulling Docker image nginx:latest
latest: Pulling from library/nginx
dad67da3f26b: Pulling fs layer
3b00567da964: Pulling fs layer
56b81cfa547d: Pulling fs layer
1bc5dc8b475d: Pulling fs layer
979e6233a40a: Pulling fs layer
d2a7ba8dbfee: Pulling fs layer
32e44235e1d5: Pulling fs layer
1bc5dc8b475d: Waiting
979e6233a40a: Waiting
d2a7ba8dbfee: Waiting
32e44235e1d5: Waiting
56b81cfa547d: Verifying Checksum
56b81cfa547d: Download complete
dad67da3f26b: Verifying Checksum
dad67da3f26b: Download complete
1bc5dc8b475d: Verifying Checksum
1bc5dc8b475d: Download complete
3b00567da964: Verifying Checksum
3b00567da964: Download complete
979e6233a40a: Verifying Checksum
979e6233a40a: Download complete
d2a7ba8dbfee: Verifying Checksum
32e44235e1d5: Verifying Checksum
32e44235e1d5: Download complete
dad67da3f26b: Pull complete
3b00567da964: Pull complete
56b81cfa547d: Pull complete
1bc5dc8b475d: Pull complete
979e6233a40a: Pull complete
d2a7ba8dbfee: Pull complete
32e44235e1d5: Pull complete
Digest: sha256:6784fb0834aa7dbbe12e3d7471e69c290df3e6ba810dc38b34ae33d3c1c05f7d
Status: Downloaded newer image for nginx:latest
docker.io/library/nginx:latest
Starting container my-nginx
27eb83928b7f7e881cb675107d92cde1d7886236e62dea7696112f1fc51cca90
2025-06-15 12:48:01 - Setup complete
2025-06-15 13:30:53 - Starting setup
Docker already installed
Creating disk file docker_data/disk.img
Pulling Docker image nginx:latest
latest: Pulling from library/nginx
dad67da3f26b: Pulling fs layer
3b00567da964: Pulling fs layer
56b81cfa547d: Pulling fs layer
1bc5dc8b475d: Pulling fs layer
979e6233a40a: Pulling fs layer
d2a7ba8dbfee: Pulling fs layer
32e44235e1d5: Pulling fs layer
979e6233a40a: Waiting
1bc5dc8b475d: Waiting
32e44235e1d5: Waiting
d2a7ba8dbfee: Waiting
56b81cfa547d: Verifying Checksum
56b81cfa547d: Download complete
dad67da3f26b: Verifying Checksum
dad67da3f26b: Download complete
3b00567da964: Verifying Checksum
3b00567da964: Download complete
1bc5dc8b475d: Verifying Checksum
1bc5dc8b475d: Download complete
979e6233a40a: Verifying Checksum
979e6233a40a: Download complete
d2a7ba8dbfee: Download complete
32e44235e1d5: Verifying Checksum
32e44235e1d5: Download complete
dad67da3f26b: Pull complete
3b00567da964: Pull complete
56b81cfa547d: Pull complete
1bc5dc8b475d: Pull complete
979e6233a40a: Pull complete
d2a7ba8dbfee: Pull complete
32e44235e1d5: Pull complete
Digest: sha256:6784fb0834aa7dbbe12e3d7471e69c290df3e6ba810dc38b34ae33d3c1c05f7d
Status: Downloaded newer image for nginx:latest
docker.io/library/nginx:latest
Starting container my-nginx
da5067b3f3f87a37e99939679b5922e286c7af4e6ba02fe727ddabeb4f8f4f20
2025-06-15 13:30:59 - Setup complete
2025-06-15 14:21:13 - Starting setup
Docker already installed
Creating disk file docker_data/disk.img
Pulling Docker image nginx:latest
latest: Pulling from library/nginx
dad67da3f26b: Pulling fs layer
3b00567da964: Pulling fs layer
56b81cfa547d: Pulling fs layer
1bc5dc8b475d: Pulling fs layer
979e6233a40a: Pulling fs layer
d2a7ba8dbfee: Pulling fs layer
32e44235e1d5: Pulling fs layer
979e6233a40a: Waiting
d2a7ba8dbfee: Waiting
1bc5dc8b475d: Waiting
32e44235e1d5: Waiting
56b81cfa547d: Verifying Checksum
56b81cfa547d: Download complete
1bc5dc8b475d: Download complete
979e6233a40a: Verifying Checksum
979e6233a40a: Download complete
dad67da3f26b: Download complete
3b00567da964: Verifying Checksum
3b00567da964: Download complete
d2a7ba8dbfee: Verifying Checksum
d2a7ba8dbfee: Download complete
32e44235e1d5: Download complete
dad67da3f26b: Pull complete
3b00567da964: Pull complete
56b81cfa547d: Pull complete
1bc5dc8b475d: Pull complete
979e6233a40a: Pull complete
d2a7ba8dbfee: Pull complete
32e44235e1d5: Pull complete
Digest: sha256:6784fb0834aa7dbbe12e3d7471e69c290df3e6ba810dc38b34ae33d3c1c05f7d
Status: Downloaded newer image for nginx:latest
docker.io/library/nginx:latest
Starting container my-nginx
b7f062e7c381732721f4901e6463bd937d01b1cbb1ea27f51bb37cca5f0f07c6
2025-06-15 14:21:17 - Setup complete
2025-06-15 15:23:27 - Starting setup
Docker already installed
Creating disk file docker_data/disk.img
Pulling Docker image nginx:latest
latest: Pulling from library/nginx
dad67da3f26b: Pulling fs layer
3b00567da964: Pulling fs layer
56b81cfa547d: Pulling fs layer
1bc5dc8b475d: Pulling fs layer
979e6233a40a: Pulling fs layer
d2a7ba8dbfee: Pulling fs layer
32e44235e1d5: Pulling fs layer
979e6233a40a: Waiting
1bc5dc8b475d: Waiting
d2a7ba8dbfee: Waiting
32e44235e1d5: Waiting
56b81cfa547d: Verifying Checksum
56b81cfa547d: Download complete
1bc5dc8b475d: Verifying Checksum
1bc5dc8b475d: Download complete
dad67da3f26b: Verifying Checksum
dad67da3f26b: Download complete
3b00567da964: Verifying Checksum
3b00567da964: Download complete
979e6233a40a: Verifying Checksum
979e6233a40a: Download complete
d2a7ba8dbfee: Verifying Checksum
d2a7ba8dbfee: Download complete
32e44235e1d5: Verifying Checksum
32e44235e1d5: Download complete
dad67da3f26b: Pull complete
3b00567da964: Pull complete
56b81cfa547d: Pull complete
1bc5dc8b475d: Pull complete
979e6233a40a: Pull complete
d2a7ba8dbfee: Pull complete
32e44235e1d5: Pull complete
Digest: sha256:6784fb0834aa7dbbe12e3d7471e69c290df3e6ba810dc38b34ae33d3c1c05f7d
Status: Downloaded newer image for nginx:latest
docker.io/library/nginx:latest
Starting container my-nginx
c941c82e0a4a87afbb52a641c63f6999df25e745dfd8ddfdc1d45c97d612af9e
2025-06-15 15:23:31 - Setup complete
2025-06-15 16:28:32 - Starting setup
Docker already installed
Creating disk file docker_data/disk.img
Pulling Docker image nginx:latest
latest: Pulling from library/nginx
dad67da3f26b: Pulling fs layer
3b00567da964: Pulling fs layer
56b81cfa547d: Pulling fs layer
1bc5dc8b475d: Pulling fs layer
979e6233a40a: Pulling fs layer
d2a7ba8dbfee: Pulling fs layer
32e44235e1d5: Pulling fs layer
1bc5dc8b475d: Waiting
979e6233a40a: Waiting
d2a7ba8dbfee: Waiting
32e44235e1d5: Waiting
56b81cfa547d: Download complete
1bc5dc8b475d: Verifying Checksum
979e6233a40a: Verifying Checksum
979e6233a40a: Download complete
d2a7ba8dbfee: Verifying Checksum
d2a7ba8dbfee: Download complete
32e44235e1d5: Verifying Checksum
32e44235e1d5: Download complete
dad67da3f26b: Verifying Checksum
dad67da3f26b: Download complete
3b00567da964: Verifying Checksum
3b00567da964: Download complete
dad67da3f26b: Pull complete
3b00567da964: Pull complete
56b81cfa547d: Pull complete
1bc5dc8b475d: Pull complete
979e6233a40a: Pull complete
d2a7ba8dbfee: Pull complete
32e44235e1d5: Pull complete
Digest: sha256:6784fb0834aa7dbbe12e3d7471e69c290df3e6ba810dc38b34ae33d3c1c05f7d
Status: Downloaded newer image for nginx:latest
docker.io/library/nginx:latest
Starting container my-nginx
4c5eafb3b93d45df5e5b2c8850860608f79a9556b4ee435823fdefc05ad3736c
2025-06-15 16:28:36 - Setup complete
2025-06-15 17:20:53 - Starting setup
Docker already installed
Creating disk file docker_data/disk.img
Pulling Docker image nginx:latest
latest: Pulling from library/nginx
dad67da3f26b: Pulling fs layer
3b00567da964: Pulling fs layer
56b81cfa547d: Pulling fs layer
1bc5dc8b475d: Pulling fs layer
979e6233a40a: Pulling fs layer
d2a7ba8dbfee: Pulling fs layer
32e44235e1d5: Pulling fs layer
979e6233a40a: Waiting
32e44235e1d5: Waiting
1bc5dc8b475d: Waiting
d2a7ba8dbfee: Waiting
56b81cfa547d: Verifying Checksum
56b81cfa547d: Download complete
1bc5dc8b475d: Verifying Checksum
1bc5dc8b475d: Download complete
dad67da3f26b: Verifying Checksum
dad67da3f26b: Download complete
979e6233a40a: Verifying Checksum
979e6233a40a: Download complete
d2a7ba8dbfee: Verifying Checksum
d2a7ba8dbfee: Download complete
3b00567da964: Verifying Checksum
3b00567da964: Download complete
32e44235e1d5: Verifying Checksum
32e44235e1d5: Download complete
dad67da3f26b: Pull complete
3b00567da964: Pull complete
56b81cfa547d: Pull complete
1bc5dc8b475d: Pull complete
979e6233a40a: Pull complete
d2a7ba8dbfee: Pull complete
32e44235e1d5: Pull complete
Digest: sha256:6784fb0834aa7dbbe12e3d7471e69c290df3e6ba810dc38b34ae33d3c1c05f7d
Status: Downloaded newer image for nginx:latest
docker.io/library/nginx:latest
Starting container my-nginx
f3e6a10bc687e88e49ef08f41ee007857d65eae2df8367474323a8b61832f579
2025-06-15 17:20:58 - Setup complete
2025-06-15 18:32:07 - Starting setup
Docker already installed
Creating disk file docker_data/disk.img
Pulling Docker image nginx:latest
latest: Pulling from library/nginx
dad67da3f26b: Pulling fs layer
3b00567da964: Pulling fs layer
56b81cfa547d: Pulling fs layer
1bc5dc8b475d: Pulling fs layer
979e6233a40a: Pulling fs layer
d2a7ba8dbfee: Pulling fs layer
32e44235e1d5: Pulling fs layer
979e6233a40a: Waiting
d2a7ba8dbfee: Waiting
32e44235e1d5: Waiting
1bc5dc8b475d: Waiting
56b81cfa547d: Verifying Checksum
56b81cfa547d: Download complete
1bc5dc8b475d: Verifying Checksum
1bc5dc8b475d: Download complete
979e6233a40a: Verifying Checksum
979e6233a40a: Download complete
dad67da3f26b: Verifying Checksum
dad67da3f26b: Download complete
d2a7ba8dbfee: Verifying Checksum
d2a7ba8dbfee: Download complete
32e44235e1d5: Verifying Checksum
32e44235e1d5: Download complete
3b00567da964: Verifying Checksum
3b00567da964: Download complete
dad67da3f26b: Pull complete
3b00567da964: Pull complete
56b81cfa547d: Pull complete
1bc5dc8b475d: Pull complete
979e6233a40a: Pull complete
d2a7ba8dbfee: Pull complete
32e44235e1d5: Pull complete
Digest: sha256:6784fb0834aa7dbbe12e3d7471e69c290df3e6ba810dc38b34ae33d3c1c05f7d
Status: Downloaded newer image for nginx:latest
docker.io/library/nginx:latest
Starting container my-nginx
2b43a994577b68ebe6d1165b705d865fac728b5087521b412346fbc2a8345c39
2025-06-15 18:32:10 - Setup complete
2025-06-15 19:18:48 - Starting setup
Docker already installed
Creating disk file docker_data/disk.img
Pulling Docker image nginx:latest
latest: Pulling from library/nginx
dad67da3f26b: Pulling fs layer
3b00567da964: Pulling fs layer
56b81cfa547d: Pulling fs layer
1bc5dc8b475d: Pulling fs layer
979e6233a40a: Pulling fs layer
d2a7ba8dbfee: Pulling fs layer
32e44235e1d5: Pulling fs layer
979e6233a40a: Waiting
d2a7ba8dbfee: Waiting
32e44235e1d5: Waiting
1bc5dc8b475d: Waiting
56b81cfa547d: Download complete
1bc5dc8b475d: Verifying Checksum
1bc5dc8b475d: Download complete
dad67da3f26b: Verifying Checksum
dad67da3f26b: Download complete
3b00567da964: Verifying Checksum
3b00567da964: Download complete
979e6233a40a: Verifying Checksum
979e6233a40a: Download complete
d2a7ba8dbfee: Download complete
32e44235e1d5: Verifying Checksum
32e44235e1d5: Download complete
dad67da3f26b: Pull complete
3b00567da964: Pull complete
56b81cfa547d: Pull complete
1bc5dc8b475d: Pull complete
979e6233a40a: Pull complete
d2a7ba8dbfee: Pull complete
32e44235e1d5: Pull complete
Digest: sha256:6784fb0834aa7dbbe12e3d7471e69c290df3e6ba810dc38b34ae33d3c1c05f7d
Status: Downloaded newer image for nginx:latest
docker.io/library/nginx:latest
Starting container my-nginx
b2527fbbb9758e0fe339fbd948dde9e8af209346ebda1046b63981caa1bcbfaf
2025-06-15 19:18:52 - Setup complete
2025-06-15 20:25:37 - Starting setup
Docker already installed
Creating disk file docker_data/disk.img
Pulling Docker image nginx:latest
latest: Pulling from library/nginx
dad67da3f26b: Pulling fs layer
3b00567da964: Pulling fs layer
56b81cfa547d: Pulling fs layer
1bc5dc8b475d: Pulling fs layer
979e6233a40a: Pulling fs layer
d2a7ba8dbfee: Pulling fs layer
32e44235e1d5: Pulling fs layer
1bc5dc8b475d: Waiting
979e6233a40a: Waiting
d2a7ba8dbfee: Waiting
32e44235e1d5: Waiting
56b81cfa547d: Download complete
1bc5dc8b475d: Verifying Checksum
1bc5dc8b475d: Download complete
dad67da3f26b: Download complete
979e6233a40a: Download complete
3b00567da964: Verifying Checksum
3b00567da964: Download complete
d2a7ba8dbfee: Verifying Checksum
d2a7ba8dbfee: Download complete
32e44235e1d5: Verifying Checksum
32e44235e1d5: Download complete
dad67da3f26b: Pull complete
3b00567da964: Pull complete
56b81cfa547d: Pull complete
1bc5dc8b475d: Pull complete
979e6233a40a: Pull complete
d2a7ba8dbfee: Pull complete
32e44235e1d5: Pull complete
Digest: sha256:6784fb0834aa7dbbe12e3d7471e69c290df3e6ba810dc38b34ae33d3c1c05f7d
Status: Downloaded newer image for nginx:latest
docker.io/library/nginx:latest
Starting container my-nginx
16bcbd94b50f340453bece8f1702b4aacee4670a4b17a31f178cd2ccc1b724b3
2025-06-15 20:25:43 - Setup complete
2025-06-15 21:21:49 - Starting setup
Docker already installed
Creating disk file docker_data/disk.img
Pulling Docker image nginx:latest
latest: Pulling from library/nginx
dad67da3f26b: Pulling fs layer
3b00567da964: Pulling fs layer
56b81cfa547d: Pulling fs layer
1bc5dc8b475d: Pulling fs layer
979e6233a40a: Pulling fs layer
d2a7ba8dbfee: Pulling fs layer
32e44235e1d5: Pulling fs layer
979e6233a40a: Waiting
32e44235e1d5: Waiting
1bc5dc8b475d: Waiting
d2a7ba8dbfee: Waiting
56b81cfa547d: Verifying Checksum
56b81cfa547d: Download complete
dad67da3f26b: Verifying Checksum
dad67da3f26b: Download complete
3b00567da964: Verifying Checksum
3b00567da964: Download complete
1bc5dc8b475d: Verifying Checksum
1bc5dc8b475d: Download complete
979e6233a40a: Verifying Checksum
979e6233a40a: Download complete
d2a7ba8dbfee: Verifying Checksum
d2a7ba8dbfee: Download complete
32e44235e1d5: Verifying Checksum
32e44235e1d5: Download complete
dad67da3f26b: Pull complete
3b00567da964: Pull complete
56b81cfa547d: Pull complete
1bc5dc8b475d: Pull complete
979e6233a40a: Pull complete
d2a7ba8dbfee: Pull complete
32e44235e1d5: Pull complete
Digest: sha256:6784fb0834aa7dbbe12e3d7471e69c290df3e6ba810dc38b34ae33d3c1c05f7d
Status: Downloaded newer image for nginx:latest
docker.io/library/nginx:latest
Starting container my-nginx
8134ad94bb6a7d8ad32057129e81759aa55bfdf059304201f9e73a2835a7ff4a
2025-06-15 21:22:05 - Setup complete
2025-06-15 22:22:54 - Starting setup
Docker already installed
Creating disk file docker_data/disk.img
Pulling Docker image nginx:latest
latest: Pulling from library/nginx
dad67da3f26b: Pulling fs layer
3b00567da964: Pulling fs layer
56b81cfa547d: Pulling fs layer
1bc5dc8b475d: Pulling fs layer
979e6233a40a: Pulling fs layer
d2a7ba8dbfee: Pulling fs layer
32e44235e1d5: Pulling fs layer
1bc5dc8b475d: Waiting
979e6233a40a: Waiting
d2a7ba8dbfee: Waiting
32e44235e1d5: Waiting
56b81cfa547d: Verifying Checksum
56b81cfa547d: Download complete
1bc5dc8b475d: Download complete
dad67da3f26b: Verifying Checksum
dad67da3f26b: Download complete
3b00567da964: Verifying Checksum
3b00567da964: Download complete
979e6233a40a: Verifying Checksum
979e6233a40a: Download complete
d2a7ba8dbfee: Verifying Checksum
d2a7ba8dbfee: Download complete
32e44235e1d5: Verifying Checksum
32e44235e1d5: Download complete
dad67da3f26b: Pull complete
3b00567da964: Pull complete
56b81cfa547d: Pull complete
1bc5dc8b475d: Pull complete
979e6233a40a: Pull complete
d2a7ba8dbfee: Pull complete
32e44235e1d5: Pull complete
Digest: sha256:6784fb0834aa7dbbe12e3d7471e69c290df3e6ba810dc38b34ae33d3c1c05f7d
Status: Downloaded newer image for nginx:latest
docker.io/library/nginx:latest
Starting container my-nginx
d1fff774655bdbb30f5b86130840b0ff47d2786577a7054815dc30afe01d40ff
2025-06-15 22:23:00 - Setup complete
2025-06-15 23:22:22 - Starting setup
Docker already installed
Creating disk file docker_data/disk.img
Pulling Docker image nginx:latest
latest: Pulling from library/nginx
dad67da3f26b: Pulling fs layer
3b00567da964: Pulling fs layer
56b81cfa547d: Pulling fs layer
1bc5dc8b475d: Pulling fs layer
979e6233a40a: Pulling fs layer
d2a7ba8dbfee: Pulling fs layer
32e44235e1d5: Pulling fs layer
1bc5dc8b475d: Waiting
979e6233a40a: Waiting
d2a7ba8dbfee: Waiting
32e44235e1d5: Waiting
56b81cfa547d: Download complete
1bc5dc8b475d: Verifying Checksum
1bc5dc8b475d: Download complete
dad67da3f26b: Verifying Checksum
dad67da3f26b: Download complete
979e6233a40a: Download complete
32e44235e1d5: Verifying Checksum
32e44235e1d5: Download complete
d2a7ba8dbfee: Verifying Checksum
d2a7ba8dbfee: Download complete
3b00567da964: Verifying Checksum
3b00567da964: Download complete
dad67da3f26b: Pull complete
3b00567da964: Pull complete
56b81cfa547d: Pull complete
1bc5dc8b475d: Pull complete
979e6233a40a: Pull complete
d2a7ba8dbfee: Pull complete
32e44235e1d5: Pull complete
Digest: sha256:6784fb0834aa7dbbe12e3d7471e69c290df3e6ba810dc38b34ae33d3c1c05f7d
Status: Downloaded newer image for nginx:latest
docker.io/library/nginx:latest
Starting container my-nginx
e7ea8a128372ae439126b4c090b4b3abf573b0809c973fd9afc772b3a81845e5
2025-06-15 23:22:30 - Setup complete
2025-06-16 02:07:45 - Starting setup
Docker already installed
Creating disk file docker_data/disk.img
Pulling Docker image nginx:latest
latest: Pulling from library/nginx
dad67da3f26b: Pulling fs layer
3b00567da964: Pulling fs layer
56b81cfa547d: Pulling fs layer
1bc5dc8b475d: Pulling fs layer
979e6233a40a: Pulling fs layer
d2a7ba8dbfee: Pulling fs layer
32e44235e1d5: Pulling fs layer
979e6233a40a: Waiting
d2a7ba8dbfee: Waiting
32e44235e1d5: Waiting
1bc5dc8b475d: Waiting
56b81cfa547d: Verifying Checksum
56b81cfa547d: Download complete
1bc5dc8b475d: Verifying Checksum
1bc5dc8b475d: Download complete
dad67da3f26b: Verifying Checksum
dad67da3f26b: Download complete
979e6233a40a: Verifying Checksum
979e6233a40a: Download complete
d2a7ba8dbfee: Verifying Checksum
d2a7ba8dbfee: Download complete
32e44235e1d5: Verifying Checksum
32e44235e1d5: Download complete
3b00567da964: Verifying Checksum
3b00567da964: Download complete
dad67da3f26b: Pull complete
3b00567da964: Pull complete
56b81cfa547d: Pull complete
1bc5dc8b475d: Pull complete
979e6233a40a: Pull complete
d2a7ba8dbfee: Pull complete
32e44235e1d5: Pull complete
Digest: sha256:6784fb0834aa7dbbe12e3d7471e69c290df3e6ba810dc38b34ae33d3c1c05f7d
Status: Downloaded newer image for nginx:latest
docker.io/library/nginx:latest
Starting container my-nginx
565fc07732f73fcc601b458e94f1b042e59bccebe4d77de68516882c3dab4ed5
2025-06-16 02:07:49 - Setup complete
2025-06-16 03:54:37 - Starting setup
Docker already installed
Creating disk file docker_data/disk.img
Pulling Docker image nginx:latest
latest: Pulling from library/nginx
dad67da3f26b: Pulling fs layer
3b00567da964: Pulling fs layer
56b81cfa547d: Pulling fs layer
1bc5dc8b475d: Pulling fs layer
979e6233a40a: Pulling fs layer
d2a7ba8dbfee: Pulling fs layer
32e44235e1d5: Pulling fs layer
1bc5dc8b475d: Waiting
d2a7ba8dbfee: Waiting
32e44235e1d5: Waiting
979e6233a40a: Waiting
56b81cfa547d: Verifying Checksum
56b81cfa547d: Download complete
dad67da3f26b: Download complete
1bc5dc8b475d: Verifying Checksum
1bc5dc8b475d: Download complete
3b00567da964: Verifying Checksum
3b00567da964: Download complete
979e6233a40a: Verifying Checksum
979e6233a40a: Download complete
d2a7ba8dbfee: Verifying Checksum
d2a7ba8dbfee: Download complete
32e44235e1d5: Verifying Checksum
32e44235e1d5: Download complete
dad67da3f26b: Pull complete
3b00567da964: Pull complete
56b81cfa547d: Pull complete
1bc5dc8b475d: Pull complete
979e6233a40a: Pull complete
d2a7ba8dbfee: Pull complete
32e44235e1d5: Pull complete
Digest: sha256:6784fb0834aa7dbbe12e3d7471e69c290df3e6ba810dc38b34ae33d3c1c05f7d
Status: Downloaded newer image for nginx:latest
docker.io/library/nginx:latest
Starting container my-nginx
7d28d4704c13d59f7a90541c7554b833930f8d756c8bf48205962884b23a1559
2025-06-16 03:54:41 - Setup complete
2025-06-16 04:36:34 - Starting setup
Docker already installed
Creating disk file docker_data/disk.img
Pulling Docker image nginx:latest
latest: Pulling from library/nginx
dad67da3f26b: Pulling fs layer
3b00567da964: Pulling fs layer
56b81cfa547d: Pulling fs layer
1bc5dc8b475d: Pulling fs layer
979e6233a40a: Pulling fs layer
d2a7ba8dbfee: Pulling fs layer
32e44235e1d5: Pulling fs layer
979e6233a40a: Waiting
32e44235e1d5: Waiting
d2a7ba8dbfee: Waiting
1bc5dc8b475d: Waiting
56b81cfa547d: Verifying Checksum
56b81cfa547d: Download complete
1bc5dc8b475d: Verifying Checksum
1bc5dc8b475d: Download complete
979e6233a40a: Verifying Checksum
979e6233a40a: Download complete
dad67da3f26b: Verifying Checksum
dad67da3f26b: Download complete
d2a7ba8dbfee: Verifying Checksum
d2a7ba8dbfee: Download complete
3b00567da964: Verifying Checksum
3b00567da964: Download complete
32e44235e1d5: Verifying Checksum
32e44235e1d5: Download complete
dad67da3f26b: Pull complete
3b00567da964: Pull complete
56b81cfa547d: Pull complete
1bc5dc8b475d: Pull complete
979e6233a40a: Pull complete
d2a7ba8dbfee: Pull complete
32e44235e1d5: Pull complete
Digest: sha256:6784fb0834aa7dbbe12e3d7471e69c290df3e6ba810dc38b34ae33d3c1c05f7d
Status: Downloaded newer image for nginx:latest
docker.io/library/nginx:latest
Starting container my-nginx
52bcb9ccbb085cb83d92ab9b3804ad9c588d932b32f208a5e85133ad99b3023f
2025-06-16 04:36:37 - Setup complete
2025-06-16 05:26:57 - Starting setup
Docker already installed
Creating disk file docker_data/disk.img
Pulling Docker image nginx:latest
latest: Pulling from library/nginx
dad67da3f26b: Pulling fs layer
3b00567da964: Pulling fs layer
56b81cfa547d: Pulling fs layer
1bc5dc8b475d: Pulling fs layer
979e6233a40a: Pulling fs layer
d2a7ba8dbfee: Pulling fs layer
32e44235e1d5: Pulling fs layer
979e6233a40a: Waiting
1bc5dc8b475d: Waiting
d2a7ba8dbfee: Waiting
32e44235e1d5: Waiting
56b81cfa547d: Verifying Checksum
56b81cfa547d: Download complete
dad67da3f26b: Verifying Checksum
dad67da3f26b: Download complete
1bc5dc8b475d: Verifying Checksum
1bc5dc8b475d: Download complete
3b00567da964: Verifying Checksum
3b00567da964: Download complete
979e6233a40a: Verifying Checksum
979e6233a40a: Download complete
d2a7ba8dbfee: Download complete
32e44235e1d5: Verifying Checksum
32e44235e1d5: Download complete
dad67da3f26b: Pull complete
3b00567da964: Pull complete
56b81cfa547d: Pull complete
1bc5dc8b475d: Pull complete
979e6233a40a: Pull complete
d2a7ba8dbfee: Pull complete
32e44235e1d5: Pull complete
Digest: sha256:6784fb0834aa7dbbe12e3d7471e69c290df3e6ba810dc38b34ae33d3c1c05f7d
Status: Downloaded newer image for nginx:latest
docker.io/library/nginx:latest
Starting container my-nginx
b1753b94c780d083750bf08c33b37e1840ed37ea94eef03d68fb611ebc3cacde
2025-06-16 05:27:02 - Setup complete
2025-06-16 06:38:09 - Starting setup
Docker already installed
Creating disk file docker_data/disk.img
Pulling Docker image nginx:latest
latest: Pulling from library/nginx
dad67da3f26b: Pulling fs layer
3b00567da964: Pulling fs layer
56b81cfa547d: Pulling fs layer
1bc5dc8b475d: Pulling fs layer
979e6233a40a: Pulling fs layer
d2a7ba8dbfee: Pulling fs layer
32e44235e1d5: Pulling fs layer
1bc5dc8b475d: Waiting
979e6233a40a: Waiting
d2a7ba8dbfee: Waiting
32e44235e1d5: Waiting
56b81cfa547d: Download complete
dad67da3f26b: Verifying Checksum
dad67da3f26b: Download complete
1bc5dc8b475d: Verifying Checksum
1bc5dc8b475d: Download complete
3b00567da964: Verifying Checksum
3b00567da964: Download complete
979e6233a40a: Download complete
d2a7ba8dbfee: Verifying Checksum
d2a7ba8dbfee: Download complete
32e44235e1d5: Verifying Checksum
32e44235e1d5: Download complete
dad67da3f26b: Pull complete
3b00567da964: Pull complete
56b81cfa547d: Pull complete
1bc5dc8b475d: Pull complete
979e6233a40a: Pull complete
d2a7ba8dbfee: Pull complete
32e44235e1d5: Pull complete
Digest: sha256:6784fb0834aa7dbbe12e3d7471e69c290df3e6ba810dc38b34ae33d3c1c05f7d
Status: Downloaded newer image for nginx:latest
docker.io/library/nginx:latest
Starting container my-nginx
b37c1f6ce8c0b525dbf2850d3c5005304321b71484f667f772f28a2cd703cbed
2025-06-16 06:38:13 - Setup complete
2025-06-16 07:26:15 - Starting setup
Docker already installed
Creating disk file docker_data/disk.img
Pulling Docker image nginx:latest
latest: Pulling from library/nginx
dad67da3f26b: Pulling fs layer
3b00567da964: Pulling fs layer
56b81cfa547d: Pulling fs layer
1bc5dc8b475d: Pulling fs layer
979e6233a40a: Pulling fs layer
d2a7ba8dbfee: Pulling fs layer
32e44235e1d5: Pulling fs layer
979e6233a40a: Waiting
d2a7ba8dbfee: Waiting
32e44235e1d5: Waiting
56b81cfa547d: Verifying Checksum
56b81cfa547d: Download complete
1bc5dc8b475d: Verifying Checksum
1bc5dc8b475d: Download complete
dad67da3f26b: Verifying Checksum
dad67da3f26b: Download complete
979e6233a40a: Verifying Checksum
979e6233a40a: Download complete
3b00567da964: Verifying Checksum
3b00567da964: Download complete
d2a7ba8dbfee: Verifying Checksum
d2a7ba8dbfee: Download complete
32e44235e1d5: Download complete
dad67da3f26b: Pull complete
3b00567da964: Pull complete
56b81cfa547d: Pull complete
1bc5dc8b475d: Pull complete
979e6233a40a: Pull complete
d2a7ba8dbfee: Pull complete
32e44235e1d5: Pull complete
Digest: sha256:6784fb0834aa7dbbe12e3d7471e69c290df3e6ba810dc38b34ae33d3c1c05f7d
Status: Downloaded newer image for nginx:latest
docker.io/library/nginx:latest
Starting container my-nginx
ad993bb1bf3c828c682cad9fbb39ddb670f2d419c7f4f766491d2b4fe2c29388
2025-06-16 07:26:19 - Setup complete
2025-06-16 08:34:50 - Starting setup
Docker already installed
Creating disk file docker_data/disk.img
Pulling Docker image nginx:latest
latest: Pulling from library/nginx
dad67da3f26b: Pulling fs layer
3b00567da964: Pulling fs layer
56b81cfa547d: Pulling fs layer
1bc5dc8b475d: Pulling fs layer
979e6233a40a: Pulling fs layer
d2a7ba8dbfee: Pulling fs layer
32e44235e1d5: Pulling fs layer
1bc5dc8b475d: Waiting
979e6233a40a: Waiting
d2a7ba8dbfee: Waiting
32e44235e1d5: Waiting
56b81cfa547d: Download complete
1bc5dc8b475d: Verifying Checksum
1bc5dc8b475d: Download complete
dad67da3f26b: Verifying Checksum
dad67da3f26b: Download complete
979e6233a40a: Verifying Checksum
979e6233a40a: Download complete
3b00567da964: Verifying Checksum
3b00567da964: Download complete
d2a7ba8dbfee: Verifying Checksum
d2a7ba8dbfee: Download complete
32e44235e1d5: Verifying Checksum
32e44235e1d5: Download complete
dad67da3f26b: Pull complete
3b00567da964: Pull complete
56b81cfa547d: Pull complete
1bc5dc8b475d: Pull complete
979e6233a40a: Pull complete
d2a7ba8dbfee: Pull complete
32e44235e1d5: Pull complete
Digest: sha256:6784fb0834aa7dbbe12e3d7471e69c290df3e6ba810dc38b34ae33d3c1c05f7d
Status: Downloaded newer image for nginx:latest
docker.io/library/nginx:latest
Starting container my-nginx
7af14f1cb53660bc2d1bb69248124aa81ea22dd80aa3fd234f60e7ff2bdba0ab
2025-06-16 08:34:53 - Setup complete
2025-06-16 09:29:13 - Starting setup
Docker already installed
Creating disk file docker_data/disk.img
Pulling Docker image nginx:latest
latest: Pulling from library/nginx
dad67da3f26b: Pulling fs layer
3b00567da964: Pulling fs layer
56b81cfa547d: Pulling fs layer
1bc5dc8b475d: Pulling fs layer
979e6233a40a: Pulling fs layer
d2a7ba8dbfee: Pulling fs layer
32e44235e1d5: Pulling fs layer
1bc5dc8b475d: Waiting
979e6233a40a: Waiting
d2a7ba8dbfee: Waiting
32e44235e1d5: Waiting
56b81cfa547d: Verifying Checksum
56b81cfa547d: Download complete
1bc5dc8b475d: Verifying Checksum
1bc5dc8b475d: Download complete
dad67da3f26b: Download complete
979e6233a40a: Download complete
d2a7ba8dbfee: Verifying Checksum
d2a7ba8dbfee: Download complete
3b00567da964: Verifying Checksum
3b00567da964: Download complete
32e44235e1d5: Verifying Checksum
32e44235e1d5: Download complete
dad67da3f26b: Pull complete
3b00567da964: Pull complete
56b81cfa547d: Pull complete
1bc5dc8b475d: Pull complete
979e6233a40a: Pull complete
d2a7ba8dbfee: Pull complete
32e44235e1d5: Pull complete
Digest: sha256:6784fb0834aa7dbbe12e3d7471e69c290df3e6ba810dc38b34ae33d3c1c05f7d
Status: Downloaded newer image for nginx:latest
docker.io/library/nginx:latest
Starting container my-nginx
264f00656dfde236bd41b98ca0d634d9a11d05e5d60583c95e56e8fde3f74503
2025-06-16 09:29:18 - Setup complete
2025-06-16 10:28:48 - Starting setup
Docker already installed
Creating disk file docker_data/disk.img
Pulling Docker image nginx:latest
latest: Pulling from library/nginx
dad67da3f26b: Pulling fs layer
3b00567da964: Pulling fs layer
56b81cfa547d: Pulling fs layer
1bc5dc8b475d: Pulling fs layer
979e6233a40a: Pulling fs layer
d2a7ba8dbfee: Pulling fs layer
32e44235e1d5: Pulling fs layer
979e6233a40a: Waiting
d2a7ba8dbfee: Waiting
32e44235e1d5: Waiting
1bc5dc8b475d: Waiting
56b81cfa547d: Verifying Checksum
56b81cfa547d: Download complete
1bc5dc8b475d: Verifying Checksum
1bc5dc8b475d: Download complete
979e6233a40a: Verifying Checksum
979e6233a40a: Download complete
dad67da3f26b: Verifying Checksum
dad67da3f26b: Download complete
d2a7ba8dbfee: Verifying Checksum
d2a7ba8dbfee: Download complete
3b00567da964: Verifying Checksum
3b00567da964: Download complete
32e44235e1d5: Verifying Checksum
32e44235e1d5: Download complete
dad67da3f26b: Pull complete
3b00567da964: Pull complete
56b81cfa547d: Pull complete
1bc5dc8b475d: Pull complete
979e6233a40a: Pull complete
d2a7ba8dbfee: Pull complete
32e44235e1d5: Pull complete
Digest: sha256:6784fb0834aa7dbbe12e3d7471e69c290df3e6ba810dc38b34ae33d3c1c05f7d
Status: Downloaded newer image for nginx:latest
docker.io/library/nginx:latest
Starting container my-nginx
6119cf9d7fb27bcebe7d4907e8adf25f0e86c234fba9405ef39dbf0301637f13
2025-06-16 10:28:51 - Setup complete
2025-06-16 11:21:51 - Starting setup
Docker already installed
Creating disk file docker_data/disk.img
Pulling Docker image nginx:latest
latest: Pulling from library/nginx
dad67da3f26b: Pulling fs layer
3b00567da964: Pulling fs layer
56b81cfa547d: Pulling fs layer
1bc5dc8b475d: Pulling fs layer
979e6233a40a: Pulling fs layer
d2a7ba8dbfee: Pulling fs layer
32e44235e1d5: Pulling fs layer
979e6233a40a: Waiting
d2a7ba8dbfee: Waiting
32e44235e1d5: Waiting
1bc5dc8b475d: Waiting
56b81cfa547d: Download complete
1bc5dc8b475d: Verifying Checksum
1bc5dc8b475d: Download complete
dad67da3f26b: Verifying Checksum
dad67da3f26b: Download complete
979e6233a40a: Verifying Checksum
979e6233a40a: Download complete
3b00567da964: Verifying Checksum
3b00567da964: Download complete
d2a7ba8dbfee: Verifying Checksum
d2a7ba8dbfee: Download complete
32e44235e1d5: Verifying Checksum
32e44235e1d5: Download complete
dad67da3f26b: Pull complete
3b00567da964: Pull complete
56b81cfa547d: Pull complete
1bc5dc8b475d: Pull complete
979e6233a40a: Pull complete
d2a7ba8dbfee: Pull complete
32e44235e1d5: Pull complete
Digest: sha256:6784fb0834aa7dbbe12e3d7471e69c290df3e6ba810dc38b34ae33d3c1c05f7d
Status: Downloaded newer image for nginx:latest
docker.io/library/nginx:latest
Starting container my-nginx
e2b14e5e3b42617795eac448c62bef800e9f92ea8b8844794430aeb7441fedd6
2025-06-16 11:21:54 - Setup complete
2025-06-16 12:53:57 - Starting setup
Docker already installed
Creating disk file docker_data/disk.img
Pulling Docker image nginx:latest
latest: Pulling from library/nginx
dad67da3f26b: Pulling fs layer
3b00567da964: Pulling fs layer
56b81cfa547d: Pulling fs layer
1bc5dc8b475d: Pulling fs layer
979e6233a40a: Pulling fs layer
d2a7ba8dbfee: Pulling fs layer
32e44235e1d5: Pulling fs layer
979e6233a40a: Waiting
d2a7ba8dbfee: Waiting
32e44235e1d5: Waiting
1bc5dc8b475d: Waiting
56b81cfa547d: Download complete
1bc5dc8b475d: Verifying Checksum
1bc5dc8b475d: Download complete
979e6233a40a: Verifying Checksum
979e6233a40a: Download complete
d2a7ba8dbfee: Verifying Checksum
d2a7ba8dbfee: Download complete
32e44235e1d5: Verifying Checksum
32e44235e1d5: Download complete
dad67da3f26b: Download complete
3b00567da964: Verifying Checksum
3b00567da964: Download complete
dad67da3f26b: Pull complete
3b00567da964: Pull complete
56b81cfa547d: Pull complete
1bc5dc8b475d: Pull complete
979e6233a40a: Pull complete
d2a7ba8dbfee: Pull complete
32e44235e1d5: Pull complete
Digest: sha256:6784fb0834aa7dbbe12e3d7471e69c290df3e6ba810dc38b34ae33d3c1c05f7d
Status: Downloaded newer image for nginx:latest
docker.io/library/nginx:latest
Starting container my-nginx
f8f8565fb9f2ece14d5ac9735b928ee8e9cc74beb1c2ef142e95913acd411050
2025-06-16 12:54:00 - Setup complete
2025-06-16 13:37:54 - Starting setup
Docker already installed
Creating disk file docker_data/disk.img
Pulling Docker image nginx:latest
latest: Pulling from library/nginx
dad67da3f26b: Pulling fs layer
3b00567da964: Pulling fs layer
56b81cfa547d: Pulling fs layer
1bc5dc8b475d: Pulling fs layer
979e6233a40a: Pulling fs layer
d2a7ba8dbfee: Pulling fs layer
32e44235e1d5: Pulling fs layer
979e6233a40a: Waiting
1bc5dc8b475d: Waiting
d2a7ba8dbfee: Waiting
32e44235e1d5: Waiting
56b81cfa547d: Download complete
1bc5dc8b475d: Verifying Checksum
1bc5dc8b475d: Download complete
3b00567da964: Verifying Checksum
3b00567da964: Download complete
dad67da3f26b: Verifying Checksum
dad67da3f26b: Download complete
979e6233a40a: Verifying Checksum
979e6233a40a: Download complete
d2a7ba8dbfee: Verifying Checksum
d2a7ba8dbfee: Download complete
32e44235e1d5: Verifying Checksum
32e44235e1d5: Download complete
dad67da3f26b: Pull complete
3b00567da964: Pull complete
56b81cfa547d: Pull complete
1bc5dc8b475d: Pull complete
979e6233a40a: Pull complete
d2a7ba8dbfee: Pull complete
32e44235e1d5: Pull complete
Digest: sha256:6784fb0834aa7dbbe12e3d7471e69c290df3e6ba810dc38b34ae33d3c1c05f7d
Status: Downloaded newer image for nginx:latest
docker.io/library/nginx:latest
Starting container my-nginx
8a06b14e6e85d29ea50f609e8662f49f6b56f8cc1c5b6b25d685aa1fe8821022
2025-06-16 13:37:58 - Setup complete
2025-06-16 14:26:04 - Starting setup
Docker already installed
Creating disk file docker_data/disk.img
Pulling Docker image nginx:latest
latest: Pulling from library/nginx
dad67da3f26b: Pulling fs layer
3b00567da964: Pulling fs layer
56b81cfa547d: Pulling fs layer
1bc5dc8b475d: Pulling fs layer
979e6233a40a: Pulling fs layer
d2a7ba8dbfee: Pulling fs layer
32e44235e1d5: Pulling fs layer
1bc5dc8b475d: Waiting
d2a7ba8dbfee: Waiting
979e6233a40a: Waiting
56b81cfa547d: Verifying Checksum
56b81cfa547d: Download complete
dad67da3f26b: Verifying Checksum
dad67da3f26b: Download complete
1bc5dc8b475d: Verifying Checksum
3b00567da964: Verifying Checksum
1bc5dc8b475d: Download complete
3b00567da964: Download complete
979e6233a40a: Verifying Checksum
979e6233a40a: Download complete
d2a7ba8dbfee: Download complete
32e44235e1d5: Verifying Checksum
32e44235e1d5: Download complete
dad67da3f26b: Pull complete
3b00567da964: Pull complete
56b81cfa547d: Pull complete
1bc5dc8b475d: Pull complete
979e6233a40a: Pull complete
d2a7ba8dbfee: Pull complete
32e44235e1d5: Pull complete
Digest: sha256:6784fb0834aa7dbbe12e3d7471e69c290df3e6ba810dc38b34ae33d3c1c05f7d
Status: Downloaded newer image for nginx:latest
docker.io/library/nginx:latest
Starting container my-nginx
eef15fc52f9e32965cca578b4a6dc3830414c58871ac650423770e514273c7a3
2025-06-16 14:26:11 - Setup complete
2025-06-16 15:27:46 - Starting setup
Docker already installed
Creating disk file docker_data/disk.img
Pulling Docker image nginx:latest
latest: Pulling from library/nginx
dad67da3f26b: Pulling fs layer
3b00567da964: Pulling fs layer
56b81cfa547d: Pulling fs layer
1bc5dc8b475d: Pulling fs layer
979e6233a40a: Pulling fs layer
d2a7ba8dbfee: Pulling fs layer
32e44235e1d5: Pulling fs layer
979e6233a40a: Waiting
d2a7ba8dbfee: Waiting
32e44235e1d5: Waiting
1bc5dc8b475d: Waiting
56b81cfa547d: Verifying Checksum
56b81cfa547d: Download complete
1bc5dc8b475d: Verifying Checksum
1bc5dc8b475d: Download complete
979e6233a40a: Verifying Checksum
979e6233a40a: Download complete
d2a7ba8dbfee: Verifying Checksum
d2a7ba8dbfee: Download complete
dad67da3f26b: Verifying Checksum
dad67da3f26b: Download complete
32e44235e1d5: Verifying Checksum
32e44235e1d5: Download complete
3b00567da964: Verifying Checksum
3b00567da964: Download complete
dad67da3f26b: Pull complete
3b00567da964: Pull complete
56b81cfa547d: Pull complete
1bc5dc8b475d: Pull complete
979e6233a40a: Pull complete
d2a7ba8dbfee: Pull complete
32e44235e1d5: Pull complete
Digest: sha256:6784fb0834aa7dbbe12e3d7471e69c290df3e6ba810dc38b34ae33d3c1c05f7d
Status: Downloaded newer image for nginx:latest
docker.io/library/nginx:latest
Starting container my-nginx
a7e0fae0f20d64b9203ecb20c3ed8e449277027205e1a2ecbeb6aa5de39a999b
2025-06-16 15:27:49 - Setup complete
2025-06-16 16:32:19 - Starting setup
Docker already installed
Creating disk file docker_data/disk.img
Pulling Docker image nginx:latest
latest: Pulling from library/nginx
dad67da3f26b: Pulling fs layer
3b00567da964: Pulling fs layer
56b81cfa547d: Pulling fs layer
1bc5dc8b475d: Pulling fs layer
979e6233a40a: Pulling fs layer
d2a7ba8dbfee: Pulling fs layer
32e44235e1d5: Pulling fs layer
1bc5dc8b475d: Waiting
979e6233a40a: Waiting
d2a7ba8dbfee: Waiting
32e44235e1d5: Waiting
56b81cfa547d: Verifying Checksum
56b81cfa547d: Download complete
1bc5dc8b475d: Verifying Checksum
1bc5dc8b475d: Download complete
979e6233a40a: Verifying Checksum
979e6233a40a: Download complete
dad67da3f26b: Download complete
d2a7ba8dbfee: Verifying Checksum
d2a7ba8dbfee: Download complete
3b00567da964: Verifying Checksum
3b00567da964: Download complete
32e44235e1d5: Verifying Checksum
32e44235e1d5: Download complete
dad67da3f26b: Pull complete
3b00567da964: Pull complete
56b81cfa547d: Pull complete
1bc5dc8b475d: Pull complete
979e6233a40a: Pull complete
d2a7ba8dbfee: Pull complete
32e44235e1d5: Pull complete
Digest: sha256:6784fb0834aa7dbbe12e3d7471e69c290df3e6ba810dc38b34ae33d3c1c05f7d
Status: Downloaded newer image for nginx:latest
docker.io/library/nginx:latest
Starting container my-nginx
a97875dac21e53532eceb1545644c106987dbd8359eb37ddc78033b709ccde11
2025-06-16 16:32:24 - Setup complete
2025-06-16 17:22:14 - Starting setup
Docker already installed
Creating disk file docker_data/disk.img
Pulling Docker image nginx:latest
latest: Pulling from library/nginx
dad67da3f26b: Pulling fs layer
3b00567da964: Pulling fs layer
56b81cfa547d: Pulling fs layer
1bc5dc8b475d: Pulling fs layer
979e6233a40a: Pulling fs layer
d2a7ba8dbfee: Pulling fs layer
32e44235e1d5: Pulling fs layer
1bc5dc8b475d: Waiting
979e6233a40a: Waiting
d2a7ba8dbfee: Waiting
32e44235e1d5: Waiting
56b81cfa547d: Verifying Checksum
56b81cfa547d: Download complete
dad67da3f26b: Verifying Checksum
dad67da3f26b: Download complete
1bc5dc8b475d: Verifying Checksum
1bc5dc8b475d: Download complete
3b00567da964: Verifying Checksum
3b00567da964: Download complete
979e6233a40a: Verifying Checksum
979e6233a40a: Download complete
d2a7ba8dbfee: Verifying Checksum
d2a7ba8dbfee: Download complete
32e44235e1d5: Verifying Checksum
32e44235e1d5: Download complete
dad67da3f26b: Pull complete
3b00567da964: Pull complete
56b81cfa547d: Pull complete
1bc5dc8b475d: Pull complete
979e6233a40a: Pull complete
d2a7ba8dbfee: Pull complete
32e44235e1d5: Pull complete
Digest: sha256:6784fb0834aa7dbbe12e3d7471e69c290df3e6ba810dc38b34ae33d3c1c05f7d
Status: Downloaded newer image for nginx:latest
docker.io/library/nginx:latest
Starting container my-nginx
7927e4c4a56bbdf3ef368bb035bdb5c95cd251adfe031b653e10ac2b6bde8792
2025-06-16 17:22:26 - Setup complete
2025-06-16 18:35:26 - Starting setup
Docker already installed
Creating disk file docker_data/disk.img
Pulling Docker image nginx:latest
latest: Pulling from library/nginx
dad67da3f26b: Pulling fs layer
3b00567da964: Pulling fs layer
56b81cfa547d: Pulling fs layer
1bc5dc8b475d: Pulling fs layer
979e6233a40a: Pulling fs layer
d2a7ba8dbfee: Pulling fs layer
32e44235e1d5: Pulling fs layer
1bc5dc8b475d: Waiting
979e6233a40a: Waiting
d2a7ba8dbfee: Waiting
32e44235e1d5: Waiting
56b81cfa547d: Verifying Checksum
56b81cfa547d: Download complete
1bc5dc8b475d: Verifying Checksum
1bc5dc8b475d: Download complete
979e6233a40a: Verifying Checksum
979e6233a40a: Download complete
d2a7ba8dbfee: Verifying Checksum
d2a7ba8dbfee: Download complete
32e44235e1d5: Verifying Checksum
32e44235e1d5: Download complete
dad67da3f26b: Verifying Checksum
dad67da3f26b: Download complete
3b00567da964: Verifying Checksum
3b00567da964: Download complete
dad67da3f26b: Pull complete
3b00567da964: Pull complete
56b81cfa547d: Pull complete
1bc5dc8b475d: Pull complete
979e6233a40a: Pull complete
d2a7ba8dbfee: Pull complete
32e44235e1d5: Pull complete
Digest: sha256:6784fb0834aa7dbbe12e3d7471e69c290df3e6ba810dc38b34ae33d3c1c05f7d
Status: Downloaded newer image for nginx:latest
docker.io/library/nginx:latest
Starting container my-nginx
6e446044df8ad17980a4ca8f1ad498945710f9c4cbfbffbb6ef0462fa2d478be
2025-06-16 18:35:30 - Setup complete
2025-06-16 19:19:06 - Starting setup
Docker already installed
Creating disk file docker_data/disk.img
Pulling Docker image nginx:latest
latest: Pulling from library/nginx
dad67da3f26b: Pulling fs layer
3b00567da964: Pulling fs layer
56b81cfa547d: Pulling fs layer
1bc5dc8b475d: Pulling fs layer
979e6233a40a: Pulling fs layer
d2a7ba8dbfee: Pulling fs layer
32e44235e1d5: Pulling fs layer
1bc5dc8b475d: Waiting
979e6233a40a: Waiting
d2a7ba8dbfee: Waiting
32e44235e1d5: Waiting
56b81cfa547d: Verifying Checksum
56b81cfa547d: Download complete
1bc5dc8b475d: Verifying Checksum
1bc5dc8b475d: Download complete
979e6233a40a: Verifying Checksum
979e6233a40a: Download complete
d2a7ba8dbfee: Verifying Checksum
d2a7ba8dbfee: Download complete
dad67da3f26b: Verifying Checksum
dad67da3f26b: Download complete
32e44235e1d5: Download complete
3b00567da964: Verifying Checksum
3b00567da964: Download complete
dad67da3f26b: Pull complete
3b00567da964: Pull complete
56b81cfa547d: Pull complete
1bc5dc8b475d: Pull complete
979e6233a40a: Pull complete
d2a7ba8dbfee: Pull complete
32e44235e1d5: Pull complete
Digest: sha256:6784fb0834aa7dbbe12e3d7471e69c290df3e6ba810dc38b34ae33d3c1c05f7d
Status: Downloaded newer image for nginx:latest
docker.io/library/nginx:latest
Starting container my-nginx
fa90e85478abbc957d892ccbba11d9e25773cc99112ac60d4f0181dca47e9ee4
2025-06-16 19:19:09 - Setup complete
2025-06-16 20:27:48 - Starting setup
Docker already installed
Creating disk file docker_data/disk.img
Pulling Docker image nginx:latest
latest: Pulling from library/nginx
dad67da3f26b: Pulling fs layer
3b00567da964: Pulling fs layer
56b81cfa547d: Pulling fs layer
1bc5dc8b475d: Pulling fs layer
979e6233a40a: Pulling fs layer
d2a7ba8dbfee: Pulling fs layer
32e44235e1d5: Pulling fs layer
979e6233a40a: Waiting
d2a7ba8dbfee: Waiting
32e44235e1d5: Waiting
1bc5dc8b475d: Waiting
56b81cfa547d: Verifying Checksum
56b81cfa547d: Download complete
1bc5dc8b475d: Verifying Checksum
1bc5dc8b475d: Download complete
979e6233a40a: Verifying Checksum
979e6233a40a: Download complete
d2a7ba8dbfee: Verifying Checksum
d2a7ba8dbfee: Download complete
dad67da3f26b: Verifying Checksum
dad67da3f26b: Download complete
32e44235e1d5: Verifying Checksum
32e44235e1d5: Download complete
3b00567da964: Verifying Checksum
3b00567da964: Download complete
dad67da3f26b: Pull complete
3b00567da964: Pull complete
56b81cfa547d: Pull complete
1bc5dc8b475d: Pull complete
979e6233a40a: Pull complete
d2a7ba8dbfee: Pull complete
32e44235e1d5: Pull complete
Digest: sha256:6784fb0834aa7dbbe12e3d7471e69c290df3e6ba810dc38b34ae33d3c1c05f7d
Status: Downloaded newer image for nginx:latest
docker.io/library/nginx:latest
Starting container my-nginx
000218dd0e3ef56b4a887a8cab98a59f925d5c037222ed8fdf8f974608135802
2025-06-16 20:27:51 - Setup complete
2025-06-16 21:23:50 - Starting setup
Docker already installed
Creating disk file docker_data/disk.img
Pulling Docker image nginx:latest
latest: Pulling from library/nginx
dad67da3f26b: Pulling fs layer
3b00567da964: Pulling fs layer
56b81cfa547d: Pulling fs layer
1bc5dc8b475d: Pulling fs layer
979e6233a40a: Pulling fs layer
d2a7ba8dbfee: Pulling fs layer
32e44235e1d5: Pulling fs layer
1bc5dc8b475d: Waiting
979e6233a40a: Waiting
d2a7ba8dbfee: Waiting
32e44235e1d5: Waiting
56b81cfa547d: Verifying Checksum
56b81cfa547d: Download complete
dad67da3f26b: Verifying Checksum
dad67da3f26b: Download complete
3b00567da964: Verifying Checksum
3b00567da964: Download complete
1bc5dc8b475d: Verifying Checksum
1bc5dc8b475d: Download complete
979e6233a40a: Verifying Checksum
979e6233a40a: Download complete
d2a7ba8dbfee: Verifying Checksum
d2a7ba8dbfee: Download complete
32e44235e1d5: Verifying Checksum
32e44235e1d5: Download complete
dad67da3f26b: Pull complete
3b00567da964: Pull complete
56b81cfa547d: Pull complete
1bc5dc8b475d: Pull complete
979e6233a40a: Pull complete
d2a7ba8dbfee: Pull complete
32e44235e1d5: Pull complete
Digest: sha256:6784fb0834aa7dbbe12e3d7471e69c290df3e6ba810dc38b34ae33d3c1c05f7d
Status: Downloaded newer image for nginx:latest
docker.io/library/nginx:latest
Starting container my-nginx
567a8ff978796f98ba3e77f49069f546e445b6d7ddc3f11f7eb0c937ffebfa3a
2025-06-16 21:23:54 - Setup complete
2025-06-16 22:24:22 - Starting setup
Docker already installed
Creating disk file docker_data/disk.img
Pulling Docker image nginx:latest
latest: Pulling from library/nginx
dad67da3f26b: Pulling fs layer
3b00567da964: Pulling fs layer
56b81cfa547d: Pulling fs layer
1bc5dc8b475d: Pulling fs layer
979e6233a40a: Pulling fs layer
d2a7ba8dbfee: Pulling fs layer
32e44235e1d5: Pulling fs layer
979e6233a40a: Waiting
d2a7ba8dbfee: Waiting
32e44235e1d5: Waiting
1bc5dc8b475d: Waiting
56b81cfa547d: Verifying Checksum
56b81cfa547d: Download complete
1bc5dc8b475d: Verifying Checksum
1bc5dc8b475d: Download complete
dad67da3f26b: Download complete
979e6233a40a: Verifying Checksum
979e6233a40a: Download complete
3b00567da964: Verifying Checksum
3b00567da964: Download complete
32e44235e1d5: Verifying Checksum
32e44235e1d5: Download complete
d2a7ba8dbfee: Verifying Checksum
d2a7ba8dbfee: Download complete
dad67da3f26b: Pull complete
3b00567da964: Pull complete
56b81cfa547d: Pull complete
1bc5dc8b475d: Pull complete
979e6233a40a: Pull complete
d2a7ba8dbfee: Pull complete
32e44235e1d5: Pull complete
Digest: sha256:6784fb0834aa7dbbe12e3d7471e69c290df3e6ba810dc38b34ae33d3c1c05f7d
Status: Downloaded newer image for nginx:latest
docker.io/library/nginx:latest
Starting container my-nginx
b371585b29f831b320b13b25c5d54ee6e8d70ecbe0a188d513acde3b6ce4060a
2025-06-16 22:24:26 - Setup complete
2025-06-16 23:23:24 - Starting setup
Docker already installed
Creating disk file docker_data/disk.img
Pulling Docker image nginx:latest
latest: Pulling from library/nginx
dad67da3f26b: Pulling fs layer
3b00567da964: Pulling fs layer
56b81cfa547d: Pulling fs layer
1bc5dc8b475d: Pulling fs layer
979e6233a40a: Pulling fs layer
d2a7ba8dbfee: Pulling fs layer
32e44235e1d5: Pulling fs layer
979e6233a40a: Waiting
d2a7ba8dbfee: Waiting
1bc5dc8b475d: Waiting
56b81cfa547d: Verifying Checksum
56b81cfa547d: Download complete
1bc5dc8b475d: Verifying Checksum
1bc5dc8b475d: Download complete
979e6233a40a: Verifying Checksum
979e6233a40a: Download complete
dad67da3f26b: Verifying Checksum
dad67da3f26b: Download complete
d2a7ba8dbfee: Verifying Checksum
d2a7ba8dbfee: Download complete
32e44235e1d5: Verifying Checksum
32e44235e1d5: Download complete
3b00567da964: Verifying Checksum
3b00567da964: Download complete
dad67da3f26b: Pull complete
3b00567da964: Pull complete
56b81cfa547d: Pull complete
1bc5dc8b475d: Pull complete
979e6233a40a: Pull complete
d2a7ba8dbfee: Pull complete
32e44235e1d5: Pull complete
Digest: sha256:6784fb0834aa7dbbe12e3d7471e69c290df3e6ba810dc38b34ae33d3c1c05f7d
Status: Downloaded newer image for nginx:latest
docker.io/library/nginx:latest
Starting container my-nginx
0582ffcad2ab1c27b53ac0ab9f5dfab40ab0bc35a1f46e33981bc8d718fd00db
2025-06-16 23:23:27 - Setup complete
2025-06-17 02:04:24 - Starting setup
Docker already installed
Creating disk file docker_data/disk.img
Pulling Docker image nginx:latest
latest: Pulling from library/nginx
dad67da3f26b: Pulling fs layer
3b00567da964: Pulling fs layer
56b81cfa547d: Pulling fs layer
1bc5dc8b475d: Pulling fs layer
979e6233a40a: Pulling fs layer
d2a7ba8dbfee: Pulling fs layer
32e44235e1d5: Pulling fs layer
979e6233a40a: Waiting
d2a7ba8dbfee: Waiting
32e44235e1d5: Waiting
1bc5dc8b475d: Waiting
56b81cfa547d: Download complete
1bc5dc8b475d: Download complete
3b00567da964: Verifying Checksum
3b00567da964: Download complete
dad67da3f26b: Verifying Checksum
dad67da3f26b: Download complete
979e6233a40a: Verifying Checksum
979e6233a40a: Download complete
d2a7ba8dbfee: Download complete
32e44235e1d5: Verifying Checksum
32e44235e1d5: Download complete
dad67da3f26b: Pull complete
3b00567da964: Pull complete
56b81cfa547d: Pull complete
1bc5dc8b475d: Pull complete
979e6233a40a: Pull complete
d2a7ba8dbfee: Pull complete
32e44235e1d5: Pull complete
Digest: sha256:6784fb0834aa7dbbe12e3d7471e69c290df3e6ba810dc38b34ae33d3c1c05f7d
Status: Downloaded newer image for nginx:latest
docker.io/library/nginx:latest
Starting container my-nginx
786f5d1206e112517ba168d7c8222f4f234d6d0f414d7368c35c12f8a2c40779
2025-06-17 02:04:31 - Setup complete
2025-06-17 03:50:28 - Starting setup
Docker already installed
Creating disk file docker_data/disk.img
Pulling Docker image nginx:latest
latest: Pulling from library/nginx
dad67da3f26b: Pulling fs layer
3b00567da964: Pulling fs layer
56b81cfa547d: Pulling fs layer
1bc5dc8b475d: Pulling fs layer
979e6233a40a: Pulling fs layer
d2a7ba8dbfee: Pulling fs layer
32e44235e1d5: Pulling fs layer
1bc5dc8b475d: Waiting
d2a7ba8dbfee: Waiting
32e44235e1d5: Waiting
979e6233a40a: Waiting
56b81cfa547d: Verifying Checksum
56b81cfa547d: Download complete
1bc5dc8b475d: Verifying Checksum
1bc5dc8b475d: Download complete
3b00567da964: Verifying Checksum
3b00567da964: Download complete
dad67da3f26b: Verifying Checksum
dad67da3f26b: Download complete
979e6233a40a: Verifying Checksum
979e6233a40a: Download complete
d2a7ba8dbfee: Verifying Checksum
d2a7ba8dbfee: Download complete
32e44235e1d5: Verifying Checksum
32e44235e1d5: Download complete
dad67da3f26b: Pull complete
3b00567da964: Pull complete
56b81cfa547d: Pull complete
1bc5dc8b475d: Pull complete
979e6233a40a: Pull complete
d2a7ba8dbfee: Pull complete
32e44235e1d5: Pull complete
Digest: sha256:6784fb0834aa7dbbe12e3d7471e69c290df3e6ba810dc38b34ae33d3c1c05f7d
Status: Downloaded newer image for nginx:latest
docker.io/library/nginx:latest
Starting container my-nginx
96caf7735925e5499139c54c07cde513df70d19004d5e2ada668a8e571a0c297
2025-06-17 03:50:32 - Setup complete
2025-06-17 04:33:22 - Starting setup
Docker already installed
Creating disk file docker_data/disk.img
Pulling Docker image nginx:latest
latest: Pulling from library/nginx
dad67da3f26b: Pulling fs layer
3b00567da964: Pulling fs layer
56b81cfa547d: Pulling fs layer
1bc5dc8b475d: Pulling fs layer
979e6233a40a: Pulling fs layer
d2a7ba8dbfee: Pulling fs layer
32e44235e1d5: Pulling fs layer
979e6233a40a: Waiting
d2a7ba8dbfee: Waiting
32e44235e1d5: Waiting
1bc5dc8b475d: Waiting
56b81cfa547d: Download complete
1bc5dc8b475d: Download complete
dad67da3f26b: Verifying Checksum
dad67da3f26b: Download complete
3b00567da964: Verifying Checksum
3b00567da964: Download complete
979e6233a40a: Verifying Checksum
979e6233a40a: Download complete
d2a7ba8dbfee: Verifying Checksum
d2a7ba8dbfee: Download complete
32e44235e1d5: Verifying Checksum
32e44235e1d5: Download complete
dad67da3f26b: Pull complete
3b00567da964: Pull complete
56b81cfa547d: Pull complete
1bc5dc8b475d: Pull complete
979e6233a40a: Pull complete
d2a7ba8dbfee: Pull complete
32e44235e1d5: Pull complete
Digest: sha256:6784fb0834aa7dbbe12e3d7471e69c290df3e6ba810dc38b34ae33d3c1c05f7d
Status: Downloaded newer image for nginx:latest
docker.io/library/nginx:latest
Starting container my-nginx
8f736250426bddd45c02e68b1d8536bf6e38c9419faa7722b314a14a7ead8585
2025-06-17 04:33:26 - Setup complete
2025-06-17 05:25:22 - Starting setup
Docker already installed
Creating disk file docker_data/disk.img
Pulling Docker image nginx:latest
latest: Pulling from library/nginx
dad67da3f26b: Pulling fs layer
3b00567da964: Pulling fs layer
56b81cfa547d: Pulling fs layer
1bc5dc8b475d: Pulling fs layer
979e6233a40a: Pulling fs layer
d2a7ba8dbfee: Pulling fs layer
32e44235e1d5: Pulling fs layer
979e6233a40a: Waiting
d2a7ba8dbfee: Waiting
32e44235e1d5: Waiting
1bc5dc8b475d: Waiting
56b81cfa547d: Verifying Checksum
56b81cfa547d: Download complete
1bc5dc8b475d: Verifying Checksum
1bc5dc8b475d: Download complete
979e6233a40a: Verifying Checksum
979e6233a40a: Download complete
dad67da3f26b: Verifying Checksum
dad67da3f26b: Download complete
d2a7ba8dbfee: Verifying Checksum
d2a7ba8dbfee: Download complete
32e44235e1d5: Verifying Checksum
32e44235e1d5: Download complete
3b00567da964: Verifying Checksum
3b00567da964: Download complete
dad67da3f26b: Pull complete
3b00567da964: Pull complete
56b81cfa547d: Pull complete
1bc5dc8b475d: Pull complete
979e6233a40a: Pull complete
d2a7ba8dbfee: Pull complete
32e44235e1d5: Pull complete
Digest: sha256:6784fb0834aa7dbbe12e3d7471e69c290df3e6ba810dc38b34ae33d3c1c05f7d
Status: Downloaded newer image for nginx:latest
docker.io/library/nginx:latest
Starting container my-nginx
6cc31781197454355522f560c3fbb97e0579d46114add890f23652643439357e
2025-06-17 05:25:25 - Setup complete
2025-06-17 06:36:35 - Starting setup
Docker already installed
Creating disk file docker_data/disk.img
Pulling Docker image nginx:latest
latest: Pulling from library/nginx
dad67da3f26b: Pulling fs layer
3b00567da964: Pulling fs layer
56b81cfa547d: Pulling fs layer
1bc5dc8b475d: Pulling fs layer
979e6233a40a: Pulling fs layer
d2a7ba8dbfee: Pulling fs layer
32e44235e1d5: Pulling fs layer
979e6233a40a: Waiting
32e44235e1d5: Waiting
d2a7ba8dbfee: Waiting
56b81cfa547d: Verifying Checksum
56b81cfa547d: Download complete
dad67da3f26b: Verifying Checksum
dad67da3f26b: Download complete
1bc5dc8b475d: Download complete
3b00567da964: Verifying Checksum
3b00567da964: Download complete
979e6233a40a: Download complete
d2a7ba8dbfee: Verifying Checksum
d2a7ba8dbfee: Download complete
32e44235e1d5: Verifying Checksum
dad67da3f26b: Pull complete
3b00567da964: Pull complete
56b81cfa547d: Pull complete
1bc5dc8b475d: Pull complete
979e6233a40a: Pull complete
d2a7ba8dbfee: Pull complete
32e44235e1d5: Pull complete
Digest: sha256:6784fb0834aa7dbbe12e3d7471e69c290df3e6ba810dc38b34ae33d3c1c05f7d
Status: Downloaded newer image for nginx:latest
docker.io/library/nginx:latest
Starting container my-nginx
b0fa7a486b9a9ce23aabc02d0d5f9fbd90e1efd1fa19df087ead27f86b2b1e57
2025-06-17 06:36:41 - Setup complete
2025-06-17 07:24:56 - Starting setup
Docker already installed
Creating disk file docker_data/disk.img
Pulling Docker image nginx:latest
latest: Pulling from library/nginx
dad67da3f26b: Pulling fs layer
3b00567da964: Pulling fs layer
56b81cfa547d: Pulling fs layer
1bc5dc8b475d: Pulling fs layer
979e6233a40a: Pulling fs layer
d2a7ba8dbfee: Pulling fs layer
32e44235e1d5: Pulling fs layer
979e6233a40a: Waiting
32e44235e1d5: Waiting
d2a7ba8dbfee: Waiting
56b81cfa547d: Verifying Checksum
56b81cfa547d: Download complete
3b00567da964: Verifying Checksum
3b00567da964: Download complete
1bc5dc8b475d: Download complete
dad67da3f26b: Verifying Checksum
dad67da3f26b: Download complete
979e6233a40a: Verifying Checksum
979e6233a40a: Download complete
d2a7ba8dbfee: Verifying Checksum
d2a7ba8dbfee: Download complete
32e44235e1d5: Verifying Checksum
32e44235e1d5: Download complete
dad67da3f26b: Pull complete
3b00567da964: Pull complete
56b81cfa547d: Pull complete
1bc5dc8b475d: Pull complete
979e6233a40a: Pull complete
d2a7ba8dbfee: Pull complete
32e44235e1d5: Pull complete
Digest: sha256:6784fb0834aa7dbbe12e3d7471e69c290df3e6ba810dc38b34ae33d3c1c05f7d
Status: Downloaded newer image for nginx:latest
docker.io/library/nginx:latest
Starting container my-nginx
62818f288620982c04174ff8f3198a36fe1e50612292bf6b2f76768b606ad29e
2025-06-17 07:25:01 - Setup complete
2025-06-17 08:33:56 - Starting setup
Docker already installed
Creating disk file docker_data/disk.img
Pulling Docker image nginx:latest
latest: Pulling from library/nginx
dad67da3f26b: Pulling fs layer
3b00567da964: Pulling fs layer
56b81cfa547d: Pulling fs layer
1bc5dc8b475d: Pulling fs layer
979e6233a40a: Pulling fs layer
d2a7ba8dbfee: Pulling fs layer
32e44235e1d5: Pulling fs layer
979e6233a40a: Waiting
d2a7ba8dbfee: Waiting
32e44235e1d5: Waiting
1bc5dc8b475d: Waiting
56b81cfa547d: Verifying Checksum
56b81cfa547d: Download complete
dad67da3f26b: Verifying Checksum
3b00567da964: Verifying Checksum
3b00567da964: Download complete
1bc5dc8b475d: Download complete
979e6233a40a: Download complete
d2a7ba8dbfee: Verifying Checksum
d2a7ba8dbfee: Download complete
32e44235e1d5: Download complete
dad67da3f26b: Pull complete
3b00567da964: Pull complete
56b81cfa547d: Pull complete
1bc5dc8b475d: Pull complete
979e6233a40a: Pull complete
d2a7ba8dbfee: Pull complete
32e44235e1d5: Pull complete
Digest: sha256:6784fb0834aa7dbbe12e3d7471e69c290df3e6ba810dc38b34ae33d3c1c05f7d
Status: Downloaded newer image for nginx:latest
docker.io/library/nginx:latest
Starting container my-nginx
12edf108835b5dc524b49859e4b07d76819e06ebe2a797d1b89ea40c09b7cd78
2025-06-17 08:34:03 - Setup complete
2025-06-17 09:27:55 - Starting setup
Docker already installed
Creating disk file docker_data/disk.img
Pulling Docker image nginx:latest
latest: Pulling from library/nginx
dad67da3f26b: Pulling fs layer
3b00567da964: Pulling fs layer
56b81cfa547d: Pulling fs layer
1bc5dc8b475d: Pulling fs layer
979e6233a40a: Pulling fs layer
d2a7ba8dbfee: Pulling fs layer
32e44235e1d5: Pulling fs layer
979e6233a40a: Waiting
1bc5dc8b475d: Waiting
32e44235e1d5: Waiting
56b81cfa547d: Verifying Checksum
56b81cfa547d: Download complete
1bc5dc8b475d: Verifying Checksum
1bc5dc8b475d: Download complete
dad67da3f26b: Verifying Checksum
dad67da3f26b: Download complete
979e6233a40a: Verifying Checksum
979e6233a40a: Download complete
d2a7ba8dbfee: Verifying Checksum
d2a7ba8dbfee: Download complete
32e44235e1d5: Verifying Checksum
32e44235e1d5: Download complete
3b00567da964: Verifying Checksum
3b00567da964: Download complete
dad67da3f26b: Pull complete
3b00567da964: Pull complete
56b81cfa547d: Pull complete
1bc5dc8b475d: Pull complete
979e6233a40a: Pull complete
d2a7ba8dbfee: Pull complete
32e44235e1d5: Pull complete
Digest: sha256:6784fb0834aa7dbbe12e3d7471e69c290df3e6ba810dc38b34ae33d3c1c05f7d
Status: Downloaded newer image for nginx:latest
docker.io/library/nginx:latest
Starting container my-nginx
d7c650f69029cb4e049bf750e8b8c311aa0116de0dda42a8f28cf460f2865eb4
2025-06-17 09:27:59 - Setup complete
2025-06-17 10:28:08 - Starting setup
Docker already installed
Creating disk file docker_data/disk.img
Pulling Docker image nginx:latest
latest: Pulling from library/nginx
dad67da3f26b: Pulling fs layer
3b00567da964: Pulling fs layer
56b81cfa547d: Pulling fs layer
1bc5dc8b475d: Pulling fs layer
979e6233a40a: Pulling fs layer
d2a7ba8dbfee: Pulling fs layer
32e44235e1d5: Pulling fs layer
d2a7ba8dbfee: Waiting
1bc5dc8b475d: Waiting
979e6233a40a: Waiting
32e44235e1d5: Waiting
56b81cfa547d: Download complete
1bc5dc8b475d: Verifying Checksum
1bc5dc8b475d: Download complete
dad67da3f26b: Verifying Checksum
dad67da3f26b: Download complete
979e6233a40a: Verifying Checksum
979e6233a40a: Download complete
d2a7ba8dbfee: Verifying Checksum
d2a7ba8dbfee: Download complete
3b00567da964: Verifying Checksum
3b00567da964: Download complete
32e44235e1d5: Verifying Checksum
32e44235e1d5: Download complete
dad67da3f26b: Pull complete
3b00567da964: Pull complete
56b81cfa547d: Pull complete
1bc5dc8b475d: Pull complete
979e6233a40a: Pull complete
d2a7ba8dbfee: Pull complete
32e44235e1d5: Pull complete
Digest: sha256:6784fb0834aa7dbbe12e3d7471e69c290df3e6ba810dc38b34ae33d3c1c05f7d
Status: Downloaded newer image for nginx:latest
docker.io/library/nginx:latest
Starting container my-nginx
80e5347a14ec1b851224bf81c5fd19861034e129ea287fa40368a04c1bc127bb
2025-06-17 10:28:11 - Setup complete
2025-06-17 11:21:29 - Starting setup
Docker already installed
Creating disk file docker_data/disk.img
Pulling Docker image nginx:latest
latest: Pulling from library/nginx
dad67da3f26b: Pulling fs layer
3b00567da964: Pulling fs layer
56b81cfa547d: Pulling fs layer
1bc5dc8b475d: Pulling fs layer
979e6233a40a: Pulling fs layer
d2a7ba8dbfee: Pulling fs layer
32e44235e1d5: Pulling fs layer
1bc5dc8b475d: Waiting
979e6233a40a: Waiting
d2a7ba8dbfee: Waiting
32e44235e1d5: Waiting
56b81cfa547d: Verifying Checksum
56b81cfa547d: Download complete
1bc5dc8b475d: Verifying Checksum
1bc5dc8b475d: Download complete
979e6233a40a: Verifying Checksum
979e6233a40a: Download complete
dad67da3f26b: Download complete
3b00567da964: Verifying Checksum
3b00567da964: Download complete
d2a7ba8dbfee: Download complete
32e44235e1d5: Download complete
dad67da3f26b: Pull complete
3b00567da964: Pull complete
56b81cfa547d: Pull complete
1bc5dc8b475d: Pull complete
979e6233a40a: Pull complete
d2a7ba8dbfee: Pull complete
32e44235e1d5: Pull complete
Digest: sha256:6784fb0834aa7dbbe12e3d7471e69c290df3e6ba810dc38b34ae33d3c1c05f7d
Status: Downloaded newer image for nginx:latest
docker.io/library/nginx:latest
Starting container my-nginx
54ab15784cf384f8806231acbd0903c022f4c58f1165e067c42a2e2f62742e97
2025-06-17 11:21:32 - Setup complete
2025-06-17 12:53:24 - Starting setup
Docker already installed
Creating disk file docker_data/disk.img
Pulling Docker image nginx:latest
latest: Pulling from library/nginx
dad67da3f26b: Pulling fs layer
3b00567da964: Pulling fs layer
56b81cfa547d: Pulling fs layer
1bc5dc8b475d: Pulling fs layer
979e6233a40a: Pulling fs layer
d2a7ba8dbfee: Pulling fs layer
32e44235e1d5: Pulling fs layer
979e6233a40a: Waiting
d2a7ba8dbfee: Waiting
32e44235e1d5: Waiting
1bc5dc8b475d: Waiting
56b81cfa547d: Download complete
dad67da3f26b: Verifying Checksum
dad67da3f26b: Download complete
1bc5dc8b475d: Verifying Checksum
1bc5dc8b475d: Download complete
3b00567da964: Verifying Checksum
3b00567da964: Download complete
979e6233a40a: Verifying Checksum
979e6233a40a: Download complete
d2a7ba8dbfee: Verifying Checksum
d2a7ba8dbfee: Download complete
32e44235e1d5: Verifying Checksum
32e44235e1d5: Download complete
dad67da3f26b: Pull complete
3b00567da964: Pull complete
56b81cfa547d: Pull complete
1bc5dc8b475d: Pull complete
979e6233a40a: Pull complete
d2a7ba8dbfee: Pull complete
32e44235e1d5: Pull complete
Digest: sha256:6784fb0834aa7dbbe12e3d7471e69c290df3e6ba810dc38b34ae33d3c1c05f7d
Status: Downloaded newer image for nginx:latest
docker.io/library/nginx:latest
Starting container my-nginx
161c50cbc67d3f5a53bd71334d9852cbb6bf82bd4f8db7f560e29891138a7271
2025-06-17 12:53:29 - Setup complete
2025-06-17 14:26:27 - Starting setup
Docker already installed
Creating disk file docker_data/disk.img
Pulling Docker image nginx:latest
latest: Pulling from library/nginx
dad67da3f26b: Pulling fs layer
3b00567da964: Pulling fs layer
56b81cfa547d: Pulling fs layer
1bc5dc8b475d: Pulling fs layer
979e6233a40a: Pulling fs layer
d2a7ba8dbfee: Pulling fs layer
32e44235e1d5: Pulling fs layer
1bc5dc8b475d: Waiting
d2a7ba8dbfee: Waiting
979e6233a40a: Waiting
32e44235e1d5: Waiting
56b81cfa547d: Verifying Checksum
56b81cfa547d: Download complete
1bc5dc8b475d: Verifying Checksum
1bc5dc8b475d: Download complete
979e6233a40a: Verifying Checksum
979e6233a40a: Download complete
3b00567da964: Verifying Checksum
3b00567da964: Download complete
d2a7ba8dbfee: Verifying Checksum
d2a7ba8dbfee: Download complete
dad67da3f26b: Verifying Checksum
dad67da3f26b: Download complete
32e44235e1d5: Download complete
dad67da3f26b: Pull complete
3b00567da964: Pull complete
56b81cfa547d: Pull complete
1bc5dc8b475d: Pull complete
979e6233a40a: Pull complete
d2a7ba8dbfee: Pull complete
32e44235e1d5: Pull complete
Digest: sha256:6784fb0834aa7dbbe12e3d7471e69c290df3e6ba810dc38b34ae33d3c1c05f7d
Status: Downloaded newer image for nginx:latest
docker.io/library/nginx:latest
Starting container my-nginx
09e615bc4d974a87398728d9683e796b39880117afa4c48956bf04d2399da48b
2025-06-17 14:26:32 - Setup complete
2025-06-17 15:28:39 - Starting setup
Docker already installed
Creating disk file docker_data/disk.img
Pulling Docker image nginx:latest
latest: Pulling from library/nginx
dad67da3f26b: Pulling fs layer
3b00567da964: Pulling fs layer
56b81cfa547d: Pulling fs layer
1bc5dc8b475d: Pulling fs layer
979e6233a40a: Pulling fs layer
d2a7ba8dbfee: Pulling fs layer
32e44235e1d5: Pulling fs layer
979e6233a40a: Waiting
d2a7ba8dbfee: Waiting
32e44235e1d5: Waiting
1bc5dc8b475d: Waiting
56b81cfa547d: Verifying Checksum
56b81cfa547d: Download complete
1bc5dc8b475d: Verifying Checksum
1bc5dc8b475d: Download complete
979e6233a40a: Verifying Checksum
979e6233a40a: Download complete
d2a7ba8dbfee: Download complete
dad67da3f26b: Verifying Checksum
dad67da3f26b: Download complete
3b00567da964: Verifying Checksum
3b00567da964: Download complete
32e44235e1d5: Verifying Checksum
32e44235e1d5: Download complete
dad67da3f26b: Pull complete
3b00567da964: Pull complete
56b81cfa547d: Pull complete
1bc5dc8b475d: Pull complete
979e6233a40a: Pull complete
d2a7ba8dbfee: Pull complete
32e44235e1d5: Pull complete
Digest: sha256:6784fb0834aa7dbbe12e3d7471e69c290df3e6ba810dc38b34ae33d3c1c05f7d
Status: Downloaded newer image for nginx:latest
docker.io/library/nginx:latest
Starting container my-nginx
67162946c6e3a90e846f288799c4d6fb0ea4991e52909a9f0d1d2a94afc6bef1
2025-06-17 15:28:42 - Setup complete
2025-06-17 16:32:57 - Starting setup
Docker already installed
Creating disk file docker_data/disk.img
Pulling Docker image nginx:latest
latest: Pulling from library/nginx
dad67da3f26b: Pulling fs layer
3b00567da964: Pulling fs layer
56b81cfa547d: Pulling fs layer
1bc5dc8b475d: Pulling fs layer
979e6233a40a: Pulling fs layer
d2a7ba8dbfee: Pulling fs layer
32e44235e1d5: Pulling fs layer
979e6233a40a: Waiting
32e44235e1d5: Waiting
d2a7ba8dbfee: Waiting
1bc5dc8b475d: Waiting
56b81cfa547d: Verifying Checksum
56b81cfa547d: Download complete
1bc5dc8b475d: Verifying Checksum
1bc5dc8b475d: Download complete
dad67da3f26b: Download complete
3b00567da964: Verifying Checksum
3b00567da964: Download complete
d2a7ba8dbfee: Verifying Checksum
d2a7ba8dbfee: Download complete
979e6233a40a: Verifying Checksum
979e6233a40a: Download complete
32e44235e1d5: Download complete
dad67da3f26b: Pull complete
3b00567da964: Pull complete
56b81cfa547d: Pull complete
1bc5dc8b475d: Pull complete
979e6233a40a: Pull complete
d2a7ba8dbfee: Pull complete
32e44235e1d5: Pull complete
Digest: sha256:6784fb0834aa7dbbe12e3d7471e69c290df3e6ba810dc38b34ae33d3c1c05f7d
Status: Downloaded newer image for nginx:latest
docker.io/library/nginx:latest
Starting container my-nginx
0f3fdec704ed752d45c7e552435a432957caa6ab7accc44234983fbfc450708e
2025-06-17 16:33:02 - Setup complete
2025-06-17 17:22:53 - Starting setup
Docker already installed
Creating disk file docker_data/disk.img
Pulling Docker image nginx:latest
latest: Pulling from library/nginx
dad67da3f26b: Pulling fs layer
3b00567da964: Pulling fs layer
56b81cfa547d: Pulling fs layer
1bc5dc8b475d: Pulling fs layer
979e6233a40a: Pulling fs layer
d2a7ba8dbfee: Pulling fs layer
32e44235e1d5: Pulling fs layer
1bc5dc8b475d: Waiting
979e6233a40a: Waiting
d2a7ba8dbfee: Waiting
32e44235e1d5: Waiting
56b81cfa547d: Verifying Checksum
56b81cfa547d: Download complete
1bc5dc8b475d: Verifying Checksum
1bc5dc8b475d: Download complete
dad67da3f26b: Verifying Checksum
dad67da3f26b: Download complete
979e6233a40a: Verifying Checksum
979e6233a40a: Download complete
d2a7ba8dbfee: Verifying Checksum
d2a7ba8dbfee: Download complete
32e44235e1d5: Verifying Checksum
32e44235e1d5: Download complete
3b00567da964: Verifying Checksum
3b00567da964: Download complete
dad67da3f26b: Pull complete
3b00567da964: Pull complete
56b81cfa547d: Pull complete
1bc5dc8b475d: Pull complete
979e6233a40a: Pull complete
d2a7ba8dbfee: Pull complete
32e44235e1d5: Pull complete
Digest: sha256:6784fb0834aa7dbbe12e3d7471e69c290df3e6ba810dc38b34ae33d3c1c05f7d
Status: Downloaded newer image for nginx:latest
docker.io/library/nginx:latest
Starting container my-nginx
ca2cecb9d6b148150ddd0846dfd8f83356211f39cbfd32074c1df2b67db1d14c
2025-06-17 17:22:57 - Setup complete
2025-06-17 18:35:39 - Starting setup
Docker already installed
Creating disk file docker_data/disk.img
Pulling Docker image nginx:latest
latest: Pulling from library/nginx
dad67da3f26b: Pulling fs layer
3b00567da964: Pulling fs layer
56b81cfa547d: Pulling fs layer
1bc5dc8b475d: Pulling fs layer
979e6233a40a: Pulling fs layer
d2a7ba8dbfee: Pulling fs layer
32e44235e1d5: Pulling fs layer
1bc5dc8b475d: Waiting
979e6233a40a: Waiting
d2a7ba8dbfee: Waiting
32e44235e1d5: Waiting
56b81cfa547d: Verifying Checksum
56b81cfa547d: Download complete
1bc5dc8b475d: Verifying Checksum
1bc5dc8b475d: Download complete
dad67da3f26b: Verifying Checksum
dad67da3f26b: Download complete
3b00567da964: Verifying Checksum
3b00567da964: Download complete
979e6233a40a: Verifying Checksum
979e6233a40a: Download complete
32e44235e1d5: Verifying Checksum
32e44235e1d5: Download complete
d2a7ba8dbfee: Download complete
dad67da3f26b: Pull complete
3b00567da964: Pull complete
56b81cfa547d: Pull complete
1bc5dc8b475d: Pull complete
979e6233a40a: Pull complete
d2a7ba8dbfee: Pull complete
32e44235e1d5: Pull complete
Digest: sha256:6784fb0834aa7dbbe12e3d7471e69c290df3e6ba810dc38b34ae33d3c1c05f7d
Status: Downloaded newer image for nginx:latest
docker.io/library/nginx:latest
Starting container my-nginx
0d1d0be61efe98de1a9f0e124744c5f52c913b70b12ad871a365c166c675e7eb
2025-06-17 18:35:45 - Setup complete
2025-06-17 19:19:36 - Starting setup
Docker already installed
Creating disk file docker_data/disk.img
Pulling Docker image nginx:latest
latest: Pulling from library/nginx
dad67da3f26b: Pulling fs layer
3b00567da964: Pulling fs layer
56b81cfa547d: Pulling fs layer
1bc5dc8b475d: Pulling fs layer
979e6233a40a: Pulling fs layer
d2a7ba8dbfee: Pulling fs layer
32e44235e1d5: Pulling fs layer
979e6233a40a: Waiting
32e44235e1d5: Waiting
d2a7ba8dbfee: Waiting
1bc5dc8b475d: Waiting
56b81cfa547d: Download complete
1bc5dc8b475d: Download complete
979e6233a40a: Verifying Checksum
979e6233a40a: Download complete
d2a7ba8dbfee: Verifying Checksum
d2a7ba8dbfee: Download complete
32e44235e1d5: Verifying Checksum
32e44235e1d5: Download complete
dad67da3f26b: Verifying Checksum
dad67da3f26b: Download complete
3b00567da964: Download complete
dad67da3f26b: Pull complete
3b00567da964: Pull complete
56b81cfa547d: Pull complete
1bc5dc8b475d: Pull complete
979e6233a40a: Pull complete
d2a7ba8dbfee: Pull complete
32e44235e1d5: Pull complete
Digest: sha256:6784fb0834aa7dbbe12e3d7471e69c290df3e6ba810dc38b34ae33d3c1c05f7d
Status: Downloaded newer image for nginx:latest
docker.io/library/nginx:latest
Starting container my-nginx
21a6e8aeb083f2c6d2d19a7fecd306ff395f955b66e70eb51f14239d68f7d415
2025-06-17 19:19:41 - Setup complete
2025-06-17 20:27:09 - Starting setup
Docker already installed
Creating disk file docker_data/disk.img
Pulling Docker image nginx:latest
latest: Pulling from library/nginx
dad67da3f26b: Pulling fs layer
3b00567da964: Pulling fs layer
56b81cfa547d: Pulling fs layer
1bc5dc8b475d: Pulling fs layer
979e6233a40a: Pulling fs layer
d2a7ba8dbfee: Pulling fs layer
32e44235e1d5: Pulling fs layer
979e6233a40a: Waiting
32e44235e1d5: Waiting
d2a7ba8dbfee: Waiting
1bc5dc8b475d: Waiting
56b81cfa547d: Verifying Checksum
56b81cfa547d: Download complete
1bc5dc8b475d: Verifying Checksum
1bc5dc8b475d: Download complete
979e6233a40a: Verifying Checksum
979e6233a40a: Download complete
3b00567da964: Verifying Checksum
3b00567da964: Download complete
dad67da3f26b: Verifying Checksum
dad67da3f26b: Download complete
d2a7ba8dbfee: Download complete
32e44235e1d5: Verifying Checksum
32e44235e1d5: Download complete
dad67da3f26b: Pull complete
3b00567da964: Pull complete
56b81cfa547d: Pull complete
1bc5dc8b475d: Pull complete
979e6233a40a: Pull complete
d2a7ba8dbfee: Pull complete
32e44235e1d5: Pull complete
Digest: sha256:6784fb0834aa7dbbe12e3d7471e69c290df3e6ba810dc38b34ae33d3c1c05f7d
Status: Downloaded newer image for nginx:latest
docker.io/library/nginx:latest
Starting container my-nginx
5fbf8ebe6e8c186f7dc8fbf9331fb9de5ce2865aa0434a9ad9c2b0bae8b3850e
2025-06-17 20:27:12 - Setup complete
2025-06-17 21:24:06 - Starting setup
Docker already installed
Creating disk file docker_data/disk.img
Pulling Docker image nginx:latest
latest: Pulling from library/nginx
dad67da3f26b: Pulling fs layer
3b00567da964: Pulling fs layer
56b81cfa547d: Pulling fs layer
1bc5dc8b475d: Pulling fs layer
979e6233a40a: Pulling fs layer
d2a7ba8dbfee: Pulling fs layer
32e44235e1d5: Pulling fs layer
979e6233a40a: Waiting
d2a7ba8dbfee: Waiting
32e44235e1d5: Waiting
1bc5dc8b475d: Waiting
56b81cfa547d: Verifying Checksum
56b81cfa547d: Download complete
dad67da3f26b: Verifying Checksum
dad67da3f26b: Download complete
1bc5dc8b475d: Verifying Checksum
1bc5dc8b475d: Download complete
3b00567da964: Verifying Checksum
3b00567da964: Download complete
979e6233a40a: Verifying Checksum
d2a7ba8dbfee: Download complete
32e44235e1d5: Verifying Checksum
32e44235e1d5: Download complete
dad67da3f26b: Pull complete
3b00567da964: Pull complete
56b81cfa547d: Pull complete
1bc5dc8b475d: Pull complete
979e6233a40a: Pull complete
d2a7ba8dbfee: Pull complete
32e44235e1d5: Pull complete
Digest: sha256:6784fb0834aa7dbbe12e3d7471e69c290df3e6ba810dc38b34ae33d3c1c05f7d
Status: Downloaded newer image for nginx:latest
docker.io/library/nginx:latest
Starting container my-nginx
12552dc58b28dc07f6c3c28bc2e60f4537fc536388faa9092535906fa3bbdbac
2025-06-17 21:24:11 - Setup complete
2025-06-17 22:23:39 - Starting setup
Docker already installed
Creating disk file docker_data/disk.img
Pulling Docker image nginx:latest
latest: Pulling from library/nginx
dad67da3f26b: Pulling fs layer
3b00567da964: Pulling fs layer
56b81cfa547d: Pulling fs layer
1bc5dc8b475d: Pulling fs layer
979e6233a40a: Pulling fs layer
d2a7ba8dbfee: Pulling fs layer
32e44235e1d5: Pulling fs layer
1bc5dc8b475d: Waiting
979e6233a40a: Waiting
32e44235e1d5: Waiting
d2a7ba8dbfee: Waiting
56b81cfa547d: Verifying Checksum
56b81cfa547d: Download complete
1bc5dc8b475d: Download complete
dad67da3f26b: Verifying Checksum
dad67da3f26b: Download complete
979e6233a40a: Download complete
d2a7ba8dbfee: Verifying Checksum
d2a7ba8dbfee: Download complete
32e44235e1d5: Verifying Checksum
32e44235e1d5: Download complete
3b00567da964: Verifying Checksum
3b00567da964: Download complete
dad67da3f26b: Pull complete
3b00567da964: Pull complete
56b81cfa547d: Pull complete
1bc5dc8b475d: Pull complete
979e6233a40a: Pull complete
d2a7ba8dbfee: Pull complete
32e44235e1d5: Pull complete
Digest: sha256:6784fb0834aa7dbbe12e3d7471e69c290df3e6ba810dc38b34ae33d3c1c05f7d
Status: Downloaded newer image for nginx:latest
docker.io/library/nginx:latest
Starting container my-nginx
1b82048e8292b8a0009d707441133ddc1ec1f1823f723a78382fd4f021d0cd5e
2025-06-17 22:23:44 - Setup complete
2025-06-17 23:23:20 - Starting setup
Docker already installed
Creating disk file docker_data/disk.img
Pulling Docker image nginx:latest
latest: Pulling from library/nginx
dad67da3f26b: Pulling fs layer
3b00567da964: Pulling fs layer
56b81cfa547d: Pulling fs layer
1bc5dc8b475d: Pulling fs layer
979e6233a40a: Pulling fs layer
d2a7ba8dbfee: Pulling fs layer
32e44235e1d5: Pulling fs layer
979e6233a40a: Waiting
d2a7ba8dbfee: Waiting
32e44235e1d5: Waiting
1bc5dc8b475d: Waiting
56b81cfa547d: Download complete
1bc5dc8b475d: Verifying Checksum
1bc5dc8b475d: Download complete
979e6233a40a: Verifying Checksum
979e6233a40a: Download complete
dad67da3f26b: Verifying Checksum
dad67da3f26b: Download complete
d2a7ba8dbfee: Verifying Checksum
d2a7ba8dbfee: Download complete
32e44235e1d5: Verifying Checksum
32e44235e1d5: Download complete
3b00567da964: Verifying Checksum
3b00567da964: Download complete
dad67da3f26b: Pull complete
3b00567da964: Pull complete
56b81cfa547d: Pull complete
1bc5dc8b475d: Pull complete
979e6233a40a: Pull complete
d2a7ba8dbfee: Pull complete
32e44235e1d5: Pull complete
Digest: sha256:6784fb0834aa7dbbe12e3d7471e69c290df3e6ba810dc38b34ae33d3c1c05f7d
Status: Downloaded newer image for nginx:latest
docker.io/library/nginx:latest
Starting container my-nginx
b46f1e4f5c236bc7db1a541287ad32d3bc4debca498c436489c84dd4ffd76336
2025-06-17 23:23:23 - Setup complete
2025-06-18 02:03:34 - Starting setup
Docker already installed
Creating disk file docker_data/disk.img
Pulling Docker image nginx:latest
latest: Pulling from library/nginx
dad67da3f26b: Pulling fs layer
3b00567da964: Pulling fs layer
56b81cfa547d: Pulling fs layer
1bc5dc8b475d: Pulling fs layer
979e6233a40a: Pulling fs layer
d2a7ba8dbfee: Pulling fs layer
32e44235e1d5: Pulling fs layer
979e6233a40a: Waiting
d2a7ba8dbfee: Waiting
1bc5dc8b475d: Waiting
32e44235e1d5: Waiting
56b81cfa547d: Verifying Checksum
dad67da3f26b: Verifying Checksum
dad67da3f26b: Download complete
1bc5dc8b475d: Verifying Checksum
1bc5dc8b475d: Download complete
3b00567da964: Verifying Checksum
3b00567da964: Download complete
979e6233a40a: Download complete
d2a7ba8dbfee: Download complete
32e44235e1d5: Verifying Checksum
32e44235e1d5: Download complete
dad67da3f26b: Pull complete
3b00567da964: Pull complete
56b81cfa547d: Pull complete
1bc5dc8b475d: Pull complete
979e6233a40a: Pull complete
d2a7ba8dbfee: Pull complete
32e44235e1d5: Pull complete
Digest: sha256:6784fb0834aa7dbbe12e3d7471e69c290df3e6ba810dc38b34ae33d3c1c05f7d
Status: Downloaded newer image for nginx:latest
docker.io/library/nginx:latest
Starting container my-nginx
9ab05a23f9465ce9531492bc99d9a35952417442025ec4fbe070d3d117d24e83
2025-06-18 02:03:38 - Setup complete
2025-06-18 03:50:27 - Starting setup
Docker already installed
Creating disk file docker_data/disk.img
Pulling Docker image nginx:latest
latest: Pulling from library/nginx
dad67da3f26b: Pulling fs layer
3b00567da964: Pulling fs layer
56b81cfa547d: Pulling fs layer
1bc5dc8b475d: Pulling fs layer
979e6233a40a: Pulling fs layer
d2a7ba8dbfee: Pulling fs layer
32e44235e1d5: Pulling fs layer
979e6233a40a: Waiting
d2a7ba8dbfee: Waiting
32e44235e1d5: Waiting
1bc5dc8b475d: Waiting
56b81cfa547d: Verifying Checksum
56b81cfa547d: Download complete
1bc5dc8b475d: Verifying Checksum
1bc5dc8b475d: Download complete
dad67da3f26b: Download complete
979e6233a40a: Download complete
d2a7ba8dbfee: Verifying Checksum
d2a7ba8dbfee: Download complete
32e44235e1d5: Verifying Checksum
32e44235e1d5: Download complete
3b00567da964: Verifying Checksum
3b00567da964: Download complete
dad67da3f26b: Pull complete
3b00567da964: Pull complete
56b81cfa547d: Pull complete
1bc5dc8b475d: Pull complete
979e6233a40a: Pull complete
d2a7ba8dbfee: Pull complete
32e44235e1d5: Pull complete
Digest: sha256:6784fb0834aa7dbbe12e3d7471e69c290df3e6ba810dc38b34ae33d3c1c05f7d
Status: Downloaded newer image for nginx:latest
docker.io/library/nginx:latest
Starting container my-nginx
6e04444ae04c9d56f93c6565d887ef51d01189a73c9c7ce4464cadd999662ef6
2025-06-18 03:50:31 - Setup complete
2025-06-18 04:33:39 - Starting setup
Docker already installed
Creating disk file docker_data/disk.img
Pulling Docker image nginx:latest
latest: Pulling from library/nginx
dad67da3f26b: Pulling fs layer
3b00567da964: Pulling fs layer
56b81cfa547d: Pulling fs layer
1bc5dc8b475d: Pulling fs layer
979e6233a40a: Pulling fs layer
d2a7ba8dbfee: Pulling fs layer
32e44235e1d5: Pulling fs layer
979e6233a40a: Waiting
d2a7ba8dbfee: Waiting
32e44235e1d5: Waiting
1bc5dc8b475d: Waiting
56b81cfa547d: Verifying Checksum
56b81cfa547d: Download complete
1bc5dc8b475d: Verifying Checksum
1bc5dc8b475d: Download complete
dad67da3f26b: Verifying Checksum
dad67da3f26b: Download complete
979e6233a40a: Verifying Checksum
979e6233a40a: Download complete
d2a7ba8dbfee: Verifying Checksum
d2a7ba8dbfee: Download complete
32e44235e1d5: Verifying Checksum
32e44235e1d5: Download complete
3b00567da964: Verifying Checksum
3b00567da964: Download complete
dad67da3f26b: Pull complete
3b00567da964: Pull complete
56b81cfa547d: Pull complete
1bc5dc8b475d: Pull complete
979e6233a40a: Pull complete
d2a7ba8dbfee: Pull complete
32e44235e1d5: Pull complete
Digest: sha256:6784fb0834aa7dbbe12e3d7471e69c290df3e6ba810dc38b34ae33d3c1c05f7d
Status: Downloaded newer image for nginx:latest
docker.io/library/nginx:latest
Starting container my-nginx
7d6f4b953ed60cb65c49d946aeae1243f7734ad7c7ca571648dffdd0bf8ad829
2025-06-18 04:33:43 - Setup complete
2025-06-18 05:25:22 - Starting setup
Docker already installed
Creating disk file docker_data/disk.img
Pulling Docker image nginx:latest
latest: Pulling from library/nginx
dad67da3f26b: Pulling fs layer
3b00567da964: Pulling fs layer
56b81cfa547d: Pulling fs layer
1bc5dc8b475d: Pulling fs layer
979e6233a40a: Pulling fs layer
d2a7ba8dbfee: Pulling fs layer
32e44235e1d5: Pulling fs layer
1bc5dc8b475d: Waiting
979e6233a40a: Waiting
d2a7ba8dbfee: Waiting
32e44235e1d5: Waiting
56b81cfa547d: Download complete
dad67da3f26b: Verifying Checksum
dad67da3f26b: Download complete
3b00567da964: Verifying Checksum
3b00567da964: Download complete
1bc5dc8b475d: Verifying Checksum
1bc5dc8b475d: Download complete
979e6233a40a: Download complete
d2a7ba8dbfee: Verifying Checksum
d2a7ba8dbfee: Download complete
32e44235e1d5: Verifying Checksum
32e44235e1d5: Download complete
dad67da3f26b: Pull complete
3b00567da964: Pull complete
56b81cfa547d: Pull complete
1bc5dc8b475d: Pull complete
979e6233a40a: Pull complete
d2a7ba8dbfee: Pull complete
32e44235e1d5: Pull complete
Digest: sha256:6784fb0834aa7dbbe12e3d7471e69c290df3e6ba810dc38b34ae33d3c1c05f7d
Status: Downloaded newer image for nginx:latest
docker.io/library/nginx:latest
Starting container my-nginx
f19c91857db26456fcdd06fcaa079ffc3a6bb31c130ca4dd672267ced6bb5d04
2025-06-18 05:25:26 - Setup complete
2025-06-18 06:36:34 - Starting setup
Docker already installed
Creating disk file docker_data/disk.img
Pulling Docker image nginx:latest
latest: Pulling from library/nginx
dad67da3f26b: Pulling fs layer
3b00567da964: Pulling fs layer
56b81cfa547d: Pulling fs layer
1bc5dc8b475d: Pulling fs layer
979e6233a40a: Pulling fs layer
d2a7ba8dbfee: Pulling fs layer
32e44235e1d5: Pulling fs layer
979e6233a40a: Waiting
d2a7ba8dbfee: Waiting
32e44235e1d5: Waiting
1bc5dc8b475d: Waiting
56b81cfa547d: Verifying Checksum
56b81cfa547d: Download complete
1bc5dc8b475d: Verifying Checksum
1bc5dc8b475d: Download complete
dad67da3f26b: Verifying Checksum
dad67da3f26b: Download complete
979e6233a40a: Verifying Checksum
979e6233a40a: Download complete
d2a7ba8dbfee: Verifying Checksum
d2a7ba8dbfee: Download complete
32e44235e1d5: Verifying Checksum
32e44235e1d5: Download complete
3b00567da964: Verifying Checksum
3b00567da964: Download complete
dad67da3f26b: Pull complete
3b00567da964: Pull complete
56b81cfa547d: Pull complete
1bc5dc8b475d: Pull complete
979e6233a40a: Pull complete
d2a7ba8dbfee: Pull complete
32e44235e1d5: Pull complete
Digest: sha256:6784fb0834aa7dbbe12e3d7471e69c290df3e6ba810dc38b34ae33d3c1c05f7d
Status: Downloaded newer image for nginx:latest
docker.io/library/nginx:latest
Starting container my-nginx
2e048fc5e8d99833389a5252018f98c588db219c998a98c056bee4c9a1800869
2025-06-18 06:36:37 - Setup complete
2025-06-18 07:24:43 - Starting setup
Docker already installed
Creating disk file docker_data/disk.img
Pulling Docker image nginx:latest
latest: Pulling from library/nginx
dad67da3f26b: Pulling fs layer
3b00567da964: Pulling fs layer
56b81cfa547d: Pulling fs layer
1bc5dc8b475d: Pulling fs layer
979e6233a40a: Pulling fs layer
d2a7ba8dbfee: Pulling fs layer
32e44235e1d5: Pulling fs layer
1bc5dc8b475d: Waiting
979e6233a40a: Waiting
d2a7ba8dbfee: Waiting
32e44235e1d5: Waiting
56b81cfa547d: Verifying Checksum
56b81cfa547d: Download complete
dad67da3f26b: Verifying Checksum
dad67da3f26b: Download complete
1bc5dc8b475d: Verifying Checksum
1bc5dc8b475d: Download complete
979e6233a40a: Verifying Checksum
979e6233a40a: Download complete
3b00567da964: Verifying Checksum
3b00567da964: Download complete
d2a7ba8dbfee: Verifying Checksum
d2a7ba8dbfee: Download complete
32e44235e1d5: Verifying Checksum
32e44235e1d5: Download complete
dad67da3f26b: Pull complete
3b00567da964: Pull complete
56b81cfa547d: Pull complete
1bc5dc8b475d: Pull complete
979e6233a40a: Pull complete
d2a7ba8dbfee: Pull complete
32e44235e1d5: Pull complete
Digest: sha256:6784fb0834aa7dbbe12e3d7471e69c290df3e6ba810dc38b34ae33d3c1c05f7d
Status: Downloaded newer image for nginx:latest
docker.io/library/nginx:latest
Starting container my-nginx
bc86a546443090f3116d6682c561aecb38e5cad3df438b2df812ce2d78ae1dc4
2025-06-18 07:24:47 - Setup complete
2025-06-18 08:33:34 - Starting setup
Docker already installed
Creating disk file docker_data/disk.img
Pulling Docker image nginx:latest
latest: Pulling from library/nginx
dad67da3f26b: Pulling fs layer
3b00567da964: Pulling fs layer
56b81cfa547d: Pulling fs layer
1bc5dc8b475d: Pulling fs layer
979e6233a40a: Pulling fs layer
d2a7ba8dbfee: Pulling fs layer
32e44235e1d5: Pulling fs layer
1bc5dc8b475d: Waiting
979e6233a40a: Waiting
d2a7ba8dbfee: Waiting
32e44235e1d5: Waiting
56b81cfa547d: Verifying Checksum
56b81cfa547d: Download complete
dad67da3f26b: Verifying Checksum
dad67da3f26b: Download complete
3b00567da964: Verifying Checksum
3b00567da964: Download complete
1bc5dc8b475d: Verifying Checksum
1bc5dc8b475d: Download complete
979e6233a40a: Verifying Checksum
979e6233a40a: Download complete
d2a7ba8dbfee: Verifying Checksum
d2a7ba8dbfee: Download complete
32e44235e1d5: Verifying Checksum
32e44235e1d5: Download complete
dad67da3f26b: Pull complete
3b00567da964: Pull complete
56b81cfa547d: Pull complete
1bc5dc8b475d: Pull complete
979e6233a40a: Pull complete
d2a7ba8dbfee: Pull complete
32e44235e1d5: Pull complete
Digest: sha256:6784fb0834aa7dbbe12e3d7471e69c290df3e6ba810dc38b34ae33d3c1c05f7d
Status: Downloaded newer image for nginx:latest
docker.io/library/nginx:latest
Starting container my-nginx
0211dd6bc9b967188fa35600860487e6068840ab5d4f1f0cc48c9ba3684de58a
2025-06-18 08:33:38 - Setup complete
2025-06-18 09:27:51 - Starting setup
Docker already installed
Creating disk file docker_data/disk.img
Pulling Docker image nginx:latest
latest: Pulling from library/nginx
dad67da3f26b: Pulling fs layer
3b00567da964: Pulling fs layer
56b81cfa547d: Pulling fs layer
1bc5dc8b475d: Pulling fs layer
979e6233a40a: Pulling fs layer
d2a7ba8dbfee: Pulling fs layer
32e44235e1d5: Pulling fs layer
1bc5dc8b475d: Waiting
979e6233a40a: Waiting
d2a7ba8dbfee: Waiting
32e44235e1d5: Waiting
56b81cfa547d: Verifying Checksum
56b81cfa547d: Download complete
1bc5dc8b475d: Verifying Checksum
1bc5dc8b475d: Download complete
dad67da3f26b: Verifying Checksum
dad67da3f26b: Download complete
3b00567da964: Verifying Checksum
3b00567da964: Download complete
979e6233a40a: Verifying Checksum
979e6233a40a: Download complete
d2a7ba8dbfee: Verifying Checksum
d2a7ba8dbfee: Download complete
32e44235e1d5: Verifying Checksum
32e44235e1d5: Download complete
dad67da3f26b: Pull complete
3b00567da964: Pull complete
56b81cfa547d: Pull complete
1bc5dc8b475d: Pull complete
979e6233a40a: Pull complete
d2a7ba8dbfee: Pull complete
32e44235e1d5: Pull complete
Digest: sha256:6784fb0834aa7dbbe12e3d7471e69c290df3e6ba810dc38b34ae33d3c1c05f7d
Status: Downloaded newer image for nginx:latest
docker.io/library/nginx:latest
Starting container my-nginx
0e68bd1593f0b10ad5a989e75d827d872543168172eadb26b2be3f190271cce7
2025-06-18 09:27:54 - Setup complete
2025-06-18 10:27:32 - Starting setup
Docker already installed
Creating disk file docker_data/disk.img
Pulling Docker image nginx:latest
latest: Pulling from library/nginx
dad67da3f26b: Pulling fs layer
3b00567da964: Pulling fs layer
56b81cfa547d: Pulling fs layer
1bc5dc8b475d: Pulling fs layer
979e6233a40a: Pulling fs layer
d2a7ba8dbfee: Pulling fs layer
32e44235e1d5: Pulling fs layer
979e6233a40a: Waiting
1bc5dc8b475d: Waiting
d2a7ba8dbfee: Waiting
32e44235e1d5: Waiting
56b81cfa547d: Verifying Checksum
56b81cfa547d: Download complete
1bc5dc8b475d: Verifying Checksum
1bc5dc8b475d: Download complete
dad67da3f26b: Verifying Checksum
dad67da3f26b: Download complete
979e6233a40a: Verifying Checksum
979e6233a40a: Download complete
d2a7ba8dbfee: Verifying Checksum
d2a7ba8dbfee: Download complete
3b00567da964: Verifying Checksum
3b00567da964: Download complete
32e44235e1d5: Verifying Checksum
32e44235e1d5: Download complete
dad67da3f26b: Pull complete
3b00567da964: Pull complete
56b81cfa547d: Pull complete
1bc5dc8b475d: Pull complete
979e6233a40a: Pull complete
d2a7ba8dbfee: Pull complete
32e44235e1d5: Pull complete
Digest: sha256:6784fb0834aa7dbbe12e3d7471e69c290df3e6ba810dc38b34ae33d3c1c05f7d
Status: Downloaded newer image for nginx:latest
docker.io/library/nginx:latest
Starting container my-nginx
7cc23f98bf13dbc7de103f88fa36e0d6f2d2eead85f89ea2423d23847d996175
2025-06-18 10:27:36 - Setup complete
2025-06-18 11:21:46 - Starting setup
Docker already installed
Creating disk file docker_data/disk.img
Pulling Docker image nginx:latest
latest: Pulling from library/nginx
dad67da3f26b: Pulling fs layer
3b00567da964: Pulling fs layer
56b81cfa547d: Pulling fs layer
1bc5dc8b475d: Pulling fs layer
979e6233a40a: Pulling fs layer
d2a7ba8dbfee: Pulling fs layer
32e44235e1d5: Pulling fs layer
979e6233a40a: Waiting
d2a7ba8dbfee: Waiting
32e44235e1d5: Waiting
1bc5dc8b475d: Waiting
56b81cfa547d: Verifying Checksum
56b81cfa547d: Download complete
1bc5dc8b475d: Verifying Checksum
1bc5dc8b475d: Download complete
979e6233a40a: Verifying Checksum
979e6233a40a: Download complete
d2a7ba8dbfee: Verifying Checksum
d2a7ba8dbfee: Download complete
3b00567da964: Verifying Checksum
3b00567da964: Download complete
32e44235e1d5: Verifying Checksum
32e44235e1d5: Download complete
dad67da3f26b: Verifying Checksum
dad67da3f26b: Download complete
dad67da3f26b: Pull complete
3b00567da964: Pull complete
56b81cfa547d: Pull complete
1bc5dc8b475d: Pull complete
979e6233a40a: Pull complete
d2a7ba8dbfee: Pull complete
32e44235e1d5: Pull complete
Digest: sha256:6784fb0834aa7dbbe12e3d7471e69c290df3e6ba810dc38b34ae33d3c1c05f7d
Status: Downloaded newer image for nginx:latest
docker.io/library/nginx:latest
Starting container my-nginx
47374a41456629426451e568d35017a3b425860add8a51f5a724680eff9ee133
2025-06-18 11:21:50 - Setup complete
2025-06-18 12:53:20 - Starting setup
Docker already installed
Creating disk file docker_data/disk.img
Pulling Docker image nginx:latest
latest: Pulling from library/nginx
dad67da3f26b: Pulling fs layer
3b00567da964: Pulling fs layer
56b81cfa547d: Pulling fs layer
1bc5dc8b475d: Pulling fs layer
979e6233a40a: Pulling fs layer
d2a7ba8dbfee: Pulling fs layer
32e44235e1d5: Pulling fs layer
d2a7ba8dbfee: Waiting
979e6233a40a: Waiting
32e44235e1d5: Waiting
1bc5dc8b475d: Waiting
56b81cfa547d: Verifying Checksum
56b81cfa547d: Download complete
1bc5dc8b475d: Verifying Checksum
1bc5dc8b475d: Download complete
dad67da3f26b: Verifying Checksum
dad67da3f26b: Download complete
979e6233a40a: Verifying Checksum
979e6233a40a: Download complete
d2a7ba8dbfee: Verifying Checksum
d2a7ba8dbfee: Download complete
32e44235e1d5: Verifying Checksum
32e44235e1d5: Download complete
3b00567da964: Verifying Checksum
3b00567da964: Download complete
dad67da3f26b: Pull complete
3b00567da964: Pull complete
56b81cfa547d: Pull complete
1bc5dc8b475d: Pull complete
979e6233a40a: Pull complete
d2a7ba8dbfee: Pull complete
32e44235e1d5: Pull complete
Digest: sha256:6784fb0834aa7dbbe12e3d7471e69c290df3e6ba810dc38b34ae33d3c1c05f7d
Status: Downloaded newer image for nginx:latest
docker.io/library/nginx:latest
Starting container my-nginx
af61b0d08c81b19d7f145108ec07668de26d0fc340f887e95bb4a3e6c8825db0
2025-06-18 12:53:24 - Setup complete
2025-06-18 14:26:12 - Starting setup
Docker already installed
Creating disk file docker_data/disk.img
Pulling Docker image nginx:latest
latest: Pulling from library/nginx
dad67da3f26b: Pulling fs layer
3b00567da964: Pulling fs layer
56b81cfa547d: Pulling fs layer
1bc5dc8b475d: Pulling fs layer
979e6233a40a: Pulling fs layer
d2a7ba8dbfee: Pulling fs layer
32e44235e1d5: Pulling fs layer
1bc5dc8b475d: Waiting
979e6233a40a: Waiting
d2a7ba8dbfee: Waiting
32e44235e1d5: Waiting
56b81cfa547d: Verifying Checksum
56b81cfa547d: Download complete
1bc5dc8b475d: Verifying Checksum
1bc5dc8b475d: Download complete
979e6233a40a: Verifying Checksum
979e6233a40a: Download complete
d2a7ba8dbfee: Verifying Checksum
d2a7ba8dbfee: Download complete
32e44235e1d5: Verifying Checksum
32e44235e1d5: Download complete
dad67da3f26b: Verifying Checksum
dad67da3f26b: Download complete
3b00567da964: Verifying Checksum
3b00567da964: Download complete
dad67da3f26b: Pull complete
3b00567da964: Pull complete
56b81cfa547d: Pull complete
1bc5dc8b475d: Pull complete
979e6233a40a: Pull complete
d2a7ba8dbfee: Pull complete
32e44235e1d5: Pull complete
Digest: sha256:6784fb0834aa7dbbe12e3d7471e69c290df3e6ba810dc38b34ae33d3c1c05f7d
Status: Downloaded newer image for nginx:latest
docker.io/library/nginx:latest
Starting container my-nginx
8deaa47570e14ec2bd37e04a92c6ce96a728879916816c6f5f867c8805199b88
2025-06-18 14:26:15 - Setup complete
2025-06-18 15:28:20 - Starting setup
Docker already installed
Creating disk file docker_data/disk.img
Pulling Docker image nginx:latest
latest: Pulling from library/nginx
dad67da3f26b: Pulling fs layer
3b00567da964: Pulling fs layer
56b81cfa547d: Pulling fs layer
1bc5dc8b475d: Pulling fs layer
979e6233a40a: Pulling fs layer
d2a7ba8dbfee: Pulling fs layer
32e44235e1d5: Pulling fs layer
979e6233a40a: Waiting
d2a7ba8dbfee: Waiting
32e44235e1d5: Waiting
1bc5dc8b475d: Waiting
56b81cfa547d: Verifying Checksum
56b81cfa547d: Download complete
dad67da3f26b: Verifying Checksum
dad67da3f26b: Download complete
1bc5dc8b475d: Verifying Checksum
1bc5dc8b475d: Download complete
979e6233a40a: Verifying Checksum
979e6233a40a: Download complete
d2a7ba8dbfee: Verifying Checksum
d2a7ba8dbfee: Download complete
3b00567da964: Verifying Checksum
3b00567da964: Download complete
32e44235e1d5: Verifying Checksum
32e44235e1d5: Download complete
dad67da3f26b: Pull complete
3b00567da964: Pull complete
56b81cfa547d: Pull complete
1bc5dc8b475d: Pull complete
979e6233a40a: Pull complete
d2a7ba8dbfee: Pull complete
32e44235e1d5: Pull complete
Digest: sha256:6784fb0834aa7dbbe12e3d7471e69c290df3e6ba810dc38b34ae33d3c1c05f7d
Status: Downloaded newer image for nginx:latest
docker.io/library/nginx:latest
Starting container my-nginx
e40c4f98453b8ecc72834087ac09b1fecac3aef62fc6c70bfb8826ced3baa1f0
2025-06-18 15:28:24 - Setup complete
2025-06-18 16:32:33 - Starting setup
Docker already installed
Creating disk file docker_data/disk.img
Pulling Docker image nginx:latest
latest: Pulling from library/nginx
dad67da3f26b: Pulling fs layer
3b00567da964: Pulling fs layer
56b81cfa547d: Pulling fs layer
1bc5dc8b475d: Pulling fs layer
979e6233a40a: Pulling fs layer
d2a7ba8dbfee: Pulling fs layer
32e44235e1d5: Pulling fs layer
979e6233a40a: Waiting
d2a7ba8dbfee: Waiting
32e44235e1d5: Waiting
1bc5dc8b475d: Waiting
56b81cfa547d: Verifying Checksum
56b81cfa547d: Download complete
1bc5dc8b475d: Verifying Checksum
1bc5dc8b475d: Download complete
979e6233a40a: Verifying Checksum
979e6233a40a: Download complete
d2a7ba8dbfee: Verifying Checksum
d2a7ba8dbfee: Download complete
dad67da3f26b: Verifying Checksum
dad67da3f26b: Download complete
32e44235e1d5: Verifying Checksum
32e44235e1d5: Download complete
3b00567da964: Verifying Checksum
3b00567da964: Download complete
dad67da3f26b: Pull complete
3b00567da964: Pull complete
56b81cfa547d: Pull complete
1bc5dc8b475d: Pull complete
979e6233a40a: Pull complete
d2a7ba8dbfee: Pull complete
32e44235e1d5: Pull complete
Digest: sha256:6784fb0834aa7dbbe12e3d7471e69c290df3e6ba810dc38b34ae33d3c1c05f7d
Status: Downloaded newer image for nginx:latest
docker.io/library/nginx:latest
Starting container my-nginx
24292f957d439987e10fca093d37cc4349c34ff1313443e880df036d5d96b68b
2025-06-18 16:32:36 - Setup complete
2025-06-18 17:23:52 - Starting setup
Docker already installed
Creating disk file docker_data/disk.img
Pulling Docker image nginx:latest
latest: Pulling from library/nginx
dad67da3f26b: Pulling fs layer
3b00567da964: Pulling fs layer
56b81cfa547d: Pulling fs layer
1bc5dc8b475d: Pulling fs layer
979e6233a40a: Pulling fs layer
d2a7ba8dbfee: Pulling fs layer
32e44235e1d5: Pulling fs layer
1bc5dc8b475d: Waiting
979e6233a40a: Waiting
d2a7ba8dbfee: Waiting
32e44235e1d5: Waiting
56b81cfa547d: Verifying Checksum
56b81cfa547d: Download complete
1bc5dc8b475d: Verifying Checksum
1bc5dc8b475d: Download complete
dad67da3f26b: Verifying Checksum
dad67da3f26b: Download complete
979e6233a40a: Verifying Checksum
979e6233a40a: Download complete
3b00567da964: Verifying Checksum
3b00567da964: Download complete
d2a7ba8dbfee: Verifying Checksum
d2a7ba8dbfee: Download complete
32e44235e1d5: Verifying Checksum
32e44235e1d5: Download complete
dad67da3f26b: Pull complete
3b00567da964: Pull complete
56b81cfa547d: Pull complete
1bc5dc8b475d: Pull complete
979e6233a40a: Pull complete
d2a7ba8dbfee: Pull complete
32e44235e1d5: Pull complete
Digest: sha256:6784fb0834aa7dbbe12e3d7471e69c290df3e6ba810dc38b34ae33d3c1c05f7d
Status: Downloaded newer image for nginx:latest
docker.io/library/nginx:latest
Starting container my-nginx
31b8f2a9b2f8d059afffa93a70b797bd501a321bcca30d546b217b0c36e14ffa
2025-06-18 17:23:56 - Setup complete
2025-06-18 18:35:20 - Starting setup
Docker already installed
Creating disk file docker_data/disk.img
Pulling Docker image nginx:latest
latest: Pulling from library/nginx
dad67da3f26b: Pulling fs layer
3b00567da964: Pulling fs layer
56b81cfa547d: Pulling fs layer
1bc5dc8b475d: Pulling fs layer
979e6233a40a: Pulling fs layer
d2a7ba8dbfee: Pulling fs layer
32e44235e1d5: Pulling fs layer
d2a7ba8dbfee: Waiting
979e6233a40a: Waiting
32e44235e1d5: Waiting
1bc5dc8b475d: Waiting
56b81cfa547d: Verifying Checksum
56b81cfa547d: Download complete
1bc5dc8b475d: Verifying Checksum
1bc5dc8b475d: Download complete
dad67da3f26b: Verifying Checksum
dad67da3f26b: Download complete
979e6233a40a: Verifying Checksum
979e6233a40a: Download complete
d2a7ba8dbfee: Verifying Checksum
d2a7ba8dbfee: Download complete
32e44235e1d5: Verifying Checksum
32e44235e1d5: Download complete
3b00567da964: Verifying Checksum
3b00567da964: Download complete
dad67da3f26b: Pull complete
3b00567da964: Pull complete
56b81cfa547d: Pull complete
1bc5dc8b475d: Pull complete
979e6233a40a: Pull complete
d2a7ba8dbfee: Pull complete
32e44235e1d5: Pull complete
Digest: sha256:6784fb0834aa7dbbe12e3d7471e69c290df3e6ba810dc38b34ae33d3c1c05f7d
Status: Downloaded newer image for nginx:latest
docker.io/library/nginx:latest
Starting container my-nginx
9fb935e7ae343e1a49a7faea8b597e0418c5359f39c6f1892111bb5f56ea736f
2025-06-18 18:35:24 - Setup complete
2025-06-18 19:19:51 - Starting setup
Docker already installed
Creating disk file docker_data/disk.img
Pulling Docker image nginx:latest
latest: Pulling from library/nginx
dad67da3f26b: Pulling fs layer
3b00567da964: Pulling fs layer
56b81cfa547d: Pulling fs layer
1bc5dc8b475d: Pulling fs layer
979e6233a40a: Pulling fs layer
d2a7ba8dbfee: Pulling fs layer
32e44235e1d5: Pulling fs layer
979e6233a40a: Waiting
d2a7ba8dbfee: Waiting
32e44235e1d5: Waiting
56b81cfa547d: Verifying Checksum
56b81cfa547d: Download complete
1bc5dc8b475d: Verifying Checksum
1bc5dc8b475d: Download complete
979e6233a40a: Verifying Checksum
979e6233a40a: Download complete
d2a7ba8dbfee: Verifying Checksum
d2a7ba8dbfee: Download complete
32e44235e1d5: Verifying Checksum
32e44235e1d5: Download complete
dad67da3f26b: Verifying Checksum
dad67da3f26b: Download complete
3b00567da964: Verifying Checksum
3b00567da964: Download complete
dad67da3f26b: Pull complete
3b00567da964: Pull complete
56b81cfa547d: Pull complete
1bc5dc8b475d: Pull complete
979e6233a40a: Pull complete
d2a7ba8dbfee: Pull complete
32e44235e1d5: Pull complete
Digest: sha256:6784fb0834aa7dbbe12e3d7471e69c290df3e6ba810dc38b34ae33d3c1c05f7d
Status: Downloaded newer image for nginx:latest
docker.io/library/nginx:latest
Starting container my-nginx
9c30c180e3679f984ffafd65cbb603e81f8f3cb2ca95c63e9cd2b6cda25e9f9c
2025-06-18 19:19:55 - Setup complete
2025-06-18 20:28:56 - Starting setup
Docker already installed
Creating disk file docker_data/disk.img
Pulling Docker image nginx:latest
latest: Pulling from library/nginx
dad67da3f26b: Pulling fs layer
3b00567da964: Pulling fs layer
56b81cfa547d: Pulling fs layer
1bc5dc8b475d: Pulling fs layer
979e6233a40a: Pulling fs layer
d2a7ba8dbfee: Pulling fs layer
32e44235e1d5: Pulling fs layer
979e6233a40a: Waiting
32e44235e1d5: Waiting
d2a7ba8dbfee: Waiting
1bc5dc8b475d: Waiting
56b81cfa547d: Verifying Checksum
56b81cfa547d: Download complete
1bc5dc8b475d: Verifying Checksum
1bc5dc8b475d: Download complete
979e6233a40a: Download complete
d2a7ba8dbfee: Verifying Checksum
d2a7ba8dbfee: Download complete
dad67da3f26b: Verifying Checksum
dad67da3f26b: Download complete
32e44235e1d5: Verifying Checksum
32e44235e1d5: Download complete
3b00567da964: Verifying Checksum
3b00567da964: Download complete
dad67da3f26b: Pull complete
3b00567da964: Pull complete
56b81cfa547d: Pull complete
1bc5dc8b475d: Pull complete
979e6233a40a: Pull complete
d2a7ba8dbfee: Pull complete
32e44235e1d5: Pull complete
Digest: sha256:6784fb0834aa7dbbe12e3d7471e69c290df3e6ba810dc38b34ae33d3c1c05f7d
Status: Downloaded newer image for nginx:latest
docker.io/library/nginx:latest
Starting container my-nginx
eaa026a3b83b2c61dedcf97648cc9032cf2e1e5b2f3b3eb3a3ef89c48d273d12
2025-06-18 20:29:00 - Setup complete
2025-06-18 21:23:28 - Starting setup
Docker already installed
Creating disk file docker_data/disk.img
Pulling Docker image nginx:latest
latest: Pulling from library/nginx
dad67da3f26b: Pulling fs layer
3b00567da964: Pulling fs layer
56b81cfa547d: Pulling fs layer
1bc5dc8b475d: Pulling fs layer
979e6233a40a: Pulling fs layer
d2a7ba8dbfee: Pulling fs layer
32e44235e1d5: Pulling fs layer
979e6233a40a: Waiting
1bc5dc8b475d: Waiting
d2a7ba8dbfee: Waiting
32e44235e1d5: Waiting
56b81cfa547d: Verifying Checksum
56b81cfa547d: Download complete
1bc5dc8b475d: Verifying Checksum
1bc5dc8b475d: Download complete
979e6233a40a: Verifying Checksum
979e6233a40a: Download complete
d2a7ba8dbfee: Verifying Checksum
d2a7ba8dbfee: Download complete
dad67da3f26b: Download complete
32e44235e1d5: Verifying Checksum
32e44235e1d5: Download complete
3b00567da964: Verifying Checksum
3b00567da964: Download complete
dad67da3f26b: Pull complete
3b00567da964: Pull complete
56b81cfa547d: Pull complete
1bc5dc8b475d: Pull complete
979e6233a40a: Pull complete
d2a7ba8dbfee: Pull complete
32e44235e1d5: Pull complete
Digest: sha256:6784fb0834aa7dbbe12e3d7471e69c290df3e6ba810dc38b34ae33d3c1c05f7d
Status: Downloaded newer image for nginx:latest
docker.io/library/nginx:latest
Starting container my-nginx
3054ea56d8a099d8f0177a6a396ae07ca87baf136cedc3d8a7ee0c7e7112532e
2025-06-18 21:23:31 - Setup complete
2025-06-18 22:23:51 - Starting setup
Docker already installed
Creating disk file docker_data/disk.img
Pulling Docker image nginx:latest
latest: Pulling from library/nginx
dad67da3f26b: Pulling fs layer
3b00567da964: Pulling fs layer
56b81cfa547d: Pulling fs layer
1bc5dc8b475d: Pulling fs layer
979e6233a40a: Pulling fs layer
d2a7ba8dbfee: Pulling fs layer
32e44235e1d5: Pulling fs layer
1bc5dc8b475d: Waiting
d2a7ba8dbfee: Waiting
979e6233a40a: Waiting
32e44235e1d5: Waiting
56b81cfa547d: Verifying Checksum
56b81cfa547d: Download complete
1bc5dc8b475d: Verifying Checksum
1bc5dc8b475d: Download complete
dad67da3f26b: Download complete
979e6233a40a: Verifying Checksum
979e6233a40a: Download complete
d2a7ba8dbfee: Download complete
3b00567da964: Verifying Checksum
3b00567da964: Download complete
32e44235e1d5: Verifying Checksum
32e44235e1d5: Download complete
dad67da3f26b: Pull complete
3b00567da964: Pull complete
56b81cfa547d: Pull complete
1bc5dc8b475d: Pull complete
979e6233a40a: Pull complete
d2a7ba8dbfee: Pull complete
32e44235e1d5: Pull complete
Digest: sha256:6784fb0834aa7dbbe12e3d7471e69c290df3e6ba810dc38b34ae33d3c1c05f7d
Status: Downloaded newer image for nginx:latest
docker.io/library/nginx:latest
Starting container my-nginx
5840567f90084c55462936c0755dedf3a8f6c12b44c879faf01845d788b670ba
2025-06-18 22:23:56 - Setup complete
2025-06-18 23:23:28 - Starting setup
Docker already installed
Creating disk file docker_data/disk.img
Pulling Docker image nginx:latest
latest: Pulling from library/nginx
dad67da3f26b: Pulling fs layer
3b00567da964: Pulling fs layer
56b81cfa547d: Pulling fs layer
1bc5dc8b475d: Pulling fs layer
979e6233a40a: Pulling fs layer
d2a7ba8dbfee: Pulling fs layer
32e44235e1d5: Pulling fs layer
1bc5dc8b475d: Waiting
979e6233a40a: Waiting
d2a7ba8dbfee: Waiting
32e44235e1d5: Waiting
56b81cfa547d: Verifying Checksum
56b81cfa547d: Download complete
1bc5dc8b475d: Verifying Checksum
1bc5dc8b475d: Download complete
dad67da3f26b: Verifying Checksum
dad67da3f26b: Download complete
d2a7ba8dbfee: Download complete
979e6233a40a: Verifying Checksum
979e6233a40a: Download complete
32e44235e1d5: Verifying Checksum
32e44235e1d5: Download complete
3b00567da964: Verifying Checksum
3b00567da964: Download complete
dad67da3f26b: Pull complete
3b00567da964: Pull complete
56b81cfa547d: Pull complete
1bc5dc8b475d: Pull complete
979e6233a40a: Pull complete
d2a7ba8dbfee: Pull complete
32e44235e1d5: Pull complete
Digest: sha256:6784fb0834aa7dbbe12e3d7471e69c290df3e6ba810dc38b34ae33d3c1c05f7d
Status: Downloaded newer image for nginx:latest
docker.io/library/nginx:latest
Starting container my-nginx
4d9e829aa97661cbee76d9271d1e20e9ff604c3cf29460abfa346af67022e54a
2025-06-18 23:23:31 - Setup complete
2025-06-19 02:04:13 - Starting setup
Docker already installed
Creating disk file docker_data/disk.img
Pulling Docker image nginx:latest
latest: Pulling from library/nginx
dad67da3f26b: Pulling fs layer
3b00567da964: Pulling fs layer
56b81cfa547d: Pulling fs layer
1bc5dc8b475d: Pulling fs layer
979e6233a40a: Pulling fs layer
d2a7ba8dbfee: Pulling fs layer
32e44235e1d5: Pulling fs layer
979e6233a40a: Waiting
d2a7ba8dbfee: Waiting
32e44235e1d5: Waiting
1bc5dc8b475d: Waiting
56b81cfa547d: Verifying Checksum
56b81cfa547d: Download complete
1bc5dc8b475d: Download complete
979e6233a40a: Verifying Checksum
979e6233a40a: Download complete
d2a7ba8dbfee: Verifying Checksum
d2a7ba8dbfee: Download complete
32e44235e1d5: Verifying Checksum
32e44235e1d5: Download complete
dad67da3f26b: Verifying Checksum
dad67da3f26b: Download complete
3b00567da964: Verifying Checksum
3b00567da964: Download complete
dad67da3f26b: Pull complete
3b00567da964: Pull complete
56b81cfa547d: Pull complete
1bc5dc8b475d: Pull complete
979e6233a40a: Pull complete
d2a7ba8dbfee: Pull complete
32e44235e1d5: Pull complete
Digest: sha256:6784fb0834aa7dbbe12e3d7471e69c290df3e6ba810dc38b34ae33d3c1c05f7d
Status: Downloaded newer image for nginx:latest
docker.io/library/nginx:latest
Starting container my-nginx
302e07c117f4f580b663f121a60f07619e526d1c46c62c2209a24c4f7b0570e6
2025-06-19 02:04:17 - Setup complete
2025-06-19 03:50:41 - Starting setup
Docker already installed
Creating disk file docker_data/disk.img
Pulling Docker image nginx:latest
latest: Pulling from library/nginx
dad67da3f26b: Pulling fs layer
3b00567da964: Pulling fs layer
56b81cfa547d: Pulling fs layer
1bc5dc8b475d: Pulling fs layer
979e6233a40a: Pulling fs layer
d2a7ba8dbfee: Pulling fs layer
32e44235e1d5: Pulling fs layer
979e6233a40a: Waiting
d2a7ba8dbfee: Waiting
1bc5dc8b475d: Waiting
32e44235e1d5: Waiting
56b81cfa547d: Verifying Checksum
56b81cfa547d: Download complete
1bc5dc8b475d: Verifying Checksum
1bc5dc8b475d: Download complete
979e6233a40a: Verifying Checksum
979e6233a40a: Download complete
dad67da3f26b: Verifying Checksum
dad67da3f26b: Download complete
d2a7ba8dbfee: Verifying Checksum
d2a7ba8dbfee: Download complete
32e44235e1d5: Verifying Checksum
32e44235e1d5: Download complete
3b00567da964: Verifying Checksum
3b00567da964: Download complete
dad67da3f26b: Pull complete
3b00567da964: Pull complete
56b81cfa547d: Pull complete
1bc5dc8b475d: Pull complete
979e6233a40a: Pull complete
d2a7ba8dbfee: Pull complete
32e44235e1d5: Pull complete
Digest: sha256:6784fb0834aa7dbbe12e3d7471e69c290df3e6ba810dc38b34ae33d3c1c05f7d
Status: Downloaded newer image for nginx:latest
docker.io/library/nginx:latest
Starting container my-nginx
7152cdd144a8ca848de1be7b09e811d934b9ea3c763c872eea3f12bc43b4465e
2025-06-19 03:50:45 - Setup complete
2025-06-19 04:33:16 - Starting setup
Docker already installed
Creating disk file docker_data/disk.img
Pulling Docker image nginx:latest
latest: Pulling from library/nginx
dad67da3f26b: Pulling fs layer
3b00567da964: Pulling fs layer
56b81cfa547d: Pulling fs layer
1bc5dc8b475d: Pulling fs layer
979e6233a40a: Pulling fs layer
d2a7ba8dbfee: Pulling fs layer
32e44235e1d5: Pulling fs layer
d2a7ba8dbfee: Waiting
979e6233a40a: Waiting
32e44235e1d5: Waiting
1bc5dc8b475d: Waiting
56b81cfa547d: Download complete
1bc5dc8b475d: Verifying Checksum
1bc5dc8b475d: Download complete
979e6233a40a: Verifying Checksum
979e6233a40a: Download complete
dad67da3f26b: Verifying Checksum
dad67da3f26b: Download complete
d2a7ba8dbfee: Download complete
32e44235e1d5: Verifying Checksum
32e44235e1d5: Download complete
3b00567da964: Verifying Checksum
3b00567da964: Download complete
dad67da3f26b: Pull complete
3b00567da964: Pull complete
56b81cfa547d: Pull complete
1bc5dc8b475d: Pull complete
979e6233a40a: Pull complete
d2a7ba8dbfee: Pull complete
32e44235e1d5: Pull complete
Digest: sha256:6784fb0834aa7dbbe12e3d7471e69c290df3e6ba810dc38b34ae33d3c1c05f7d
Status: Downloaded newer image for nginx:latest
docker.io/library/nginx:latest
Starting container my-nginx
1de958524cbd64afe65d05b6c4c7cd90de5b996147f55e1d87b7cf2f563e5099
2025-06-19 04:33:21 - Setup complete
2025-06-19 05:25:13 - Starting setup
Docker already installed
Creating disk file docker_data/disk.img
Pulling Docker image nginx:latest
latest: Pulling from library/nginx
dad67da3f26b: Pulling fs layer
3b00567da964: Pulling fs layer
56b81cfa547d: Pulling fs layer
1bc5dc8b475d: Pulling fs layer
979e6233a40a: Pulling fs layer
d2a7ba8dbfee: Pulling fs layer
32e44235e1d5: Pulling fs layer
979e6233a40a: Waiting
d2a7ba8dbfee: Waiting
32e44235e1d5: Waiting
1bc5dc8b475d: Waiting
56b81cfa547d: Verifying Checksum
56b81cfa547d: Download complete
1bc5dc8b475d: Download complete
dad67da3f26b: Verifying Checksum
dad67da3f26b: Download complete
3b00567da964: Verifying Checksum
3b00567da964: Download complete
979e6233a40a: Verifying Checksum
979e6233a40a: Download complete
d2a7ba8dbfee: Verifying Checksum
d2a7ba8dbfee: Download complete
32e44235e1d5: Verifying Checksum
32e44235e1d5: Download complete
dad67da3f26b: Pull complete
3b00567da964: Pull complete
56b81cfa547d: Pull complete
1bc5dc8b475d: Pull complete
979e6233a40a: Pull complete
d2a7ba8dbfee: Pull complete
32e44235e1d5: Pull complete
Digest: sha256:6784fb0834aa7dbbe12e3d7471e69c290df3e6ba810dc38b34ae33d3c1c05f7d
Status: Downloaded newer image for nginx:latest
docker.io/library/nginx:latest
Starting container my-nginx
5acc09efe9f3800cbd56040f2924ba0042daf19a232846da27eceabee1badf72
2025-06-19 05:25:17 - Setup complete
2025-06-19 06:36:18 - Starting setup
Docker already installed
Creating disk file docker_data/disk.img
Pulling Docker image nginx:latest
latest: Pulling from library/nginx
dad67da3f26b: Pulling fs layer
3b00567da964: Pulling fs layer
56b81cfa547d: Pulling fs layer
1bc5dc8b475d: Pulling fs layer
979e6233a40a: Pulling fs layer
d2a7ba8dbfee: Pulling fs layer
32e44235e1d5: Pulling fs layer
1bc5dc8b475d: Waiting
979e6233a40a: Waiting
d2a7ba8dbfee: Waiting
32e44235e1d5: Waiting
56b81cfa547d: Download complete
1bc5dc8b475d: Verifying Checksum
1bc5dc8b475d: Download complete
dad67da3f26b: Verifying Checksum
dad67da3f26b: Download complete
3b00567da964: Verifying Checksum
3b00567da964: Download complete
979e6233a40a: Verifying Checksum
979e6233a40a: Download complete
d2a7ba8dbfee: Verifying Checksum
d2a7ba8dbfee: Download complete
32e44235e1d5: Verifying Checksum
32e44235e1d5: Download complete
dad67da3f26b: Pull complete
3b00567da964: Pull complete
56b81cfa547d: Pull complete
1bc5dc8b475d: Pull complete
979e6233a40a: Pull complete
d2a7ba8dbfee: Pull complete
32e44235e1d5: Pull complete
Digest: sha256:6784fb0834aa7dbbe12e3d7471e69c290df3e6ba810dc38b34ae33d3c1c05f7d
Status: Downloaded newer image for nginx:latest
docker.io/library/nginx:latest
Starting container my-nginx
f3ccbceae3069212821fcda795e1300af89b653be49367487a340661bdc327a5
2025-06-19 06:36:21 - Setup complete
2025-06-19 07:24:26 - Starting setup
Docker already installed
Creating disk file docker_data/disk.img
Pulling Docker image nginx:latest
latest: Pulling from library/nginx
dad67da3f26b: Pulling fs layer
3b00567da964: Pulling fs layer
56b81cfa547d: Pulling fs layer
1bc5dc8b475d: Pulling fs layer
979e6233a40a: Pulling fs layer
d2a7ba8dbfee: Pulling fs layer
32e44235e1d5: Pulling fs layer
1bc5dc8b475d: Waiting
979e6233a40a: Waiting
d2a7ba8dbfee: Waiting
32e44235e1d5: Waiting
56b81cfa547d: Verifying Checksum
56b81cfa547d: Download complete
1bc5dc8b475d: Download complete
3b00567da964: Verifying Checksum
3b00567da964: Download complete
d2a7ba8dbfee: Verifying Checksum
d2a7ba8dbfee: Download complete
dad67da3f26b: Verifying Checksum
dad67da3f26b: Download complete
979e6233a40a: Verifying Checksum
979e6233a40a: Download complete
32e44235e1d5: Verifying Checksum
32e44235e1d5: Download complete
dad67da3f26b: Pull complete
3b00567da964: Pull complete
56b81cfa547d: Pull complete
1bc5dc8b475d: Pull complete
979e6233a40a: Pull complete
d2a7ba8dbfee: Pull complete
32e44235e1d5: Pull complete
Digest: sha256:6784fb0834aa7dbbe12e3d7471e69c290df3e6ba810dc38b34ae33d3c1c05f7d
Status: Downloaded newer image for nginx:latest
docker.io/library/nginx:latest
Starting container my-nginx
c4b4abeeed9d203c9248050392eb76e9988981bf1926e26433c76c067c39da72
2025-06-19 07:24:30 - Setup complete
2025-06-19 08:33:35 - Starting setup
Docker already installed
Creating disk file docker_data/disk.img
Pulling Docker image nginx:latest
latest: Pulling from library/nginx
dad67da3f26b: Pulling fs layer
3b00567da964: Pulling fs layer
56b81cfa547d: Pulling fs layer
1bc5dc8b475d: Pulling fs layer
979e6233a40a: Pulling fs layer
d2a7ba8dbfee: Pulling fs layer
32e44235e1d5: Pulling fs layer
d2a7ba8dbfee: Waiting
979e6233a40a: Waiting
32e44235e1d5: Waiting
1bc5dc8b475d: Waiting
56b81cfa547d: Verifying Checksum
56b81cfa547d: Download complete
dad67da3f26b: Download complete
1bc5dc8b475d: Download complete
3b00567da964: Verifying Checksum
3b00567da964: Download complete
d2a7ba8dbfee: Download complete
979e6233a40a: Download complete
32e44235e1d5: Verifying Checksum
32e44235e1d5: Download complete
dad67da3f26b: Pull complete
3b00567da964: Pull complete
56b81cfa547d: Pull complete
1bc5dc8b475d: Pull complete
979e6233a40a: Pull complete
d2a7ba8dbfee: Pull complete
32e44235e1d5: Pull complete
Digest: sha256:6784fb0834aa7dbbe12e3d7471e69c290df3e6ba810dc38b34ae33d3c1c05f7d
Status: Downloaded newer image for nginx:latest
docker.io/library/nginx:latest
Starting container my-nginx
0596d4c9e9c27e6e7a93fe0aae368afd4fc77027f70f1fa6a58b0714c215d686
2025-06-19 08:33:39 - Setup complete
2025-06-19 09:27:26 - Starting setup
Docker already installed
Creating disk file docker_data/disk.img
Pulling Docker image nginx:latest
latest: Pulling from library/nginx
dad67da3f26b: Pulling fs layer
3b00567da964: Pulling fs layer
56b81cfa547d: Pulling fs layer
1bc5dc8b475d: Pulling fs layer
979e6233a40a: Pulling fs layer
d2a7ba8dbfee: Pulling fs layer
32e44235e1d5: Pulling fs layer
1bc5dc8b475d: Waiting
d2a7ba8dbfee: Waiting
32e44235e1d5: Waiting
979e6233a40a: Waiting
56b81cfa547d: Verifying Checksum
56b81cfa547d: Download complete
dad67da3f26b: Download complete
3b00567da964: Verifying Checksum
3b00567da964: Download complete
1bc5dc8b475d: Verifying Checksum
1bc5dc8b475d: Download complete
979e6233a40a: Verifying Checksum
979e6233a40a: Download complete
d2a7ba8dbfee: Verifying Checksum
d2a7ba8dbfee: Download complete
32e44235e1d5: Download complete
dad67da3f26b: Pull complete
3b00567da964: Pull complete
56b81cfa547d: Pull complete
1bc5dc8b475d: Pull complete
979e6233a40a: Pull complete
d2a7ba8dbfee: Pull complete
32e44235e1d5: Pull complete
Digest: sha256:6784fb0834aa7dbbe12e3d7471e69c290df3e6ba810dc38b34ae33d3c1c05f7d
Status: Downloaded newer image for nginx:latest
docker.io/library/nginx:latest
Starting container my-nginx
a2410ab8a04000ef978da84d9a4a19381e54ae8b05cd21f3523ce1da32396c77
2025-06-19 09:27:32 - Setup complete
2025-06-19 10:27:16 - Starting setup
Docker already installed
Creating disk file docker_data/disk.img
Pulling Docker image nginx:latest
latest: Pulling from library/nginx
dad67da3f26b: Pulling fs layer
3b00567da964: Pulling fs layer
56b81cfa547d: Pulling fs layer
1bc5dc8b475d: Pulling fs layer
979e6233a40a: Pulling fs layer
d2a7ba8dbfee: Pulling fs layer
32e44235e1d5: Pulling fs layer
979e6233a40a: Waiting
32e44235e1d5: Waiting
d2a7ba8dbfee: Waiting
1bc5dc8b475d: Waiting
56b81cfa547d: Verifying Checksum
56b81cfa547d: Download complete
1bc5dc8b475d: Verifying Checksum
1bc5dc8b475d: Download complete
dad67da3f26b: Verifying Checksum
dad67da3f26b: Download complete
979e6233a40a: Verifying Checksum
979e6233a40a: Download complete
3b00567da964: Verifying Checksum
3b00567da964: Download complete
d2a7ba8dbfee: Verifying Checksum
d2a7ba8dbfee: Download complete
32e44235e1d5: Download complete
dad67da3f26b: Pull complete
3b00567da964: Pull complete
56b81cfa547d: Pull complete
1bc5dc8b475d: Pull complete
979e6233a40a: Pull complete
d2a7ba8dbfee: Pull complete
32e44235e1d5: Pull complete
Digest: sha256:6784fb0834aa7dbbe12e3d7471e69c290df3e6ba810dc38b34ae33d3c1c05f7d
Status: Downloaded newer image for nginx:latest
docker.io/library/nginx:latest
Starting container my-nginx
e12bc2ab3d51e24a5c4ccc3f5fc9f7e73f5a0a080f50f4e8bea4dbe96e9bc18a
2025-06-19 10:27:19 - Setup complete
2025-06-19 11:21:34 - Starting setup
Docker already installed
Creating disk file docker_data/disk.img
Pulling Docker image nginx:latest
latest: Pulling from library/nginx
dad67da3f26b: Pulling fs layer
3b00567da964: Pulling fs layer
56b81cfa547d: Pulling fs layer
1bc5dc8b475d: Pulling fs layer
979e6233a40a: Pulling fs layer
d2a7ba8dbfee: Pulling fs layer
32e44235e1d5: Pulling fs layer
979e6233a40a: Waiting
d2a7ba8dbfee: Waiting
32e44235e1d5: Waiting
1bc5dc8b475d: Waiting
56b81cfa547d: Verifying Checksum
56b81cfa547d: Download complete
dad67da3f26b: Verifying Checksum
dad67da3f26b: Download complete
1bc5dc8b475d: Verifying Checksum
1bc5dc8b475d: Download complete
3b00567da964: Verifying Checksum
3b00567da964: Download complete
979e6233a40a: Verifying Checksum
979e6233a40a: Download complete
d2a7ba8dbfee: Verifying Checksum
d2a7ba8dbfee: Download complete
32e44235e1d5: Verifying Checksum
32e44235e1d5: Download complete
dad67da3f26b: Pull complete
3b00567da964: Pull complete
56b81cfa547d: Pull complete
1bc5dc8b475d: Pull complete
979e6233a40a: Pull complete
d2a7ba8dbfee: Pull complete
32e44235e1d5: Pull complete
Digest: sha256:6784fb0834aa7dbbe12e3d7471e69c290df3e6ba810dc38b34ae33d3c1c05f7d
Status: Downloaded newer image for nginx:latest
docker.io/library/nginx:latest
Starting container my-nginx
0e19b9d4e1d52971fc9edc53f1592d6f0bdb869e5755ad841e99a0b3ff201b0d
2025-06-19 11:21:39 - Setup complete
2025-06-19 12:52:22 - Starting setup
Docker already installed
Creating disk file docker_data/disk.img
Pulling Docker image nginx:latest
latest: Pulling from library/nginx
dad67da3f26b: Pulling fs layer
3b00567da964: Pulling fs layer
56b81cfa547d: Pulling fs layer
1bc5dc8b475d: Pulling fs layer
979e6233a40a: Pulling fs layer
d2a7ba8dbfee: Pulling fs layer
32e44235e1d5: Pulling fs layer
1bc5dc8b475d: Waiting
979e6233a40a: Waiting
d2a7ba8dbfee: Waiting
32e44235e1d5: Waiting
56b81cfa547d: Verifying Checksum
56b81cfa547d: Download complete
1bc5dc8b475d: Verifying Checksum
1bc5dc8b475d: Download complete
dad67da3f26b: Verifying Checksum
dad67da3f26b: Download complete
979e6233a40a: Verifying Checksum
979e6233a40a: Download complete
d2a7ba8dbfee: Verifying Checksum
d2a7ba8dbfee: Download complete
32e44235e1d5: Download complete
3b00567da964: Verifying Checksum
3b00567da964: Download complete
dad67da3f26b: Pull complete
3b00567da964: Pull complete
56b81cfa547d: Pull complete
1bc5dc8b475d: Pull complete
979e6233a40a: Pull complete
d2a7ba8dbfee: Pull complete
32e44235e1d5: Pull complete
Digest: sha256:6784fb0834aa7dbbe12e3d7471e69c290df3e6ba810dc38b34ae33d3c1c05f7d
Status: Downloaded newer image for nginx:latest
docker.io/library/nginx:latest
Starting container my-nginx
d3e0ba12b655c7d4bd174a8a15b6356b48f1dafe832364740ce6bc9313261510
2025-06-19 12:52:26 - Setup complete
2025-06-19 13:35:49 - Starting setup
Docker already installed
Creating disk file docker_data/disk.img
Pulling Docker image nginx:latest
latest: Pulling from library/nginx
dad67da3f26b: Pulling fs layer
3b00567da964: Pulling fs layer
56b81cfa547d: Pulling fs layer
1bc5dc8b475d: Pulling fs layer
979e6233a40a: Pulling fs layer
d2a7ba8dbfee: Pulling fs layer
32e44235e1d5: Pulling fs layer
979e6233a40a: Waiting
1bc5dc8b475d: Waiting
32e44235e1d5: Waiting
56b81cfa547d: Verifying Checksum
56b81cfa547d: Download complete
dad67da3f26b: Verifying Checksum
dad67da3f26b: Download complete
1bc5dc8b475d: Download complete
979e6233a40a: Verifying Checksum
979e6233a40a: Download complete
d2a7ba8dbfee: Verifying Checksum
d2a7ba8dbfee: Download complete
3b00567da964: Verifying Checksum
3b00567da964: Download complete
32e44235e1d5: Download complete
dad67da3f26b: Pull complete
3b00567da964: Pull complete
56b81cfa547d: Pull complete
1bc5dc8b475d: Pull complete
979e6233a40a: Pull complete
d2a7ba8dbfee: Pull complete
32e44235e1d5: Pull complete
Digest: sha256:6784fb0834aa7dbbe12e3d7471e69c290df3e6ba810dc38b34ae33d3c1c05f7d
Status: Downloaded newer image for nginx:latest
docker.io/library/nginx:latest
Starting container my-nginx
90cfab72108aadeeef7c52b5fa72cabe6bb1541d8a39e2d391aaeb66b350cdbb
2025-06-19 13:35:54 - Setup complete
2025-06-19 14:24:34 - Starting setup
Docker already installed
Creating disk file docker_data/disk.img
Pulling Docker image nginx:latest
latest: Pulling from library/nginx
dad67da3f26b: Pulling fs layer
3b00567da964: Pulling fs layer
56b81cfa547d: Pulling fs layer
1bc5dc8b475d: Pulling fs layer
979e6233a40a: Pulling fs layer
d2a7ba8dbfee: Pulling fs layer
32e44235e1d5: Pulling fs layer
979e6233a40a: Waiting
d2a7ba8dbfee: Waiting
32e44235e1d5: Waiting
1bc5dc8b475d: Waiting
56b81cfa547d: Verifying Checksum
56b81cfa547d: Download complete
dad67da3f26b: Verifying Checksum
dad67da3f26b: Download complete
1bc5dc8b475d: Verifying Checksum
1bc5dc8b475d: Download complete
3b00567da964: Verifying Checksum
3b00567da964: Download complete
979e6233a40a: Verifying Checksum
979e6233a40a: Download complete
d2a7ba8dbfee: Verifying Checksum
d2a7ba8dbfee: Download complete
32e44235e1d5: Verifying Checksum
32e44235e1d5: Download complete
dad67da3f26b: Pull complete
3b00567da964: Pull complete
56b81cfa547d: Pull complete
1bc5dc8b475d: Pull complete
979e6233a40a: Pull complete
d2a7ba8dbfee: Pull complete
32e44235e1d5: Pull complete
Digest: sha256:6784fb0834aa7dbbe12e3d7471e69c290df3e6ba810dc38b34ae33d3c1c05f7d
Status: Downloaded newer image for nginx:latest
docker.io/library/nginx:latest
Starting container my-nginx
ac4b09e4c7c93570c4a32689c82bf119a4bffd230c8e20de4ca5caaa5f622bba
2025-06-19 14:24:39 - Setup complete
2025-06-19 15:26:52 - Starting setup
Docker already installed
Creating disk file docker_data/disk.img
Pulling Docker image nginx:latest
latest: Pulling from library/nginx
dad67da3f26b: Pulling fs layer
3b00567da964: Pulling fs layer
56b81cfa547d: Pulling fs layer
1bc5dc8b475d: Pulling fs layer
979e6233a40a: Pulling fs layer
d2a7ba8dbfee: Pulling fs layer
32e44235e1d5: Pulling fs layer
979e6233a40a: Waiting
d2a7ba8dbfee: Waiting
32e44235e1d5: Waiting
56b81cfa547d: Verifying Checksum
56b81cfa547d: Download complete
1bc5dc8b475d: Verifying Checksum
1bc5dc8b475d: Download complete
3b00567da964: Verifying Checksum
3b00567da964: Download complete
dad67da3f26b: Verifying Checksum
dad67da3f26b: Download complete
979e6233a40a: Verifying Checksum
979e6233a40a: Download complete
d2a7ba8dbfee: Verifying Checksum
d2a7ba8dbfee: Download complete
32e44235e1d5: Verifying Checksum
32e44235e1d5: Download complete
dad67da3f26b: Pull complete
3b00567da964: Pull complete
56b81cfa547d: Pull complete
1bc5dc8b475d: Pull complete
979e6233a40a: Pull complete
d2a7ba8dbfee: Pull complete
32e44235e1d5: Pull complete
Digest: sha256:6784fb0834aa7dbbe12e3d7471e69c290df3e6ba810dc38b34ae33d3c1c05f7d
Status: Downloaded newer image for nginx:latest
docker.io/library/nginx:latest
Starting container my-nginx
a1c1e2ad9092599fdebeae83fe9a8d0f3f4ae0d1fcd17bf34e9325f0f0d0a955
2025-06-19 15:26:57 - Setup complete
2025-06-19 16:31:24 - Starting setup
Docker already installed
Creating disk file docker_data/disk.img
Pulling Docker image nginx:latest
latest: Pulling from library/nginx
dad67da3f26b: Pulling fs layer
3b00567da964: Pulling fs layer
56b81cfa547d: Pulling fs layer
1bc5dc8b475d: Pulling fs layer
979e6233a40a: Pulling fs layer
d2a7ba8dbfee: Pulling fs layer
32e44235e1d5: Pulling fs layer
979e6233a40a: Waiting
d2a7ba8dbfee: Waiting
32e44235e1d5: Waiting
1bc5dc8b475d: Waiting
56b81cfa547d: Verifying Checksum
56b81cfa547d: Download complete
1bc5dc8b475d: Verifying Checksum
1bc5dc8b475d: Download complete
979e6233a40a: Verifying Checksum
979e6233a40a: Download complete
d2a7ba8dbfee: Verifying Checksum
d2a7ba8dbfee: Download complete
3b00567da964: Verifying Checksum
3b00567da964: Download complete
dad67da3f26b: Verifying Checksum
dad67da3f26b: Download complete
32e44235e1d5: Verifying Checksum
32e44235e1d5: Download complete
dad67da3f26b: Pull complete
3b00567da964: Pull complete
56b81cfa547d: Pull complete
1bc5dc8b475d: Pull complete
979e6233a40a: Pull complete
d2a7ba8dbfee: Pull complete
32e44235e1d5: Pull complete
Digest: sha256:6784fb0834aa7dbbe12e3d7471e69c290df3e6ba810dc38b34ae33d3c1c05f7d
Status: Downloaded newer image for nginx:latest
docker.io/library/nginx:latest
Starting container my-nginx
018db3663a997a9652a60ccc50d8344f4c5a46b380dda430c14f5ee131d7d6de
2025-06-19 16:31:27 - Setup complete
2025-06-19 17:23:38 - Starting setup
Docker already installed
Creating disk file docker_data/disk.img
Pulling Docker image nginx:latest
latest: Pulling from library/nginx
dad67da3f26b: Pulling fs layer
3b00567da964: Pulling fs layer
56b81cfa547d: Pulling fs layer
1bc5dc8b475d: Pulling fs layer
979e6233a40a: Pulling fs layer
d2a7ba8dbfee: Pulling fs layer
32e44235e1d5: Pulling fs layer
979e6233a40a: Waiting
d2a7ba8dbfee: Waiting
1bc5dc8b475d: Waiting
32e44235e1d5: Waiting
56b81cfa547d: Download complete
1bc5dc8b475d: Verifying Checksum
1bc5dc8b475d: Download complete
979e6233a40a: Verifying Checksum
979e6233a40a: Download complete
dad67da3f26b: Verifying Checksum
dad67da3f26b: Download complete
3b00567da964: Verifying Checksum
3b00567da964: Download complete
d2a7ba8dbfee: Verifying Checksum
d2a7ba8dbfee: Download complete
32e44235e1d5: Verifying Checksum
32e44235e1d5: Download complete
dad67da3f26b: Pull complete
3b00567da964: Pull complete
56b81cfa547d: Pull complete
1bc5dc8b475d: Pull complete
979e6233a40a: Pull complete
d2a7ba8dbfee: Pull complete
32e44235e1d5: Pull complete
Digest: sha256:6784fb0834aa7dbbe12e3d7471e69c290df3e6ba810dc38b34ae33d3c1c05f7d
Status: Downloaded newer image for nginx:latest
docker.io/library/nginx:latest
Starting container my-nginx
aec0575af89d73d734088d60e2fbdd945cdf504b187edf3cf03cad03ec09e5c1
2025-06-19 17:23:42 - Setup complete
2025-06-19 18:34:05 - Starting setup
Docker already installed
Creating disk file docker_data/disk.img
Pulling Docker image nginx:latest
latest: Pulling from library/nginx
dad67da3f26b: Pulling fs layer
3b00567da964: Pulling fs layer
56b81cfa547d: Pulling fs layer
1bc5dc8b475d: Pulling fs layer
979e6233a40a: Pulling fs layer
d2a7ba8dbfee: Pulling fs layer
32e44235e1d5: Pulling fs layer
979e6233a40a: Waiting
d2a7ba8dbfee: Waiting
32e44235e1d5: Waiting
1bc5dc8b475d: Waiting
56b81cfa547d: Verifying Checksum
56b81cfa547d: Download complete
1bc5dc8b475d: Verifying Checksum
1bc5dc8b475d: Download complete
979e6233a40a: Verifying Checksum
979e6233a40a: Download complete
d2a7ba8dbfee: Verifying Checksum
d2a7ba8dbfee: Download complete
dad67da3f26b: Verifying Checksum
dad67da3f26b: Download complete
32e44235e1d5: Verifying Checksum
32e44235e1d5: Download complete
3b00567da964: Verifying Checksum
3b00567da964: Download complete
dad67da3f26b: Pull complete
3b00567da964: Pull complete
56b81cfa547d: Pull complete
1bc5dc8b475d: Pull complete
979e6233a40a: Pull complete
d2a7ba8dbfee: Pull complete
32e44235e1d5: Pull complete
Digest: sha256:6784fb0834aa7dbbe12e3d7471e69c290df3e6ba810dc38b34ae33d3c1c05f7d
Status: Downloaded newer image for nginx:latest
docker.io/library/nginx:latest
Starting container my-nginx
cd9b9390c20297a65f293ccca4975445a5516286b04f87429ffe53d7b57ca7f0
2025-06-19 18:34:10 - Setup complete
2025-06-19 19:17:41 - Starting setup
Docker already installed
Creating disk file docker_data/disk.img
Pulling Docker image nginx:latest
latest: Pulling from library/nginx
dad67da3f26b: Pulling fs layer
3b00567da964: Pulling fs layer
56b81cfa547d: Pulling fs layer
1bc5dc8b475d: Pulling fs layer
979e6233a40a: Pulling fs layer
d2a7ba8dbfee: Pulling fs layer
32e44235e1d5: Pulling fs layer
979e6233a40a: Waiting
d2a7ba8dbfee: Waiting
32e44235e1d5: Waiting
1bc5dc8b475d: Waiting
56b81cfa547d: Verifying Checksum
56b81cfa547d: Download complete
1bc5dc8b475d: Verifying Checksum
1bc5dc8b475d: Download complete
979e6233a40a: Verifying Checksum
979e6233a40a: Download complete
dad67da3f26b: Verifying Checksum
dad67da3f26b: Download complete
3b00567da964: Verifying Checksum
3b00567da964: Download complete
d2a7ba8dbfee: Verifying Checksum
d2a7ba8dbfee: Download complete
32e44235e1d5: Verifying Checksum
32e44235e1d5: Download complete
dad67da3f26b: Pull complete
3b00567da964: Pull complete
56b81cfa547d: Pull complete
1bc5dc8b475d: Pull complete
979e6233a40a: Pull complete
d2a7ba8dbfee: Pull complete
32e44235e1d5: Pull complete
Digest: sha256:6784fb0834aa7dbbe12e3d7471e69c290df3e6ba810dc38b34ae33d3c1c05f7d
Status: Downloaded newer image for nginx:latest
docker.io/library/nginx:latest
Starting container my-nginx
31afa72a594fa6aef68d9f5cee4b5f62e9eddac3c72d90406076c96986cf96b1
2025-06-19 19:17:46 - Setup complete
2025-06-19 20:28:34 - Starting setup
Docker already installed
Creating disk file docker_data/disk.img
Pulling Docker image nginx:latest
latest: Pulling from library/nginx
dad67da3f26b: Pulling fs layer
3b00567da964: Pulling fs layer
56b81cfa547d: Pulling fs layer
1bc5dc8b475d: Pulling fs layer
979e6233a40a: Pulling fs layer
d2a7ba8dbfee: Pulling fs layer
32e44235e1d5: Pulling fs layer
1bc5dc8b475d: Waiting
979e6233a40a: Waiting
d2a7ba8dbfee: Waiting
32e44235e1d5: Waiting
56b81cfa547d: Verifying Checksum
56b81cfa547d: Download complete
1bc5dc8b475d: Verifying Checksum
1bc5dc8b475d: Download complete
dad67da3f26b: Verifying Checksum
dad67da3f26b: Download complete
3b00567da964: Verifying Checksum
3b00567da964: Download complete
d2a7ba8dbfee: Verifying Checksum
d2a7ba8dbfee: Download complete
979e6233a40a: Verifying Checksum
979e6233a40a: Download complete
32e44235e1d5: Verifying Checksum
32e44235e1d5: Download complete
dad67da3f26b: Pull complete
3b00567da964: Pull complete
56b81cfa547d: Pull complete
1bc5dc8b475d: Pull complete
979e6233a40a: Pull complete
d2a7ba8dbfee: Pull complete
32e44235e1d5: Pull complete
Digest: sha256:6784fb0834aa7dbbe12e3d7471e69c290df3e6ba810dc38b34ae33d3c1c05f7d
Status: Downloaded newer image for nginx:latest
docker.io/library/nginx:latest
Starting container my-nginx
47d67591c9f4e2c726aa0be97aa5f5a50ca99419f6c2b46a8b2670b643c6b083
2025-06-19 20:28:39 - Setup complete
2025-06-19 21:22:51 - Starting setup
Docker already installed
Creating disk file docker_data/disk.img
Pulling Docker image nginx:latest
latest: Pulling from library/nginx
dad67da3f26b: Pulling fs layer
3b00567da964: Pulling fs layer
56b81cfa547d: Pulling fs layer
1bc5dc8b475d: Pulling fs layer
979e6233a40a: Pulling fs layer
d2a7ba8dbfee: Pulling fs layer
32e44235e1d5: Pulling fs layer
979e6233a40a: Waiting
d2a7ba8dbfee: Waiting
1bc5dc8b475d: Waiting
32e44235e1d5: Waiting
56b81cfa547d: Verifying Checksum
56b81cfa547d: Download complete
dad67da3f26b: Verifying Checksum
dad67da3f26b: Download complete
1bc5dc8b475d: Verifying Checksum
1bc5dc8b475d: Download complete
3b00567da964: Verifying Checksum
3b00567da964: Download complete
979e6233a40a: Download complete
d2a7ba8dbfee: Verifying Checksum
d2a7ba8dbfee: Download complete
32e44235e1d5: Verifying Checksum
32e44235e1d5: Download complete
dad67da3f26b: Pull complete
3b00567da964: Pull complete
56b81cfa547d: Pull complete
1bc5dc8b475d: Pull complete
979e6233a40a: Pull complete
d2a7ba8dbfee: Pull complete
32e44235e1d5: Pull complete
Digest: sha256:6784fb0834aa7dbbe12e3d7471e69c290df3e6ba810dc38b34ae33d3c1c05f7d
Status: Downloaded newer image for nginx:latest
docker.io/library/nginx:latest
Starting container my-nginx
15bbb4cba7c713378306502e08fe05dee3bb770d3a246b4f4126f3f023078463
2025-06-19 21:22:56 - Setup complete
2025-06-19 22:23:34 - Starting setup
Docker already installed
Creating disk file docker_data/disk.img
Pulling Docker image nginx:latest
latest: Pulling from library/nginx
dad67da3f26b: Pulling fs layer
3b00567da964: Pulling fs layer
56b81cfa547d: Pulling fs layer
1bc5dc8b475d: Pulling fs layer
979e6233a40a: Pulling fs layer
d2a7ba8dbfee: Pulling fs layer
32e44235e1d5: Pulling fs layer
979e6233a40a: Waiting
d2a7ba8dbfee: Waiting
32e44235e1d5: Waiting
1bc5dc8b475d: Waiting
56b81cfa547d: Verifying Checksum
56b81cfa547d: Download complete
dad67da3f26b: Verifying Checksum
dad67da3f26b: Download complete
1bc5dc8b475d: Verifying Checksum
1bc5dc8b475d: Download complete
979e6233a40a: Verifying Checksum
979e6233a40a: Download complete
d2a7ba8dbfee: Verifying Checksum
d2a7ba8dbfee: Download complete
3b00567da964: Verifying Checksum
3b00567da964: Download complete
32e44235e1d5: Verifying Checksum
32e44235e1d5: Download complete
dad67da3f26b: Pull complete
3b00567da964: Pull complete
56b81cfa547d: Pull complete
1bc5dc8b475d: Pull complete
979e6233a40a: Pull complete
d2a7ba8dbfee: Pull complete
32e44235e1d5: Pull complete
Digest: sha256:6784fb0834aa7dbbe12e3d7471e69c290df3e6ba810dc38b34ae33d3c1c05f7d
Status: Downloaded newer image for nginx:latest
docker.io/library/nginx:latest
Starting container my-nginx
8de57f02f9165fd8f2bf8bad14d75f87b44aa65835790bcedd9264130136a9d0
2025-06-19 22:23:39 - Setup complete
2025-06-19 23:24:13 - Starting setup
Docker already installed
Creating disk file docker_data/disk.img
Pulling Docker image nginx:latest
latest: Pulling from library/nginx
dad67da3f26b: Pulling fs layer
3b00567da964: Pulling fs layer
56b81cfa547d: Pulling fs layer
1bc5dc8b475d: Pulling fs layer
979e6233a40a: Pulling fs layer
d2a7ba8dbfee: Pulling fs layer
32e44235e1d5: Pulling fs layer
979e6233a40a: Waiting
1bc5dc8b475d: Waiting
d2a7ba8dbfee: Waiting
32e44235e1d5: Waiting
56b81cfa547d: Verifying Checksum
56b81cfa547d: Download complete
1bc5dc8b475d: Verifying Checksum
1bc5dc8b475d: Download complete
dad67da3f26b: Verifying Checksum
dad67da3f26b: Download complete
979e6233a40a: Download complete
3b00567da964: Verifying Checksum
3b00567da964: Download complete
d2a7ba8dbfee: Verifying Checksum
d2a7ba8dbfee: Download complete
32e44235e1d5: Verifying Checksum
32e44235e1d5: Download complete
dad67da3f26b: Pull complete
3b00567da964: Pull complete
56b81cfa547d: Pull complete
1bc5dc8b475d: Pull complete
979e6233a40a: Pull complete
d2a7ba8dbfee: Pull complete
32e44235e1d5: Pull complete
Digest: sha256:6784fb0834aa7dbbe12e3d7471e69c290df3e6ba810dc38b34ae33d3c1c05f7d
Status: Downloaded newer image for nginx:latest
docker.io/library/nginx:latest
Starting container my-nginx
160136eadc9f78aba76f189c9277b474d0af27e7f6d0c1ec55f19f5a874c3e3c
2025-06-19 23:24:17 - Setup complete
2025-06-20 02:03:18 - Starting setup
Docker already installed
Creating disk file docker_data/disk.img
Pulling Docker image nginx:latest
latest: Pulling from library/nginx
dad67da3f26b: Pulling fs layer
3b00567da964: Pulling fs layer
56b81cfa547d: Pulling fs layer
1bc5dc8b475d: Pulling fs layer
979e6233a40a: Pulling fs layer
d2a7ba8dbfee: Pulling fs layer
32e44235e1d5: Pulling fs layer
1bc5dc8b475d: Waiting
979e6233a40a: Waiting
d2a7ba8dbfee: Waiting
32e44235e1d5: Waiting
56b81cfa547d: Download complete
1bc5dc8b475d: Verifying Checksum
1bc5dc8b475d: Download complete
979e6233a40a: Verifying Checksum
979e6233a40a: Download complete
dad67da3f26b: Verifying Checksum
dad67da3f26b: Download complete
d2a7ba8dbfee: Download complete
32e44235e1d5: Verifying Checksum
32e44235e1d5: Download complete
3b00567da964: Verifying Checksum
3b00567da964: Download complete
dad67da3f26b: Pull complete
3b00567da964: Pull complete
56b81cfa547d: Pull complete
1bc5dc8b475d: Pull complete
979e6233a40a: Pull complete
d2a7ba8dbfee: Pull complete
32e44235e1d5: Pull complete
Digest: sha256:6784fb0834aa7dbbe12e3d7471e69c290df3e6ba810dc38b34ae33d3c1c05f7d
Status: Downloaded newer image for nginx:latest
docker.io/library/nginx:latest
Starting container my-nginx
5c3ee4a5e90c4712d113234fc3f1cc654d0b5e245bc46ffdf897fe40aa1ade96
2025-06-20 02:03:22 - Setup complete
2025-06-20 03:49:29 - Starting setup
Docker already installed
Creating disk file docker_data/disk.img
Pulling Docker image nginx:latest
latest: Pulling from library/nginx
dad67da3f26b: Pulling fs layer
3b00567da964: Pulling fs layer
56b81cfa547d: Pulling fs layer
1bc5dc8b475d: Pulling fs layer
979e6233a40a: Pulling fs layer
d2a7ba8dbfee: Pulling fs layer
32e44235e1d5: Pulling fs layer
d2a7ba8dbfee: Waiting
1bc5dc8b475d: Waiting
979e6233a40a: Waiting
32e44235e1d5: Waiting
56b81cfa547d: Verifying Checksum
56b81cfa547d: Download complete
dad67da3f26b: Verifying Checksum
dad67da3f26b: Download complete
1bc5dc8b475d: Download complete
3b00567da964: Verifying Checksum
3b00567da964: Download complete
979e6233a40a: Verifying Checksum
979e6233a40a: Download complete
d2a7ba8dbfee: Verifying Checksum
d2a7ba8dbfee: Download complete
32e44235e1d5: Download complete
dad67da3f26b: Pull complete
3b00567da964: Pull complete
56b81cfa547d: Pull complete
1bc5dc8b475d: Pull complete
979e6233a40a: Pull complete
d2a7ba8dbfee: Pull complete
32e44235e1d5: Pull complete
Digest: sha256:6784fb0834aa7dbbe12e3d7471e69c290df3e6ba810dc38b34ae33d3c1c05f7d
Status: Downloaded newer image for nginx:latest
docker.io/library/nginx:latest
Starting container my-nginx
6ffdf445826b5fbb0ba735bb892d93f31c9dc96b3ddd44da068ee8962d0d8505
2025-06-20 03:49:34 - Setup complete
2025-06-20 04:32:44 - Starting setup
Docker already installed
Creating disk file docker_data/disk.img
Pulling Docker image nginx:latest
latest: Pulling from library/nginx
dad67da3f26b: Pulling fs layer
3b00567da964: Pulling fs layer
56b81cfa547d: Pulling fs layer
1bc5dc8b475d: Pulling fs layer
979e6233a40a: Pulling fs layer
d2a7ba8dbfee: Pulling fs layer
32e44235e1d5: Pulling fs layer
1bc5dc8b475d: Waiting
979e6233a40a: Waiting
d2a7ba8dbfee: Waiting
32e44235e1d5: Waiting
56b81cfa547d: Verifying Checksum
56b81cfa547d: Download complete
1bc5dc8b475d: Download complete
dad67da3f26b: Verifying Checksum
dad67da3f26b: Download complete
3b00567da964: Verifying Checksum
3b00567da964: Download complete
979e6233a40a: Verifying Checksum
979e6233a40a: Download complete
d2a7ba8dbfee: Verifying Checksum
d2a7ba8dbfee: Download complete
32e44235e1d5: Verifying Checksum
32e44235e1d5: Download complete
dad67da3f26b: Pull complete
3b00567da964: Pull complete
56b81cfa547d: Pull complete
1bc5dc8b475d: Pull complete
979e6233a40a: Pull complete
d2a7ba8dbfee: Pull complete
32e44235e1d5: Pull complete
Digest: sha256:6784fb0834aa7dbbe12e3d7471e69c290df3e6ba810dc38b34ae33d3c1c05f7d
Status: Downloaded newer image for nginx:latest
docker.io/library/nginx:latest
Starting container my-nginx
e714807dfa6bee122d78a5e35670b3684831b7adab7b63dcb4e1d435298b71e0
2025-06-20 04:32:48 - Setup complete
2025-06-20 05:25:32 - Starting setup
Docker already installed
Creating disk file docker_data/disk.img
Pulling Docker image nginx:latest
latest: Pulling from library/nginx
dad67da3f26b: Pulling fs layer
3b00567da964: Pulling fs layer
56b81cfa547d: Pulling fs layer
1bc5dc8b475d: Pulling fs layer
979e6233a40a: Pulling fs layer
d2a7ba8dbfee: Pulling fs layer
32e44235e1d5: Pulling fs layer
d2a7ba8dbfee: Waiting
1bc5dc8b475d: Waiting
979e6233a40a: Waiting
32e44235e1d5: Waiting
56b81cfa547d: Verifying Checksum
56b81cfa547d: Download complete
1bc5dc8b475d: Verifying Checksum
1bc5dc8b475d: Download complete
dad67da3f26b: Verifying Checksum
dad67da3f26b: Download complete
3b00567da964: Verifying Checksum
3b00567da964: Download complete
979e6233a40a: Verifying Checksum
979e6233a40a: Download complete
d2a7ba8dbfee: Verifying Checksum
d2a7ba8dbfee: Download complete
32e44235e1d5: Verifying Checksum
32e44235e1d5: Download complete
dad67da3f26b: Pull complete
3b00567da964: Pull complete
56b81cfa547d: Pull complete
1bc5dc8b475d: Pull complete
979e6233a40a: Pull complete
d2a7ba8dbfee: Pull complete
32e44235e1d5: Pull complete
Digest: sha256:6784fb0834aa7dbbe12e3d7471e69c290df3e6ba810dc38b34ae33d3c1c05f7d
Status: Downloaded newer image for nginx:latest
docker.io/library/nginx:latest
Starting container my-nginx
957d1b883d0a987c25671551aa6c7e5c5ae4e738a62afb2d7d97abd33bc07f05
2025-06-20 05:25:36 - Setup complete
2025-06-20 06:36:09 - Starting setup
Docker already installed
Creating disk file docker_data/disk.img
Pulling Docker image nginx:latest
latest: Pulling from library/nginx
dad67da3f26b: Pulling fs layer
3b00567da964: Pulling fs layer
56b81cfa547d: Pulling fs layer
1bc5dc8b475d: Pulling fs layer
979e6233a40a: Pulling fs layer
d2a7ba8dbfee: Pulling fs layer
32e44235e1d5: Pulling fs layer
d2a7ba8dbfee: Waiting
1bc5dc8b475d: Waiting
979e6233a40a: Waiting
32e44235e1d5: Waiting
56b81cfa547d: Verifying Checksum
56b81cfa547d: Download complete
1bc5dc8b475d: Verifying Checksum
1bc5dc8b475d: Download complete
dad67da3f26b: Verifying Checksum
dad67da3f26b: Download complete
3b00567da964: Verifying Checksum
3b00567da964: Download complete
d2a7ba8dbfee: Verifying Checksum
d2a7ba8dbfee: Download complete
979e6233a40a: Verifying Checksum
979e6233a40a: Download complete
32e44235e1d5: Verifying Checksum
32e44235e1d5: Download complete
dad67da3f26b: Pull complete
3b00567da964: Pull complete
56b81cfa547d: Pull complete
1bc5dc8b475d: Pull complete
979e6233a40a: Pull complete
d2a7ba8dbfee: Pull complete
32e44235e1d5: Pull complete
Digest: sha256:6784fb0834aa7dbbe12e3d7471e69c290df3e6ba810dc38b34ae33d3c1c05f7d
Status: Downloaded newer image for nginx:latest
docker.io/library/nginx:latest
Starting container my-nginx
91e79eef98ced4f3984a374af1626f34ad7b4af1fa9ee8907f9b114655d48519
2025-06-20 06:36:13 - Setup complete
2025-06-20 07:24:06 - Starting setup
Docker already installed
Creating disk file docker_data/disk.img
Pulling Docker image nginx:latest
latest: Pulling from library/nginx
dad67da3f26b: Pulling fs layer
3b00567da964: Pulling fs layer
56b81cfa547d: Pulling fs layer
1bc5dc8b475d: Pulling fs layer
979e6233a40a: Pulling fs layer
d2a7ba8dbfee: Pulling fs layer
32e44235e1d5: Pulling fs layer
979e6233a40a: Waiting
d2a7ba8dbfee: Waiting
32e44235e1d5: Waiting
1bc5dc8b475d: Waiting
56b81cfa547d: Download complete
dad67da3f26b: Download complete
1bc5dc8b475d: Verifying Checksum
1bc5dc8b475d: Download complete
3b00567da964: Verifying Checksum
3b00567da964: Download complete
979e6233a40a: Verifying Checksum
979e6233a40a: Download complete
d2a7ba8dbfee: Verifying Checksum
d2a7ba8dbfee: Download complete
32e44235e1d5: Verifying Checksum
32e44235e1d5: Download complete
dad67da3f26b: Pull complete
3b00567da964: Pull complete
56b81cfa547d: Pull complete
1bc5dc8b475d: Pull complete
979e6233a40a: Pull complete
d2a7ba8dbfee: Pull complete
32e44235e1d5: Pull complete
Digest: sha256:6784fb0834aa7dbbe12e3d7471e69c290df3e6ba810dc38b34ae33d3c1c05f7d
Status: Downloaded newer image for nginx:latest
docker.io/library/nginx:latest
Starting container my-nginx
fe47d16b9dfba34843adbd1586e32b2ae96346fa916a372c46087c61a8f3a546
2025-06-20 07:24:10 - Setup complete
2025-06-20 08:33:06 - Starting setup
Docker already installed
Creating disk file docker_data/disk.img
Pulling Docker image nginx:latest
latest: Pulling from library/nginx
dad67da3f26b: Pulling fs layer
3b00567da964: Pulling fs layer
56b81cfa547d: Pulling fs layer
1bc5dc8b475d: Pulling fs layer
979e6233a40a: Pulling fs layer
d2a7ba8dbfee: Pulling fs layer
32e44235e1d5: Pulling fs layer
1bc5dc8b475d: Waiting
979e6233a40a: Waiting
d2a7ba8dbfee: Waiting
32e44235e1d5: Waiting
56b81cfa547d: Verifying Checksum
56b81cfa547d: Download complete
dad67da3f26b: Verifying Checksum
dad67da3f26b: Download complete
1bc5dc8b475d: Verifying Checksum
1bc5dc8b475d: Download complete
3b00567da964: Verifying Checksum
3b00567da964: Download complete
979e6233a40a: Verifying Checksum
979e6233a40a: Download complete
d2a7ba8dbfee: Verifying Checksum
d2a7ba8dbfee: Download complete
32e44235e1d5: Verifying Checksum
32e44235e1d5: Download complete
dad67da3f26b: Pull complete
3b00567da964: Pull complete
56b81cfa547d: Pull complete
1bc5dc8b475d: Pull complete
979e6233a40a: Pull complete
d2a7ba8dbfee: Pull complete
32e44235e1d5: Pull complete
Digest: sha256:6784fb0834aa7dbbe12e3d7471e69c290df3e6ba810dc38b34ae33d3c1c05f7d
Status: Downloaded newer image for nginx:latest
docker.io/library/nginx:latest
Starting container my-nginx
398b836c96c5effe2b0c8cd182af0022dc5fe929a34352a46e0c67ddc297e422
2025-06-20 08:33:10 - Setup complete
2025-06-20 09:26:45 - Starting setup
Docker already installed
Creating disk file docker_data/disk.img
Pulling Docker image nginx:latest
latest: Pulling from library/nginx
dad67da3f26b: Pulling fs layer
3b00567da964: Pulling fs layer
56b81cfa547d: Pulling fs layer
1bc5dc8b475d: Pulling fs layer
979e6233a40a: Pulling fs layer
d2a7ba8dbfee: Pulling fs layer
32e44235e1d5: Pulling fs layer
979e6233a40a: Waiting
d2a7ba8dbfee: Waiting
32e44235e1d5: Waiting
1bc5dc8b475d: Waiting
56b81cfa547d: Download complete
1bc5dc8b475d: Verifying Checksum
1bc5dc8b475d: Download complete
dad67da3f26b: Verifying Checksum
dad67da3f26b: Download complete
979e6233a40a: Verifying Checksum
979e6233a40a: Download complete
d2a7ba8dbfee: Verifying Checksum
d2a7ba8dbfee: Download complete
32e44235e1d5: Verifying Checksum
32e44235e1d5: Download complete
3b00567da964: Download complete
dad67da3f26b: Pull complete
3b00567da964: Pull complete
56b81cfa547d: Pull complete
1bc5dc8b475d: Pull complete
979e6233a40a: Pull complete
d2a7ba8dbfee: Pull complete
32e44235e1d5: Pull complete
Digest: sha256:6784fb0834aa7dbbe12e3d7471e69c290df3e6ba810dc38b34ae33d3c1c05f7d
Status: Downloaded newer image for nginx:latest
docker.io/library/nginx:latest
Starting container my-nginx
e1116d511559a2e7d528f501aed0051a6becadc1988eb62efad755e1a6326bc9
2025-06-20 09:26:48 - Setup complete
2025-06-20 10:27:12 - Starting setup
Docker already installed
Creating disk file docker_data/disk.img
Pulling Docker image nginx:latest
latest: Pulling from library/nginx
dad67da3f26b: Pulling fs layer
3b00567da964: Pulling fs layer
56b81cfa547d: Pulling fs layer
1bc5dc8b475d: Pulling fs layer
979e6233a40a: Pulling fs layer
d2a7ba8dbfee: Pulling fs layer
32e44235e1d5: Pulling fs layer
d2a7ba8dbfee: Waiting
1bc5dc8b475d: Waiting
979e6233a40a: Waiting
32e44235e1d5: Waiting
56b81cfa547d: Verifying Checksum
56b81cfa547d: Download complete
dad67da3f26b: Verifying Checksum
dad67da3f26b: Download complete
1bc5dc8b475d: Verifying Checksum
1bc5dc8b475d: Download complete
3b00567da964: Download complete
979e6233a40a: Verifying Checksum
979e6233a40a: Download complete
d2a7ba8dbfee: Download complete
32e44235e1d5: Download complete
dad67da3f26b: Pull complete
3b00567da964: Pull complete
56b81cfa547d: Pull complete
1bc5dc8b475d: Pull complete
979e6233a40a: Pull complete
d2a7ba8dbfee: Pull complete
32e44235e1d5: Pull complete
Digest: sha256:6784fb0834aa7dbbe12e3d7471e69c290df3e6ba810dc38b34ae33d3c1c05f7d
Status: Downloaded newer image for nginx:latest
docker.io/library/nginx:latest
Starting container my-nginx
21233fb633fb9caf593e609c4652eec72149c862f5920a05430d1301a8666559
2025-06-20 10:27:16 - Setup complete
2025-06-20 11:21:15 - Starting setup
Docker already installed
Creating disk file docker_data/disk.img
Pulling Docker image nginx:latest
latest: Pulling from library/nginx
dad67da3f26b: Pulling fs layer
3b00567da964: Pulling fs layer
56b81cfa547d: Pulling fs layer
1bc5dc8b475d: Pulling fs layer
979e6233a40a: Pulling fs layer
d2a7ba8dbfee: Pulling fs layer
32e44235e1d5: Pulling fs layer
979e6233a40a: Waiting
d2a7ba8dbfee: Waiting
32e44235e1d5: Waiting
1bc5dc8b475d: Waiting
56b81cfa547d: Verifying Checksum
56b81cfa547d: Download complete
1bc5dc8b475d: Download complete
dad67da3f26b: Verifying Checksum
dad67da3f26b: Download complete
979e6233a40a: Verifying Checksum
979e6233a40a: Download complete
3b00567da964: Verifying Checksum
3b00567da964: Download complete
d2a7ba8dbfee: Verifying Checksum
d2a7ba8dbfee: Download complete
32e44235e1d5: Verifying Checksum
32e44235e1d5: Download complete
dad67da3f26b: Pull complete
3b00567da964: Pull complete
56b81cfa547d: Pull complete
1bc5dc8b475d: Pull complete
979e6233a40a: Pull complete
d2a7ba8dbfee: Pull complete
32e44235e1d5: Pull complete
Digest: sha256:6784fb0834aa7dbbe12e3d7471e69c290df3e6ba810dc38b34ae33d3c1c05f7d
Status: Downloaded newer image for nginx:latest
docker.io/library/nginx:latest
Starting container my-nginx
8b3bca22134cb4611199d3d9daa7b832079075074fb4885ef97127479c5ff757
2025-06-20 11:21:19 - Setup complete
2025-06-20 12:51:57 - Starting setup
Docker already installed
Creating disk file docker_data/disk.img
Pulling Docker image nginx:latest
latest: Pulling from library/nginx
dad67da3f26b: Pulling fs layer
3b00567da964: Pulling fs layer
56b81cfa547d: Pulling fs layer
1bc5dc8b475d: Pulling fs layer
979e6233a40a: Pulling fs layer
d2a7ba8dbfee: Pulling fs layer
32e44235e1d5: Pulling fs layer
979e6233a40a: Waiting
d2a7ba8dbfee: Waiting
32e44235e1d5: Waiting
1bc5dc8b475d: Waiting
56b81cfa547d: Verifying Checksum
56b81cfa547d: Download complete
dad67da3f26b: Verifying Checksum
dad67da3f26b: Download complete
3b00567da964: Verifying Checksum
3b00567da964: Download complete
1bc5dc8b475d: Download complete
979e6233a40a: Verifying Checksum
979e6233a40a: Download complete
d2a7ba8dbfee: Verifying Checksum
d2a7ba8dbfee: Download complete
32e44235e1d5: Verifying Checksum
32e44235e1d5: Download complete
dad67da3f26b: Pull complete
3b00567da964: Pull complete
56b81cfa547d: Pull complete
1bc5dc8b475d: Pull complete
979e6233a40a: Pull complete
d2a7ba8dbfee: Pull complete
32e44235e1d5: Pull complete
Digest: sha256:6784fb0834aa7dbbe12e3d7471e69c290df3e6ba810dc38b34ae33d3c1c05f7d
Status: Downloaded newer image for nginx:latest
docker.io/library/nginx:latest
Starting container my-nginx
8de171f335362fdb95c3cf09a3e4cb7c18a3411bcd33784b8c5971f8c9801d62
2025-06-20 12:52:01 - Setup complete
2025-06-20 13:35:06 - Starting setup
Docker already installed
Creating disk file docker_data/disk.img
Pulling Docker image nginx:latest
latest: Pulling from library/nginx
dad67da3f26b: Pulling fs layer
3b00567da964: Pulling fs layer
56b81cfa547d: Pulling fs layer
1bc5dc8b475d: Pulling fs layer
979e6233a40a: Pulling fs layer
d2a7ba8dbfee: Pulling fs layer
32e44235e1d5: Pulling fs layer
1bc5dc8b475d: Waiting
979e6233a40a: Waiting
d2a7ba8dbfee: Waiting
32e44235e1d5: Waiting
56b81cfa547d: Download complete
1bc5dc8b475d: Download complete
979e6233a40a: Verifying Checksum
979e6233a40a: Download complete
dad67da3f26b: Verifying Checksum
dad67da3f26b: Download complete
d2a7ba8dbfee: Verifying Checksum
d2a7ba8dbfee: Download complete
32e44235e1d5: Download complete
3b00567da964: Verifying Checksum
3b00567da964: Download complete
dad67da3f26b: Pull complete
3b00567da964: Pull complete
56b81cfa547d: Pull complete
1bc5dc8b475d: Pull complete
979e6233a40a: Pull complete
d2a7ba8dbfee: Pull complete
32e44235e1d5: Pull complete
Digest: sha256:6784fb0834aa7dbbe12e3d7471e69c290df3e6ba810dc38b34ae33d3c1c05f7d
Status: Downloaded newer image for nginx:latest
docker.io/library/nginx:latest
Starting container my-nginx
8c5972161a69fe8ea1c7615efa1b60ee84050b1c9834a4e15836798979734a7e
2025-06-20 13:35:09 - Setup complete
2025-06-20 14:24:10 - Starting setup
Docker already installed
Creating disk file docker_data/disk.img
Pulling Docker image nginx:latest
latest: Pulling from library/nginx
dad67da3f26b: Pulling fs layer
3b00567da964: Pulling fs layer
56b81cfa547d: Pulling fs layer
1bc5dc8b475d: Pulling fs layer
979e6233a40a: Pulling fs layer
d2a7ba8dbfee: Pulling fs layer
32e44235e1d5: Pulling fs layer
979e6233a40a: Waiting
d2a7ba8dbfee: Waiting
32e44235e1d5: Waiting
1bc5dc8b475d: Waiting
56b81cfa547d: Verifying Checksum
56b81cfa547d: Download complete
1bc5dc8b475d: Verifying Checksum
1bc5dc8b475d: Download complete
979e6233a40a: Verifying Checksum
979e6233a40a: Download complete
dad67da3f26b: Download complete
d2a7ba8dbfee: Verifying Checksum
d2a7ba8dbfee: Download complete
32e44235e1d5: Verifying Checksum
32e44235e1d5: Download complete
3b00567da964: Verifying Checksum
3b00567da964: Download complete
dad67da3f26b: Pull complete
3b00567da964: Pull complete
56b81cfa547d: Pull complete
1bc5dc8b475d: Pull complete
979e6233a40a: Pull complete
d2a7ba8dbfee: Pull complete
32e44235e1d5: Pull complete
Digest: sha256:6784fb0834aa7dbbe12e3d7471e69c290df3e6ba810dc38b34ae33d3c1c05f7d
Status: Downloaded newer image for nginx:latest
docker.io/library/nginx:latest
Starting container my-nginx
8409361a708e4ca9be01a9822aaa3c23d7818f6ccd7c76e82e1e9e9301d6da85
2025-06-20 14:24:13 - Setup complete
2025-06-20 15:26:08 - Starting setup
Docker already installed
Creating disk file docker_data/disk.img
Pulling Docker image nginx:latest
latest: Pulling from library/nginx
dad67da3f26b: Pulling fs layer
3b00567da964: Pulling fs layer
56b81cfa547d: Pulling fs layer
1bc5dc8b475d: Pulling fs layer
979e6233a40a: Pulling fs layer
d2a7ba8dbfee: Pulling fs layer
32e44235e1d5: Pulling fs layer
1bc5dc8b475d: Waiting
979e6233a40a: Waiting
d2a7ba8dbfee: Waiting
32e44235e1d5: Waiting
56b81cfa547d: Download complete
1bc5dc8b475d: Verifying Checksum
1bc5dc8b475d: Download complete
979e6233a40a: Download complete
dad67da3f26b: Verifying Checksum
dad67da3f26b: Download complete
3b00567da964: Verifying Checksum
3b00567da964: Download complete
d2a7ba8dbfee: Verifying Checksum
d2a7ba8dbfee: Download complete
32e44235e1d5: Verifying Checksum
32e44235e1d5: Download complete
dad67da3f26b: Pull complete
3b00567da964: Pull complete
56b81cfa547d: Pull complete
1bc5dc8b475d: Pull complete
979e6233a40a: Pull complete
d2a7ba8dbfee: Pull complete
32e44235e1d5: Pull complete
Digest: sha256:6784fb0834aa7dbbe12e3d7471e69c290df3e6ba810dc38b34ae33d3c1c05f7d
Status: Downloaded newer image for nginx:latest
docker.io/library/nginx:latest
Starting container my-nginx
a66e712ce9900edf2b1a4f2775b7486e4796461391481d8aad2b59f38efade1d
2025-06-20 15:26:11 - Setup complete
2025-06-20 16:30:57 - Starting setup
Docker already installed
Creating disk file docker_data/disk.img
Pulling Docker image nginx:latest
latest: Pulling from library/nginx
dad67da3f26b: Pulling fs layer
3b00567da964: Pulling fs layer
56b81cfa547d: Pulling fs layer
1bc5dc8b475d: Pulling fs layer
979e6233a40a: Pulling fs layer
d2a7ba8dbfee: Pulling fs layer
32e44235e1d5: Pulling fs layer
979e6233a40a: Waiting
1bc5dc8b475d: Waiting
d2a7ba8dbfee: Waiting
32e44235e1d5: Waiting
56b81cfa547d: Verifying Checksum
56b81cfa547d: Download complete
1bc5dc8b475d: Verifying Checksum
1bc5dc8b475d: Download complete
dad67da3f26b: Verifying Checksum
dad67da3f26b: Download complete
979e6233a40a: Verifying Checksum
979e6233a40a: Download complete
d2a7ba8dbfee: Verifying Checksum
d2a7ba8dbfee: Download complete
32e44235e1d5: Verifying Checksum
32e44235e1d5: Download complete
3b00567da964: Verifying Checksum
3b00567da964: Download complete
dad67da3f26b: Pull complete
3b00567da964: Pull complete
56b81cfa547d: Pull complete
1bc5dc8b475d: Pull complete
979e6233a40a: Pull complete
d2a7ba8dbfee: Pull complete
32e44235e1d5: Pull complete
Digest: sha256:6784fb0834aa7dbbe12e3d7471e69c290df3e6ba810dc38b34ae33d3c1c05f7d
Status: Downloaded newer image for nginx:latest
docker.io/library/nginx:latest
Starting container my-nginx
27179dff76517e503aeb4ad5ef5a660bfff17bb0d330ab7211f706856a8108e5
2025-06-20 16:31:00 - Setup complete
2025-06-20 17:22:06 - Starting setup
Docker already installed
Creating disk file docker_data/disk.img
Pulling Docker image nginx:latest
latest: Pulling from library/nginx
dad67da3f26b: Pulling fs layer
3b00567da964: Pulling fs layer
56b81cfa547d: Pulling fs layer
1bc5dc8b475d: Pulling fs layer
979e6233a40a: Pulling fs layer
d2a7ba8dbfee: Pulling fs layer
32e44235e1d5: Pulling fs layer
1bc5dc8b475d: Waiting
979e6233a40a: Waiting
d2a7ba8dbfee: Waiting
32e44235e1d5: Waiting
56b81cfa547d: Download complete
1bc5dc8b475d: Verifying Checksum
1bc5dc8b475d: Download complete
979e6233a40a: Verifying Checksum
979e6233a40a: Download complete
d2a7ba8dbfee: Verifying Checksum
d2a7ba8dbfee: Download complete
3b00567da964: Verifying Checksum
3b00567da964: Download complete
32e44235e1d5: Verifying Checksum
32e44235e1d5: Download complete
dad67da3f26b: Verifying Checksum
dad67da3f26b: Download complete
dad67da3f26b: Pull complete
3b00567da964: Pull complete
56b81cfa547d: Pull complete
1bc5dc8b475d: Pull complete
979e6233a40a: Pull complete
d2a7ba8dbfee: Pull complete
32e44235e1d5: Pull complete
Digest: sha256:6784fb0834aa7dbbe12e3d7471e69c290df3e6ba810dc38b34ae33d3c1c05f7d
Status: Downloaded newer image for nginx:latest
docker.io/library/nginx:latest
Starting container my-nginx
0017381176b9e6c2eec8da58f0539d7c5aba9c9960772fc52014a7740e5477cb
2025-06-20 17:22:10 - Setup complete
2025-06-20 18:34:37 - Starting setup
Docker already installed
Creating disk file docker_data/disk.img
Pulling Docker image nginx:latest
latest: Pulling from library/nginx
dad67da3f26b: Pulling fs layer
3b00567da964: Pulling fs layer
56b81cfa547d: Pulling fs layer
1bc5dc8b475d: Pulling fs layer
979e6233a40a: Pulling fs layer
d2a7ba8dbfee: Pulling fs layer
32e44235e1d5: Pulling fs layer
d2a7ba8dbfee: Waiting
32e44235e1d5: Waiting
1bc5dc8b475d: Waiting
56b81cfa547d: Verifying Checksum
56b81cfa547d: Download complete
1bc5dc8b475d: Verifying Checksum
1bc5dc8b475d: Download complete
dad67da3f26b: Verifying Checksum
dad67da3f26b: Download complete
979e6233a40a: Verifying Checksum
979e6233a40a: Download complete
d2a7ba8dbfee: Verifying Checksum
d2a7ba8dbfee: Download complete
3b00567da964: Verifying Checksum
3b00567da964: Download complete
32e44235e1d5: Verifying Checksum
32e44235e1d5: Download complete
dad67da3f26b: Pull complete
3b00567da964: Pull complete
56b81cfa547d: Pull complete
1bc5dc8b475d: Pull complete
979e6233a40a: Pull complete
d2a7ba8dbfee: Pull complete
32e44235e1d5: Pull complete
Digest: sha256:6784fb0834aa7dbbe12e3d7471e69c290df3e6ba810dc38b34ae33d3c1c05f7d
Status: Downloaded newer image for nginx:latest
docker.io/library/nginx:latest
Starting container my-nginx
c42062f8f309df6557cea89cc493dceace790a992c4123f2b4930ac11e952fb2
2025-06-20 18:34:40 - Setup complete
2025-06-20 19:19:33 - Starting setup
Docker already installed
Creating disk file docker_data/disk.img
Pulling Docker image nginx:latest
latest: Pulling from library/nginx
dad67da3f26b: Pulling fs layer
3b00567da964: Pulling fs layer
56b81cfa547d: Pulling fs layer
1bc5dc8b475d: Pulling fs layer
979e6233a40a: Pulling fs layer
d2a7ba8dbfee: Pulling fs layer
32e44235e1d5: Pulling fs layer
1bc5dc8b475d: Waiting
32e44235e1d5: Waiting
d2a7ba8dbfee: Waiting
979e6233a40a: Waiting
56b81cfa547d: Verifying Checksum
56b81cfa547d: Download complete
1bc5dc8b475d: Verifying Checksum
1bc5dc8b475d: Download complete
979e6233a40a: Verifying Checksum
979e6233a40a: Download complete
d2a7ba8dbfee: Verifying Checksum
d2a7ba8dbfee: Download complete
32e44235e1d5: Download complete
dad67da3f26b: Verifying Checksum
dad67da3f26b: Download complete
3b00567da964: Verifying Checksum
3b00567da964: Download complete
dad67da3f26b: Pull complete
3b00567da964: Pull complete
56b81cfa547d: Pull complete
1bc5dc8b475d: Pull complete
979e6233a40a: Pull complete
d2a7ba8dbfee: Pull complete
32e44235e1d5: Pull complete
Digest: sha256:6784fb0834aa7dbbe12e3d7471e69c290df3e6ba810dc38b34ae33d3c1c05f7d
Status: Downloaded newer image for nginx:latest
docker.io/library/nginx:latest
Starting container my-nginx
3072c8d52624bc5921a3e1da2266aa2f2af0bab2946221aab441f5d38ae34dc8
2025-06-20 19:19:36 - Setup complete
2025-06-20 20:26:58 - Starting setup
Docker already installed
Creating disk file docker_data/disk.img
Pulling Docker image nginx:latest
latest: Pulling from library/nginx
dad67da3f26b: Pulling fs layer
3b00567da964: Pulling fs layer
56b81cfa547d: Pulling fs layer
1bc5dc8b475d: Pulling fs layer
979e6233a40a: Pulling fs layer
d2a7ba8dbfee: Pulling fs layer
32e44235e1d5: Pulling fs layer
1bc5dc8b475d: Waiting
979e6233a40a: Waiting
d2a7ba8dbfee: Waiting
32e44235e1d5: Waiting
56b81cfa547d: Verifying Checksum
56b81cfa547d: Download complete
1bc5dc8b475d: Verifying Checksum
1bc5dc8b475d: Download complete
979e6233a40a: Verifying Checksum
979e6233a40a: Download complete
d2a7ba8dbfee: Verifying Checksum
d2a7ba8dbfee: Download complete
dad67da3f26b: Verifying Checksum
dad67da3f26b: Download complete
3b00567da964: Verifying Checksum
3b00567da964: Download complete
32e44235e1d5: Verifying Checksum
32e44235e1d5: Download complete
dad67da3f26b: Pull complete
3b00567da964: Pull complete
56b81cfa547d: Pull complete
1bc5dc8b475d: Pull complete
979e6233a40a: Pull complete
d2a7ba8dbfee: Pull complete
32e44235e1d5: Pull complete
Digest: sha256:6784fb0834aa7dbbe12e3d7471e69c290df3e6ba810dc38b34ae33d3c1c05f7d
Status: Downloaded newer image for nginx:latest
docker.io/library/nginx:latest
Starting container my-nginx
6b5ea005c4d01625913d04911e9d7f1b8017a7c9026c3da99a718cb2c47b3d91
2025-06-20 20:27:22 - Setup complete
2025-06-20 21:22:15 - Starting setup
Docker already installed
Creating disk file docker_data/disk.img
Pulling Docker image nginx:latest
latest: Pulling from library/nginx
dad67da3f26b: Pulling fs layer
3b00567da964: Pulling fs layer
56b81cfa547d: Pulling fs layer
1bc5dc8b475d: Pulling fs layer
979e6233a40a: Pulling fs layer
d2a7ba8dbfee: Pulling fs layer
32e44235e1d5: Pulling fs layer
1bc5dc8b475d: Waiting
979e6233a40a: Waiting
d2a7ba8dbfee: Waiting
32e44235e1d5: Waiting
56b81cfa547d: Verifying Checksum
56b81cfa547d: Download complete
1bc5dc8b475d: Verifying Checksum
1bc5dc8b475d: Download complete
dad67da3f26b: Verifying Checksum
dad67da3f26b: Download complete
979e6233a40a: Verifying Checksum
979e6233a40a: Download complete
d2a7ba8dbfee: Verifying Checksum
d2a7ba8dbfee: Download complete
32e44235e1d5: Verifying Checksum
32e44235e1d5: Download complete
3b00567da964: Verifying Checksum
3b00567da964: Download complete
dad67da3f26b: Pull complete
3b00567da964: Pull complete
56b81cfa547d: Pull complete
1bc5dc8b475d: Pull complete
979e6233a40a: Pull complete
d2a7ba8dbfee: Pull complete
32e44235e1d5: Pull complete
Digest: sha256:6784fb0834aa7dbbe12e3d7471e69c290df3e6ba810dc38b34ae33d3c1c05f7d
Status: Downloaded newer image for nginx:latest
docker.io/library/nginx:latest
Starting container my-nginx
e52368e44144695395bd0cd2c4693bd70ee4a80444d14a5a1db6845563c425f2
2025-06-20 21:22:18 - Setup complete
2025-06-20 22:23:46 - Starting setup
Docker already installed
Creating disk file docker_data/disk.img
Pulling Docker image nginx:latest
latest: Pulling from library/nginx
dad67da3f26b: Pulling fs layer
3b00567da964: Pulling fs layer
56b81cfa547d: Pulling fs layer
1bc5dc8b475d: Pulling fs layer
979e6233a40a: Pulling fs layer
d2a7ba8dbfee: Pulling fs layer
32e44235e1d5: Pulling fs layer
979e6233a40a: Waiting
1bc5dc8b475d: Waiting
d2a7ba8dbfee: Waiting
32e44235e1d5: Waiting
56b81cfa547d: Verifying Checksum
56b81cfa547d: Download complete
dad67da3f26b: Verifying Checksum
dad67da3f26b: Download complete
1bc5dc8b475d: Verifying Checksum
1bc5dc8b475d: Download complete
979e6233a40a: Verifying Checksum
979e6233a40a: Download complete
d2a7ba8dbfee: Verifying Checksum
d2a7ba8dbfee: Download complete
32e44235e1d5: Download complete
3b00567da964: Verifying Checksum
3b00567da964: Download complete
dad67da3f26b: Pull complete
3b00567da964: Pull complete
56b81cfa547d: Pull complete
1bc5dc8b475d: Pull complete
979e6233a40a: Pull complete
d2a7ba8dbfee: Pull complete
32e44235e1d5: Pull complete
Digest: sha256:6784fb0834aa7dbbe12e3d7471e69c290df3e6ba810dc38b34ae33d3c1c05f7d
Status: Downloaded newer image for nginx:latest
docker.io/library/nginx:latest
Starting container my-nginx
e8fb4b3c464df622c6bf6a5ea3a4b8880bc64f8cf03750b8c5935102a6888e8b
2025-06-20 22:23:49 - Setup complete
2025-06-20 23:24:10 - Starting setup
Docker already installed
Creating disk file docker_data/disk.img
Pulling Docker image nginx:latest
latest: Pulling from library/nginx
dad67da3f26b: Pulling fs layer
3b00567da964: Pulling fs layer
56b81cfa547d: Pulling fs layer
1bc5dc8b475d: Pulling fs layer
979e6233a40a: Pulling fs layer
d2a7ba8dbfee: Pulling fs layer
32e44235e1d5: Pulling fs layer
979e6233a40a: Waiting
d2a7ba8dbfee: Waiting
32e44235e1d5: Waiting
1bc5dc8b475d: Waiting
56b81cfa547d: Verifying Checksum
56b81cfa547d: Download complete
1bc5dc8b475d: Verifying Checksum
1bc5dc8b475d: Download complete
dad67da3f26b: Verifying Checksum
dad67da3f26b: Download complete
979e6233a40a: Verifying Checksum
979e6233a40a: Download complete
d2a7ba8dbfee: Verifying Checksum
d2a7ba8dbfee: Download complete
32e44235e1d5: Verifying Checksum
32e44235e1d5: Download complete
3b00567da964: Verifying Checksum
3b00567da964: Download complete
dad67da3f26b: Pull complete
3b00567da964: Pull complete
56b81cfa547d: Pull complete
1bc5dc8b475d: Pull complete
979e6233a40a: Pull complete
d2a7ba8dbfee: Pull complete
32e44235e1d5: Pull complete
Digest: sha256:6784fb0834aa7dbbe12e3d7471e69c290df3e6ba810dc38b34ae33d3c1c05f7d
Status: Downloaded newer image for nginx:latest
docker.io/library/nginx:latest
Starting container my-nginx
116aa8f5d75bbc1098261ef9e0c8417dc52cc6d79bc61fb0b33acfd77cc87323
2025-06-20 23:24:13 - Setup complete
2025-06-21 02:00:57 - Starting setup
Docker already installed
Creating disk file docker_data/disk.img
Pulling Docker image nginx:latest
latest: Pulling from library/nginx
dad67da3f26b: Pulling fs layer
3b00567da964: Pulling fs layer
56b81cfa547d: Pulling fs layer
1bc5dc8b475d: Pulling fs layer
979e6233a40a: Pulling fs layer
d2a7ba8dbfee: Pulling fs layer
32e44235e1d5: Pulling fs layer
979e6233a40a: Waiting
d2a7ba8dbfee: Waiting
32e44235e1d5: Waiting
1bc5dc8b475d: Waiting
56b81cfa547d: Verifying Checksum
56b81cfa547d: Download complete
1bc5dc8b475d: Verifying Checksum
1bc5dc8b475d: Download complete
979e6233a40a: Verifying Checksum
979e6233a40a: Download complete
3b00567da964: Verifying Checksum
3b00567da964: Download complete
dad67da3f26b: Verifying Checksum
dad67da3f26b: Download complete
d2a7ba8dbfee: Download complete
32e44235e1d5: Download complete
dad67da3f26b: Pull complete
3b00567da964: Pull complete
56b81cfa547d: Pull complete
1bc5dc8b475d: Pull complete
979e6233a40a: Pull complete
d2a7ba8dbfee: Pull complete
32e44235e1d5: Pull complete
Digest: sha256:6784fb0834aa7dbbe12e3d7471e69c290df3e6ba810dc38b34ae33d3c1c05f7d
Status: Downloaded newer image for nginx:latest
docker.io/library/nginx:latest
Starting container my-nginx
e40255824069fe4f76968ea64621153a7207f1d9befefa812f1ec83b1a08894a
2025-06-21 02:01:02 - Setup complete
2025-06-21 03:47:30 - Starting setup
Docker already installed
Creating disk file docker_data/disk.img
Pulling Docker image nginx:latest
latest: Pulling from library/nginx
dad67da3f26b: Pulling fs layer
3b00567da964: Pulling fs layer
56b81cfa547d: Pulling fs layer
1bc5dc8b475d: Pulling fs layer
979e6233a40a: Pulling fs layer
d2a7ba8dbfee: Pulling fs layer
32e44235e1d5: Pulling fs layer
979e6233a40a: Waiting
1bc5dc8b475d: Waiting
d2a7ba8dbfee: Waiting
32e44235e1d5: Waiting
56b81cfa547d: Verifying Checksum
56b81cfa547d: Download complete
dad67da3f26b: Verifying Checksum
dad67da3f26b: Download complete
1bc5dc8b475d: Verifying Checksum
1bc5dc8b475d: Download complete
3b00567da964: Verifying Checksum
3b00567da964: Download complete
979e6233a40a: Download complete
d2a7ba8dbfee: Verifying Checksum
d2a7ba8dbfee: Download complete
32e44235e1d5: Verifying Checksum
32e44235e1d5: Download complete
dad67da3f26b: Pull complete
3b00567da964: Pull complete
56b81cfa547d: Pull complete
1bc5dc8b475d: Pull complete
979e6233a40a: Pull complete
d2a7ba8dbfee: Pull complete
32e44235e1d5: Pull complete
Digest: sha256:6784fb0834aa7dbbe12e3d7471e69c290df3e6ba810dc38b34ae33d3c1c05f7d
Status: Downloaded newer image for nginx:latest
docker.io/library/nginx:latest
Starting container my-nginx
cea9f2454c6333f15d68640d8a95a2a49402c40be8c475f0d1cdeb3b4d3b8c2f
2025-06-21 03:47:34 - Setup complete
2025-06-21 04:30:06 - Starting setup
Docker already installed
Creating disk file docker_data/disk.img
Pulling Docker image nginx:latest
latest: Pulling from library/nginx
dad67da3f26b: Pulling fs layer
3b00567da964: Pulling fs layer
56b81cfa547d: Pulling fs layer
1bc5dc8b475d: Pulling fs layer
979e6233a40a: Pulling fs layer
d2a7ba8dbfee: Pulling fs layer
32e44235e1d5: Pulling fs layer
979e6233a40a: Waiting
1bc5dc8b475d: Waiting
d2a7ba8dbfee: Waiting
32e44235e1d5: Waiting
56b81cfa547d: Download complete
1bc5dc8b475d: Verifying Checksum
1bc5dc8b475d: Download complete
dad67da3f26b: Verifying Checksum
dad67da3f26b: Download complete
979e6233a40a: Download complete
d2a7ba8dbfee: Verifying Checksum
d2a7ba8dbfee: Download complete
3b00567da964: Verifying Checksum
3b00567da964: Download complete
32e44235e1d5: Verifying Checksum
32e44235e1d5: Download complete
dad67da3f26b: Pull complete
3b00567da964: Pull complete
56b81cfa547d: Pull complete
1bc5dc8b475d: Pull complete
979e6233a40a: Pull complete
d2a7ba8dbfee: Pull complete
32e44235e1d5: Pull complete
Digest: sha256:6784fb0834aa7dbbe12e3d7471e69c290df3e6ba810dc38b34ae33d3c1c05f7d
Status: Downloaded newer image for nginx:latest
docker.io/library/nginx:latest
Starting container my-nginx
2269c4af67c3612e028ef415c4c215590dadb726d3de1434e2b1a9c8b3b16518
2025-06-21 04:30:10 - Setup complete
2025-06-21 05:23:44 - Starting setup
Docker already installed
Creating disk file docker_data/disk.img
Pulling Docker image nginx:latest
latest: Pulling from library/nginx
dad67da3f26b: Pulling fs layer
3b00567da964: Pulling fs layer
56b81cfa547d: Pulling fs layer
1bc5dc8b475d: Pulling fs layer
979e6233a40a: Pulling fs layer
d2a7ba8dbfee: Pulling fs layer
32e44235e1d5: Pulling fs layer
1bc5dc8b475d: Waiting
979e6233a40a: Waiting
32e44235e1d5: Waiting
56b81cfa547d: Verifying Checksum
56b81cfa547d: Download complete
1bc5dc8b475d: Verifying Checksum
1bc5dc8b475d: Download complete
979e6233a40a: Verifying Checksum
979e6233a40a: Download complete
d2a7ba8dbfee: Verifying Checksum
d2a7ba8dbfee: Download complete
dad67da3f26b: Verifying Checksum
dad67da3f26b: Download complete
3b00567da964: Verifying Checksum
3b00567da964: Download complete
32e44235e1d5: Verifying Checksum
32e44235e1d5: Download complete
dad67da3f26b: Pull complete
3b00567da964: Pull complete
56b81cfa547d: Pull complete
1bc5dc8b475d: Pull complete
979e6233a40a: Pull complete
d2a7ba8dbfee: Pull complete
32e44235e1d5: Pull complete
Digest: sha256:6784fb0834aa7dbbe12e3d7471e69c290df3e6ba810dc38b34ae33d3c1c05f7d
Status: Downloaded newer image for nginx:latest
docker.io/library/nginx:latest
Starting container my-nginx
cf603b1b73e6bb0f7970dae576aad445d7329859e486fa9be8407c95dbf8bfc5
2025-06-21 05:23:48 - Setup complete
2025-06-21 06:33:28 - Starting setup
Docker already installed
Creating disk file docker_data/disk.img
Pulling Docker image nginx:latest
latest: Pulling from library/nginx
dad67da3f26b: Pulling fs layer
3b00567da964: Pulling fs layer
56b81cfa547d: Pulling fs layer
1bc5dc8b475d: Pulling fs layer
979e6233a40a: Pulling fs layer
d2a7ba8dbfee: Pulling fs layer
32e44235e1d5: Pulling fs layer
979e6233a40a: Waiting
1bc5dc8b475d: Waiting
d2a7ba8dbfee: Waiting
32e44235e1d5: Waiting
56b81cfa547d: Download complete
dad67da3f26b: Verifying Checksum
dad67da3f26b: Download complete
1bc5dc8b475d: Verifying Checksum
1bc5dc8b475d: Download complete
979e6233a40a: Verifying Checksum
979e6233a40a: Download complete
3b00567da964: Verifying Checksum
3b00567da964: Download complete
d2a7ba8dbfee: Verifying Checksum
d2a7ba8dbfee: Download complete
32e44235e1d5: Verifying Checksum
32e44235e1d5: Download complete
dad67da3f26b: Pull complete
3b00567da964: Pull complete
56b81cfa547d: Pull complete
1bc5dc8b475d: Pull complete
979e6233a40a: Pull complete
d2a7ba8dbfee: Pull complete
32e44235e1d5: Pull complete
Digest: sha256:6784fb0834aa7dbbe12e3d7471e69c290df3e6ba810dc38b34ae33d3c1c05f7d
Status: Downloaded newer image for nginx:latest
docker.io/library/nginx:latest
Starting container my-nginx
e20891683f7a46239ec266b216e65f26b6484a8f235830f56813643aee53e35f
2025-06-21 06:33:33 - Setup complete
2025-06-21 07:22:19 - Starting setup
Docker already installed
Creating disk file docker_data/disk.img
Pulling Docker image nginx:latest
latest: Pulling from library/nginx
dad67da3f26b: Pulling fs layer
3b00567da964: Pulling fs layer
56b81cfa547d: Pulling fs layer
1bc5dc8b475d: Pulling fs layer
979e6233a40a: Pulling fs layer
d2a7ba8dbfee: Pulling fs layer
32e44235e1d5: Pulling fs layer
1bc5dc8b475d: Waiting
979e6233a40a: Waiting
d2a7ba8dbfee: Waiting
32e44235e1d5: Waiting
56b81cfa547d: Verifying Checksum
56b81cfa547d: Download complete
dad67da3f26b: Verifying Checksum
dad67da3f26b: Download complete
1bc5dc8b475d: Verifying Checksum
1bc5dc8b475d: Download complete
3b00567da964: Verifying Checksum
3b00567da964: Download complete
979e6233a40a: Verifying Checksum
979e6233a40a: Download complete
d2a7ba8dbfee: Verifying Checksum
d2a7ba8dbfee: Download complete
32e44235e1d5: Verifying Checksum
32e44235e1d5: Download complete
dad67da3f26b: Pull complete
3b00567da964: Pull complete
56b81cfa547d: Pull complete
1bc5dc8b475d: Pull complete
979e6233a40a: Pull complete
d2a7ba8dbfee: Pull complete
32e44235e1d5: Pull complete
Digest: sha256:6784fb0834aa7dbbe12e3d7471e69c290df3e6ba810dc38b34ae33d3c1c05f7d
Status: Downloaded newer image for nginx:latest
docker.io/library/nginx:latest
Starting container my-nginx
f9f6570b5b4186b87bd3b644cfb43a18ee9d50b98c905f436c5c16400ed1f1ee
2025-06-21 07:22:23 - Setup complete
2025-06-21 08:30:03 - Starting setup
Docker already installed
Creating disk file docker_data/disk.img
Pulling Docker image nginx:latest
latest: Pulling from library/nginx
dad67da3f26b: Pulling fs layer
3b00567da964: Pulling fs layer
56b81cfa547d: Pulling fs layer
1bc5dc8b475d: Pulling fs layer
979e6233a40a: Pulling fs layer
d2a7ba8dbfee: Pulling fs layer
32e44235e1d5: Pulling fs layer
d2a7ba8dbfee: Waiting
979e6233a40a: Waiting
32e44235e1d5: Waiting
56b81cfa547d: Verifying Checksum
56b81cfa547d: Download complete
dad67da3f26b: Download complete
3b00567da964: Verifying Checksum
3b00567da964: Download complete
1bc5dc8b475d: Verifying Checksum
1bc5dc8b475d: Download complete
979e6233a40a: Verifying Checksum
979e6233a40a: Download complete
d2a7ba8dbfee: Verifying Checksum
d2a7ba8dbfee: Download complete
32e44235e1d5: Verifying Checksum
32e44235e1d5: Download complete
dad67da3f26b: Pull complete
3b00567da964: Pull complete
56b81cfa547d: Pull complete
1bc5dc8b475d: Pull complete
979e6233a40a: Pull complete
d2a7ba8dbfee: Pull complete
32e44235e1d5: Pull complete
Digest: sha256:6784fb0834aa7dbbe12e3d7471e69c290df3e6ba810dc38b34ae33d3c1c05f7d
Status: Downloaded newer image for nginx:latest
docker.io/library/nginx:latest
Starting container my-nginx
6d57026f8b58cedc96236d94cb358e4e0c537f2692cc0a2274cdbc1ad18758ab
2025-06-21 08:30:10 - Setup complete
2025-06-21 09:25:52 - Starting setup
Docker already installed
Creating disk file docker_data/disk.img
Pulling Docker image nginx:latest
latest: Pulling from library/nginx
dad67da3f26b: Pulling fs layer
3b00567da964: Pulling fs layer
56b81cfa547d: Pulling fs layer
1bc5dc8b475d: Pulling fs layer
979e6233a40a: Pulling fs layer
d2a7ba8dbfee: Pulling fs layer
32e44235e1d5: Pulling fs layer
1bc5dc8b475d: Waiting
979e6233a40a: Waiting
d2a7ba8dbfee: Waiting
32e44235e1d5: Waiting
56b81cfa547d: Verifying Checksum
56b81cfa547d: Download complete
1bc5dc8b475d: Verifying Checksum
1bc5dc8b475d: Download complete
dad67da3f26b: Download complete
3b00567da964: Verifying Checksum
3b00567da964: Download complete
d2a7ba8dbfee: Verifying Checksum
d2a7ba8dbfee: Download complete
979e6233a40a: Verifying Checksum
979e6233a40a: Download complete
32e44235e1d5: Verifying Checksum
32e44235e1d5: Download complete
dad67da3f26b: Pull complete
3b00567da964: Pull complete
56b81cfa547d: Pull complete
1bc5dc8b475d: Pull complete
979e6233a40a: Pull complete
d2a7ba8dbfee: Pull complete
32e44235e1d5: Pull complete
Digest: sha256:6784fb0834aa7dbbe12e3d7471e69c290df3e6ba810dc38b34ae33d3c1c05f7d
Status: Downloaded newer image for nginx:latest
docker.io/library/nginx:latest
Starting container my-nginx
3f82233245f0a10c8ff342d449dc6bdbd483b40555bebc0559838fa23b274eba
2025-06-21 09:25:58 - Setup complete
2025-06-21 10:25:38 - Starting setup
Docker already installed
Creating disk file docker_data/disk.img
Pulling Docker image nginx:latest
latest: Pulling from library/nginx
dad67da3f26b: Pulling fs layer
3b00567da964: Pulling fs layer
56b81cfa547d: Pulling fs layer
1bc5dc8b475d: Pulling fs layer
979e6233a40a: Pulling fs layer
d2a7ba8dbfee: Pulling fs layer
32e44235e1d5: Pulling fs layer
1bc5dc8b475d: Waiting
979e6233a40a: Waiting
d2a7ba8dbfee: Waiting
32e44235e1d5: Waiting
56b81cfa547d: Verifying Checksum
56b81cfa547d: Download complete
dad67da3f26b: Verifying Checksum
dad67da3f26b: Download complete
3b00567da964: Verifying Checksum
3b00567da964: Download complete
1bc5dc8b475d: Verifying Checksum
1bc5dc8b475d: Download complete
979e6233a40a: Verifying Checksum
979e6233a40a: Download complete
d2a7ba8dbfee: Download complete
32e44235e1d5: Verifying Checksum
32e44235e1d5: Download complete
dad67da3f26b: Pull complete
3b00567da964: Pull complete
56b81cfa547d: Pull complete
1bc5dc8b475d: Pull complete
979e6233a40a: Pull complete
d2a7ba8dbfee: Pull complete
32e44235e1d5: Pull complete
Digest: sha256:6784fb0834aa7dbbe12e3d7471e69c290df3e6ba810dc38b34ae33d3c1c05f7d
Status: Downloaded newer image for nginx:latest
docker.io/library/nginx:latest
Starting container my-nginx
abe9e9cc5577fa82aaf90c2a7fb3a849b3d488db1c8f737c8eb8bd19136e08ec
2025-06-21 10:25:42 - Setup complete
2025-06-21 11:20:51 - Starting setup
Docker already installed
Creating disk file docker_data/disk.img
Pulling Docker image nginx:latest
latest: Pulling from library/nginx
dad67da3f26b: Pulling fs layer
3b00567da964: Pulling fs layer
56b81cfa547d: Pulling fs layer
1bc5dc8b475d: Pulling fs layer
979e6233a40a: Pulling fs layer
d2a7ba8dbfee: Pulling fs layer
32e44235e1d5: Pulling fs layer
979e6233a40a: Waiting
d2a7ba8dbfee: Waiting
32e44235e1d5: Waiting
1bc5dc8b475d: Waiting
56b81cfa547d: Download complete
dad67da3f26b: Verifying Checksum
dad67da3f26b: Download complete
1bc5dc8b475d: Verifying Checksum
1bc5dc8b475d: Download complete
3b00567da964: Verifying Checksum
3b00567da964: Download complete
979e6233a40a: Verifying Checksum
979e6233a40a: Download complete
d2a7ba8dbfee: Verifying Checksum
d2a7ba8dbfee: Download complete
32e44235e1d5: Verifying Checksum
32e44235e1d5: Download complete
dad67da3f26b: Pull complete
3b00567da964: Pull complete
56b81cfa547d: Pull complete
1bc5dc8b475d: Pull complete
979e6233a40a: Pull complete
d2a7ba8dbfee: Pull complete
32e44235e1d5: Pull complete
Digest: sha256:6784fb0834aa7dbbe12e3d7471e69c290df3e6ba810dc38b34ae33d3c1c05f7d
Status: Downloaded newer image for nginx:latest
docker.io/library/nginx:latest
Starting container my-nginx
587c0bfc5556bdcb9496c1d962f4e0471837455682bdc5ca4275db4114701632
2025-06-21 11:20:54 - Setup complete
2025-06-21 12:47:46 - Starting setup
Docker already installed
Creating disk file docker_data/disk.img
Pulling Docker image nginx:latest
latest: Pulling from library/nginx
dad67da3f26b: Pulling fs layer
3b00567da964: Pulling fs layer
56b81cfa547d: Pulling fs layer
1bc5dc8b475d: Pulling fs layer
979e6233a40a: Pulling fs layer
d2a7ba8dbfee: Pulling fs layer
32e44235e1d5: Pulling fs layer
1bc5dc8b475d: Waiting
979e6233a40a: Waiting
d2a7ba8dbfee: Waiting
32e44235e1d5: Waiting
56b81cfa547d: Download complete
1bc5dc8b475d: Download complete
979e6233a40a: Verifying Checksum
979e6233a40a: Download complete
dad67da3f26b: Verifying Checksum
dad67da3f26b: Download complete
3b00567da964: Verifying Checksum
3b00567da964: Download complete
32e44235e1d5: Verifying Checksum
32e44235e1d5: Download complete
d2a7ba8dbfee: Verifying Checksum
d2a7ba8dbfee: Download complete
dad67da3f26b: Pull complete
3b00567da964: Pull complete
56b81cfa547d: Pull complete
1bc5dc8b475d: Pull complete
979e6233a40a: Pull complete
d2a7ba8dbfee: Pull complete
32e44235e1d5: Pull complete
Digest: sha256:6784fb0834aa7dbbe12e3d7471e69c290df3e6ba810dc38b34ae33d3c1c05f7d
Status: Downloaded newer image for nginx:latest
docker.io/library/nginx:latest
Starting container my-nginx
1a8f35d87bd96c3c2cfff66356c7666c4c0260a49adb4b771fc7b6b945bf2646
2025-06-21 12:47:50 - Setup complete
2025-06-21 13:31:04 - Starting setup
Docker already installed
Creating disk file docker_data/disk.img
Pulling Docker image nginx:latest
latest: Pulling from library/nginx
dad67da3f26b: Pulling fs layer
3b00567da964: Pulling fs layer
56b81cfa547d: Pulling fs layer
1bc5dc8b475d: Pulling fs layer
979e6233a40a: Pulling fs layer
d2a7ba8dbfee: Pulling fs layer
32e44235e1d5: Pulling fs layer
1bc5dc8b475d: Waiting
979e6233a40a: Waiting
d2a7ba8dbfee: Waiting
32e44235e1d5: Waiting
56b81cfa547d: Verifying Checksum
56b81cfa547d: Download complete
1bc5dc8b475d: Verifying Checksum
1bc5dc8b475d: Download complete
979e6233a40a: Download complete
dad67da3f26b: Verifying Checksum
dad67da3f26b: Download complete
d2a7ba8dbfee: Verifying Checksum
d2a7ba8dbfee: Download complete
32e44235e1d5: Verifying Checksum
32e44235e1d5: Download complete
3b00567da964: Verifying Checksum
3b00567da964: Download complete
dad67da3f26b: Pull complete
3b00567da964: Pull complete
56b81cfa547d: Pull complete
1bc5dc8b475d: Pull complete
979e6233a40a: Pull complete
d2a7ba8dbfee: Pull complete
32e44235e1d5: Pull complete
Digest: sha256:6784fb0834aa7dbbe12e3d7471e69c290df3e6ba810dc38b34ae33d3c1c05f7d
Status: Downloaded newer image for nginx:latest
docker.io/library/nginx:latest
Starting container my-nginx
a680cc2d30d3ac9764d3e320f4fdeeb3e1268e7b961c76a631d4ef9362a33c70
2025-06-21 13:31:07 - Setup complete
2025-06-21 14:22:39 - Starting setup
Docker already installed
Creating disk file docker_data/disk.img
Pulling Docker image nginx:latest
latest: Pulling from library/nginx
dad67da3f26b: Pulling fs layer
3b00567da964: Pulling fs layer
56b81cfa547d: Pulling fs layer
1bc5dc8b475d: Pulling fs layer
979e6233a40a: Pulling fs layer
d2a7ba8dbfee: Pulling fs layer
32e44235e1d5: Pulling fs layer
979e6233a40a: Waiting
1bc5dc8b475d: Waiting
d2a7ba8dbfee: Waiting
32e44235e1d5: Waiting
56b81cfa547d: Verifying Checksum
56b81cfa547d: Download complete
1bc5dc8b475d: Verifying Checksum
1bc5dc8b475d: Download complete
979e6233a40a: Verifying Checksum
979e6233a40a: Download complete
dad67da3f26b: Verifying Checksum
dad67da3f26b: Download complete
32e44235e1d5: Verifying Checksum
32e44235e1d5: Download complete
d2a7ba8dbfee: Verifying Checksum
d2a7ba8dbfee: Download complete
3b00567da964: Verifying Checksum
3b00567da964: Download complete
dad67da3f26b: Pull complete
3b00567da964: Pull complete
56b81cfa547d: Pull complete
1bc5dc8b475d: Pull complete
979e6233a40a: Pull complete
d2a7ba8dbfee: Pull complete
32e44235e1d5: Pull complete
Digest: sha256:6784fb0834aa7dbbe12e3d7471e69c290df3e6ba810dc38b34ae33d3c1c05f7d
Status: Downloaded newer image for nginx:latest
docker.io/library/nginx:latest
Starting container my-nginx
997c5f789c00dd0039ce5ecc24c65cc33f7c623830971afc6a63cca13c6da4cd
2025-06-21 14:22:42 - Setup complete
2025-06-21 15:23:32 - Starting setup
Docker already installed
Creating disk file docker_data/disk.img
Pulling Docker image nginx:latest
latest: Pulling from library/nginx
dad67da3f26b: Pulling fs layer
3b00567da964: Pulling fs layer
56b81cfa547d: Pulling fs layer
1bc5dc8b475d: Pulling fs layer
979e6233a40a: Pulling fs layer
d2a7ba8dbfee: Pulling fs layer
32e44235e1d5: Pulling fs layer
979e6233a40a: Waiting
1bc5dc8b475d: Waiting
d2a7ba8dbfee: Waiting
32e44235e1d5: Waiting
56b81cfa547d: Verifying Checksum
56b81cfa547d: Download complete
dad67da3f26b: Verifying Checksum
dad67da3f26b: Download complete
1bc5dc8b475d: Verifying Checksum
1bc5dc8b475d: Download complete
3b00567da964: Verifying Checksum
3b00567da964: Download complete
d2a7ba8dbfee: Download complete
979e6233a40a: Download complete
32e44235e1d5: Verifying Checksum
32e44235e1d5: Download complete
dad67da3f26b: Pull complete
3b00567da964: Pull complete
56b81cfa547d: Pull complete
1bc5dc8b475d: Pull complete
979e6233a40a: Pull complete
d2a7ba8dbfee: Pull complete
32e44235e1d5: Pull complete
Digest: sha256:6784fb0834aa7dbbe12e3d7471e69c290df3e6ba810dc38b34ae33d3c1c05f7d
Status: Downloaded newer image for nginx:latest
docker.io/library/nginx:latest
Starting container my-nginx
a38cceb5dd0d3d8bf32f69f520365a8272bd386c634f57936701c7ea3cdd0a71
2025-06-21 15:23:36 - Setup complete
2025-06-21 16:29:02 - Starting setup
Docker already installed
Creating disk file docker_data/disk.img
Pulling Docker image nginx:latest
latest: Pulling from library/nginx
dad67da3f26b: Pulling fs layer
3b00567da964: Pulling fs layer
56b81cfa547d: Pulling fs layer
1bc5dc8b475d: Pulling fs layer
979e6233a40a: Pulling fs layer
d2a7ba8dbfee: Pulling fs layer
32e44235e1d5: Pulling fs layer
979e6233a40a: Waiting
32e44235e1d5: Waiting
1bc5dc8b475d: Waiting
d2a7ba8dbfee: Waiting
56b81cfa547d: Verifying Checksum
56b81cfa547d: Download complete
1bc5dc8b475d: Verifying Checksum
1bc5dc8b475d: Download complete
3b00567da964: Verifying Checksum
3b00567da964: Download complete
dad67da3f26b: Verifying Checksum
979e6233a40a: Verifying Checksum
979e6233a40a: Download complete
32e44235e1d5: Verifying Checksum
32e44235e1d5: Download complete
d2a7ba8dbfee: Verifying Checksum
d2a7ba8dbfee: Download complete
dad67da3f26b: Pull complete
3b00567da964: Pull complete
56b81cfa547d: Pull complete
1bc5dc8b475d: Pull complete
979e6233a40a: Pull complete
d2a7ba8dbfee: Pull complete
32e44235e1d5: Pull complete
Digest: sha256:6784fb0834aa7dbbe12e3d7471e69c290df3e6ba810dc38b34ae33d3c1c05f7d
Status: Downloaded newer image for nginx:latest
docker.io/library/nginx:latest
Starting container my-nginx
88993e378a504e7b89758f2984fb5ddbfc160e33c395b2961058af61e4a7ab73
2025-06-21 16:29:07 - Setup complete
2025-06-21 17:20:40 - Starting setup
Docker already installed
Creating disk file docker_data/disk.img
Pulling Docker image nginx:latest
latest: Pulling from library/nginx
dad67da3f26b: Pulling fs layer
3b00567da964: Pulling fs layer
56b81cfa547d: Pulling fs layer
1bc5dc8b475d: Pulling fs layer
979e6233a40a: Pulling fs layer
d2a7ba8dbfee: Pulling fs layer
32e44235e1d5: Pulling fs layer
979e6233a40a: Waiting
d2a7ba8dbfee: Waiting
32e44235e1d5: Waiting
1bc5dc8b475d: Waiting
56b81cfa547d: Verifying Checksum
56b81cfa547d: Download complete
1bc5dc8b475d: Verifying Checksum
1bc5dc8b475d: Download complete
979e6233a40a: Verifying Checksum
979e6233a40a: Download complete
dad67da3f26b: Verifying Checksum
dad67da3f26b: Download complete
d2a7ba8dbfee: Verifying Checksum
d2a7ba8dbfee: Download complete
3b00567da964: Verifying Checksum
3b00567da964: Download complete
32e44235e1d5: Verifying Checksum
32e44235e1d5: Download complete
dad67da3f26b: Pull complete
3b00567da964: Pull complete
56b81cfa547d: Pull complete
1bc5dc8b475d: Pull complete
979e6233a40a: Pull complete
d2a7ba8dbfee: Pull complete
32e44235e1d5: Pull complete
Digest: sha256:6784fb0834aa7dbbe12e3d7471e69c290df3e6ba810dc38b34ae33d3c1c05f7d
Status: Downloaded newer image for nginx:latest
docker.io/library/nginx:latest
Starting container my-nginx
0a6d88d54bff44746d30222553f6a9b0c93c7ec11f0e341d0f17b7ec64417e0b
2025-06-21 17:20:43 - Setup complete
2025-06-21 18:31:39 - Starting setup
Docker already installed
Creating disk file docker_data/disk.img
Pulling Docker image nginx:latest
latest: Pulling from library/nginx
dad67da3f26b: Pulling fs layer
3b00567da964: Pulling fs layer
56b81cfa547d: Pulling fs layer
1bc5dc8b475d: Pulling fs layer
979e6233a40a: Pulling fs layer
d2a7ba8dbfee: Pulling fs layer
32e44235e1d5: Pulling fs layer
1bc5dc8b475d: Waiting
979e6233a40a: Waiting
d2a7ba8dbfee: Waiting
32e44235e1d5: Waiting
56b81cfa547d: Download complete
1bc5dc8b475d: Verifying Checksum
1bc5dc8b475d: Download complete
dad67da3f26b: Verifying Checksum
dad67da3f26b: Download complete
979e6233a40a: Verifying Checksum
979e6233a40a: Download complete
3b00567da964: Verifying Checksum
3b00567da964: Download complete
d2a7ba8dbfee: Verifying Checksum
d2a7ba8dbfee: Download complete
32e44235e1d5: Verifying Checksum
32e44235e1d5: Download complete
dad67da3f26b: Pull complete
3b00567da964: Pull complete
56b81cfa547d: Pull complete
1bc5dc8b475d: Pull complete
979e6233a40a: Pull complete
d2a7ba8dbfee: Pull complete
32e44235e1d5: Pull complete
Digest: sha256:6784fb0834aa7dbbe12e3d7471e69c290df3e6ba810dc38b34ae33d3c1c05f7d
Status: Downloaded newer image for nginx:latest
docker.io/library/nginx:latest
Starting container my-nginx
ecbbab8fa2797fd5a71c95720dc9c3e58f802642d816951a497d83b66c4e752e
2025-06-21 18:31:43 - Setup complete
2025-06-21 19:19:21 - Starting setup
Docker already installed
Creating disk file docker_data/disk.img
Pulling Docker image nginx:latest
latest: Pulling from library/nginx
dad67da3f26b: Pulling fs layer
3b00567da964: Pulling fs layer
56b81cfa547d: Pulling fs layer
1bc5dc8b475d: Pulling fs layer
979e6233a40a: Pulling fs layer
d2a7ba8dbfee: Pulling fs layer
32e44235e1d5: Pulling fs layer
979e6233a40a: Waiting
d2a7ba8dbfee: Waiting
32e44235e1d5: Waiting
1bc5dc8b475d: Waiting
56b81cfa547d: Verifying Checksum
56b81cfa547d: Download complete
1bc5dc8b475d: Download complete
dad67da3f26b: Verifying Checksum
dad67da3f26b: Download complete
3b00567da964: Verifying Checksum
3b00567da964: Download complete
979e6233a40a: Verifying Checksum
979e6233a40a: Download complete
d2a7ba8dbfee: Verifying Checksum
d2a7ba8dbfee: Download complete
32e44235e1d5: Verifying Checksum
32e44235e1d5: Download complete
dad67da3f26b: Pull complete
3b00567da964: Pull complete
56b81cfa547d: Pull complete
1bc5dc8b475d: Pull complete
979e6233a40a: Pull complete
d2a7ba8dbfee: Pull complete
32e44235e1d5: Pull complete
Digest: sha256:6784fb0834aa7dbbe12e3d7471e69c290df3e6ba810dc38b34ae33d3c1c05f7d
Status: Downloaded newer image for nginx:latest
docker.io/library/nginx:latest
Starting container my-nginx
786712b853a4d566d0488770f1f970aa51e9d5ebe6cc0df1ad66169d7b7ac458
2025-06-21 19:19:26 - Setup complete
